Date,spread,beta,beta_posterior,alpha_posterior,zscore,position,position_lagged
2015-01-01,,,,,,0.0,
2015-01-02,,,,,,0.0,0.0
2015-01-05,,,,,,0.0,0.0
2015-01-06,,,,,,0.0,0.0
2015-01-07,,,,,,0.0,0.0
2015-01-08,,,,,,0.0,0.0
2015-01-09,,,,,,0.0,0.0
2015-01-12,,,,,,0.0,0.0
2015-01-13,,,,,,0.0,0.0
2015-01-14,,,,,,0.0,0.0
2015-01-15,,,,,,0.0,0.0
2015-01-16,,,,,,0.0,0.0
2015-01-19,,,,,,0.0,0.0
2015-01-20,,,,,,0.0,0.0
2015-01-21,,,,,,0.0,0.0
2015-01-22,,,,,,0.0,0.0
2015-01-23,,,,,,0.0,0.0
2015-01-27,,,,,,0.0,0.0
2015-01-28,,,,,,0.0,0.0
2015-01-29,,,,,,0.0,0.0
2015-01-30,,,,,,0.0,0.0
2015-02-02,,,,,,0.0,0.0
2015-02-03,,,,,,0.0,0.0
2015-02-04,,,,,,0.0,0.0
2015-02-05,,,,,,0.0,0.0
2015-02-06,,,,,,0.0,0.0
2015-02-09,,,,,,0.0,0.0
2015-02-10,,,,,,0.0,0.0
2015-02-11,,,,,,0.0,0.0
2015-02-12,,,,,,0.0,0.0
2015-02-13,,,,,,0.0,0.0
2015-02-16,,,,,,0.0,0.0
2015-02-18,,,,,,0.0,0.0
2015-02-19,,,,,,0.0,0.0
2015-02-20,,,,,,0.0,0.0
2015-02-23,,,,,,0.0,0.0
2015-02-24,,,,,,0.0,0.0
2015-02-25,,,,,,0.0,0.0
2015-02-26,,,,,,0.0,0.0
2015-02-27,,,,,,0.0,0.0
2015-03-02,,,,,,0.0,0.0
2015-03-03,,,,,,0.0,0.0
2015-03-04,,,,,,0.0,0.0
2015-03-05,,,,,,0.0,0.0
2015-03-09,,,,,,0.0,0.0
2015-03-10,,,,,,0.0,0.0
2015-03-11,,,,,,0.0,0.0
2015-03-12,,,,,,0.0,0.0
2015-03-13,,,,,,0.0,0.0
2015-03-16,,,,,,0.0,0.0
2015-03-17,,,,,,0.0,0.0
2015-03-18,,,,,,0.0,0.0
2015-03-19,,,,,,0.0,0.0
2015-03-20,,,,,,0.0,0.0
2015-03-23,,,,,,0.0,0.0
2015-03-24,,,,,,0.0,0.0
2015-03-25,,,,,,0.0,0.0
2015-03-26,,,,,,0.0,0.0
2015-03-27,,,,,,0.0,0.0
2015-03-30,,,0.1611115005908752,4.6624694776792825,,0.0,0.0
2015-03-31,-0.0110003954883461,0.1611115005908752,0.1590283042464706,4.662041759693328,,0.0,0.0
2015-04-01,0.0041509607689045,0.1590283042464706,0.1594466067585428,4.662112674452439,,0.0,0.0
2015-04-06,-0.003456613225591,0.1594466067585428,0.1591931657724294,4.662080414489052,,0.0,0.0
2015-04-07,-0.000169909221225,0.1591931657724294,0.1591829089663482,4.662078799160056,,0.0,0.0
2015-04-08,0.0043497817959758,0.1591829089663482,0.1594163368358147,4.662124721278836,,0.0,0.0
2015-04-09,0.0160930343381631,0.1594163368358147,0.1602501887846837,4.662186317529521,,0.0,0.0
2015-04-10,2.7316718513858973e-06,0.1602501887846837,0.1602503235432437,4.662186333582691,,0.0,0.0
2015-04-13,-0.0062899807054419,0.1602503235432437,0.1599445597164898,4.66215989101596,,0.0,0.0
2015-04-15,-0.0114635288167219,0.1599445597164898,0.1593984653192201,4.662096328677489,,0.0,0.0
2015-04-16,-0.007788864296347,0.1593984653192201,0.1590367790250655,4.662025527181585,,0.0,0.0
2015-04-17,-0.0134499562962657,0.1590367790250655,0.1584256650441824,4.6618564003418514,,0.0,0.0
2015-04-20,-0.0214715896220569,0.1584256650441824,0.1574565453233587,4.661565614880436,,0.0,0.0
2015-04-21,-0.0164410364725116,0.1574565453233587,0.1567190190009556,4.661325891370792,,0.0,0.0
2015-04-22,-0.0036355005541555,0.1567190190009556,0.1565540138191503,4.661281129065882,,0.0,0.0
2015-04-23,-0.0041350195803273,0.1565540138191503,0.1563640644387924,4.661240219734831,,0.0,0.0
2015-04-24,-0.0090809190933365,0.1563640644387924,0.1559491681346117,4.661142020277598,,0.0,0.0
2015-04-27,-0.0043184810066252,0.1559491681346117,0.1557552413003461,4.661081151111745,,0.0,0.0
2015-04-28,-0.0048098455422289,0.1557552413003461,0.1555372028463919,4.661021528529721,,0.0,0.0
2015-04-29,-0.0136704920674111,0.1555372028463919,0.1549198572529874,4.660841903975983,,0.0,0.0
2015-04-30,-0.0152267974250115,0.1549198572529874,0.1542276378406151,4.660660613955859,,0.0,0.0
2015-05-04,-0.0001321124723103,0.1542276378406151,0.1542215922853966,4.660659210150578,,0.0,0.0
2015-05-05,-0.0229112139797722,0.1542215922853966,0.1531198697551664,4.660643447042975,,0.0,0.0
2015-05-06,-0.02690045536254,0.1531198697551664,0.151893629363654,4.660349438198522,,0.0,0.0
2015-05-07,-0.0357715710699766,0.151893629363654,0.1503024544626702,4.659786549643898,,0.0,0.0
2015-05-08,0.001869290669493,0.1503024544626702,0.1503874981657927,4.659808408045392,,0.0,0.0
2015-05-11,0.0087725325067369,0.1503874981657927,0.1507901166602717,4.659896268200969,,0.0,0.0
2015-05-12,-0.0096956370366427,0.1507901166602717,0.1503505012171242,4.65977681022664,,0.0,0.0
2015-05-13,0.0086597219738013,0.1503505012171242,0.1507502537343611,4.659853889396176,,0.0,0.0
2015-05-14,0.0090956171057783,0.1507502537343611,0.1511658822042772,4.659952126742142,,0.0,0.0
2015-05-15,0.0040008693844164,0.1511658822042772,0.1513510569095339,4.659985429936564,,0.0,0.0
2015-05-18,0.0205998100185302,0.1513510569095339,0.1523143930311637,4.66011317974588,,0.0,0.0
2015-05-19,0.0120243304744667,0.1523143930311637,0.1528785659354413,4.660178220585897,,0.0,0.0
2015-05-20,0.0246035756237361,0.1528785659354413,0.1540319798333976,4.660312482116379,,0.0,0.0
2015-05-21,0.0180132911793382,0.1540319798333976,0.1548785274227891,4.660400349190125,,0.0,0.0
2015-05-22,0.0144938561954308,0.1548785274227891,0.1555518050574046,4.660503517719203,,0.0,0.0
2015-05-25,0.0117160678729906,0.1555518050574046,0.1560907203283069,4.660609967241876,,0.0,0.0
2015-05-26,0.01188800954825,0.1560907203283069,0.1566399974891531,4.660708411073674,,0.0,0.0
2015-05-27,0.0203870515166553,0.1566399974891531,0.15757639080373,4.660901430297225,,0.0,0.0
2015-05-28,0.0078617537542502,0.15757639080373,0.1579362110728287,4.660981719258765,,0.0,0.0
2015-05-29,0.0227965854370708,0.1579362110728287,0.1590007115353193,4.661125185727206,,0.0,0.0
2015-06-01,0.0043931909832579,0.1590007115353193,0.1592042188971356,4.661159366648908,,0.0,0.0
2015-06-02,-0.0195726137809977,0.1592042188971356,0.1583177304700095,4.6609208475281925,,0.0,0.0
2015-06-03,-0.0166500162253813,0.1583177304700095,0.1575669244329732,4.660701364590844,,0.0,0.0
2015-06-04,-0.005665149140194,0.1575669244329732,0.1573070126579976,4.660645025912173,,0.0,0.0
2015-06-05,-0.0064906007060354,0.1573070126579976,0.157010686160753,4.660574430181625,,0.0,0.0
2015-06-08,-0.0127990049665838,0.157010686160753,0.1564265532610121,4.660434124287563,,0.0,0.0
2015-06-09,-0.0088391481148804,0.1564265532610121,0.1560280499313506,4.660316065240811,,0.0,0.0
2015-06-10,0.0064290853535347,0.1560280499313506,0.1563201233870443,4.660393054151126,,0.0,0.0
2015-06-11,-0.0039350386857011,0.1563201233870443,0.1561472586273577,4.660320650887169,,0.0,0.0
2015-06-12,0.0022447928983115,0.1561472586273577,0.1562491850489455,4.660348361248644,,0.0,0.0
2015-06-15,0.000370239624404,0.1562491850489455,0.1562658047319936,4.660353730806244,,0.0,0.0
2015-06-16,0.0035293769553845,0.1562658047319936,0.1564251835930685,4.660401074925854,,0.0,0.0
2015-06-17,-0.0016814585950033,0.1564251835930685,0.1563485764431877,4.660381381972746,,0.0,0.0
2015-06-18,0.0118390417189804,0.1563485764431877,0.1568942050676338,4.6604929480492485,,0.0,0.0
2015-06-19,0.017235240788918,0.1568942050676338,0.1576991507798824,4.660608338003642,,0.0,0.0
2015-06-22,0.0257243255525843,0.1576991507798824,0.158918899941979,4.660698043056305,,0.0,0.0
2015-06-23,0.0217506835241483,0.158918899941979,0.1599565651662069,4.660741840603361,,0.0,0.0
2015-06-24,0.0102067370043457,0.1599565651662069,0.1604399096521515,4.660775698540945,,0.0,0.0
2015-06-25,0.0233638349963039,0.1604399096521515,0.1615534371045036,4.660820102397875,,0.0,0.0
2015-06-26,0.0188471250770456,0.1615534371045036,0.1624291582040478,4.660950662156826,,0.0,0.0
2015-06-29,0.0099573462237936,0.1624291582040478,0.1628872192423484,4.6610402960225015,0.6504457259341568,0.0,0.0
2015-06-30,0.0154535516552529,0.1628872192423484,0.163606106939658,4.661146694174946,1.0200867037119274,0.0,0.0
2015-07-01,0.0140382108257357,0.163606106939658,0.1642663668299235,4.661212000076056,0.8980094025160611,0.0,0.0
2015-07-02,0.001784523189066,0.1642663668299235,0.1643511763787133,4.661216318330685,0.008759556839810985,0.0,0.0
2015-07-03,0.0171589542556196,0.1643511763787133,0.165156495576369,4.661299248879911,1.090270461611585,0.0,0.0
2015-07-06,0.0199285564162687,0.165156495576369,0.1660952625252515,4.661379947081558,1.258362330380547,0.0,0.0
2015-07-07,0.0203915992610861,0.1660952625252515,0.167039299669676,4.661533280171894,1.2797275145331244,0.0,0.0
2015-07-08,0.0002028060449621,0.167039299669676,0.1670486067019476,4.661535176474713,-0.14446110728720413,0.0,0.0
2015-07-09,0.0054576195414304,0.1670486067019476,0.1672986089070129,4.661588739796503,0.20894755214156135,0.0,0.0
2015-07-10,0.0186040121715667,0.1672986089070129,0.1681561528175459,4.661749532501798,1.1016747976712913,0.0,0.0
2015-07-13,0.0178160189625735,0.1681561528175459,0.168982471497456,4.661881395017361,1.0112332453723438,0.0,0.0
2015-07-14,0.0106774397183162,0.168982471497456,0.1694738839373662,4.6619765783871605,0.4849346403140388,0.0,0.0
2015-07-15,0.0122007032237991,0.1694738839373662,0.1700363399801227,4.662081521828112,0.567122684392334,0.0,0.0
2015-07-16,0.0188158110534999,0.1700363399801227,0.1709335747120415,4.662113065244668,1.0184385628923927,0.0,0.0
2015-07-17,0.0124532663141874,0.1709335747120415,0.1715160404214324,4.662180555241675,0.5304211447356368,0.0,0.0
2015-07-20,0.0129018938813825,0.1715160404214324,0.1721191814028849,4.662251327957211,0.5435598711521962,0.0,0.0
2015-07-21,-0.0019507891835495,0.1721191814028849,0.1720301369555966,4.662231260897965,-0.5520789281620895,0.0,0.0
2015-07-22,0.0113923218026652,0.1720301369555966,0.17255628029279,4.662323130690829,0.4097390965528845,0.0,0.0
2015-07-23,0.0048096181677763,0.17255628029279,0.1727758485281893,4.662373160383412,-0.08654494440001208,0.0,0.0
2015-07-24,0.0025846697532649,0.1727758485281893,0.1728946907215699,4.6623965424139415,-0.27541014662173,0.0,0.0
2015-07-27,-0.0065907550164112,0.1728946907215699,0.1725953822866659,4.662320544201319,-0.9971413458171638,0.0,0.0
2015-07-28,0.0030048228411372,0.1725953822866659,0.1727347433550277,4.662342734240943,-0.2623403678684814,0.0,0.0
2015-07-29,0.0029726628367727,0.1727347433550277,0.1728716762711678,4.662368541768715,-0.31027908624309936,0.0,0.0
2015-07-30,0.0064421503951823,0.1728716762711678,0.1731648251683391,4.662440203181403,-0.08235751818187718,0.0,0.0
2015-07-31,0.011155233365601,0.1731648251683391,0.173659589289492,4.662621363482096,0.286766681804821,0.0,0.0
2015-08-03,-0.004886832637724,0.173659589289492,0.1734423459152247,4.662543150787556,-1.252367296448188,0.0,0.0
2015-08-04,-0.0121069447659714,0.1734423459152247,0.1728989516769276,4.662370378215922,-1.8926243963458833,0.0,0.0
2015-08-05,-0.0042437101941112,0.1728989516769276,0.1727070437621429,4.662315922292669,-1.1430890296389848,0.0,0.0
2015-08-06,-0.003496498202927,0.1727070437621429,0.1725451098515948,4.6622877452966085,-1.0421508151063281,0.0,0.0
2015-08-07,-0.0052432979815648,0.1725451098515948,0.1723033766647785,4.662241493890753,-1.1735060048875507,0.0,0.0
2015-08-10,-0.0027348188277169,0.1723033766647785,0.1721770260870091,4.662218721765695,-0.9203491206904383,0.0,0.0
2015-08-11,-0.0014073859268286,0.1721770260870091,0.1721123164951784,4.662205716615763,-0.7693047504202943,0.0,0.0
2015-08-12,-0.0188845648517403,0.1721123164951784,0.1712657292351074,4.6619365298305535,-2.3314526535363385,1.0,0.0
2015-08-13,-0.0089878245120518,0.1712657292351074,0.1708575337576233,4.66183001030778,-1.339361432815323,1.0,1.0
2015-08-14,0.0088437417359932,0.1708575337576233,0.171274982777436,4.661866004992747,0.281923136961999,0.0,1.0
2015-08-17,-0.0031555149504498,0.171274982777436,0.1711266959042987,4.661851018392063,-0.7731200535386559,0.0,0.0
2015-08-18,-0.0036030441343282,0.1711266959042987,0.170961555958804,4.661816063222363,-0.789032446106418,0.0,0.0
2015-08-19,-0.0086637938479334,0.170961555958804,0.1705602858693839,4.661749676804222,-1.211602389262406,0.0,0.0
2015-08-20,-0.009623666360448,0.1705602858693839,0.1701242687236338,4.661633586222916,-1.2587226658270991,0.0,0.0
2015-08-21,-0.0175834900728988,0.1701242687236338,0.1693349802471269,4.6613870707049685,-1.9153546113570616,0.0,0.0
2015-08-24,-0.0438316684624044,0.1693349802471269,0.1674720953709275,4.660310685383539,-4.127463058203112,1.0,0.0
2015-08-25,-0.0321746965637013,0.1674720953709275,0.166094179998525,4.659553558842632,-2.685975670563673,1.0,1.0
2015-08-26,-0.0264146751430436,0.166094179998525,0.1649647816826186,4.658918284188682,-2.1513969870780945,1.0,1.0
2015-08-27,-0.0178585970601723,0.1649647816826186,0.1641574117964348,4.65867486234697,-1.4727747944302696,1.0,1.0
2015-08-28,-0.0072366838329616,0.1641574117964348,0.163830397002684,4.658576834152632,-0.6765274959648466,1.0,1.0
2015-08-31,-0.0071085445379175,0.163830397002684,0.1635056613323664,4.658496390201957,-0.6660833707855451,1.0,1.0
2015-09-01,-0.022618896579174,0.1635056613323664,0.1625327798752778,4.657982529134598,-1.7922403652089605,1.0,1.0
2015-09-02,-0.0210505850157387,0.1625327798752778,0.1616194015159106,4.6575329933084735,-1.6280955165062314,1.0,1.0
2015-09-03,-0.0059250409033753,0.1616194015159106,0.1613502135384054,4.657457560915905,-0.5201474292590578,1.0,1.0
2015-09-04,-0.0133134558191674,0.1613502135384054,0.1607644139274953,4.657208189976498,-1.0262649281280884,1.0,1.0
2015-09-07,-0.0204663025857358,0.1607644139274953,0.1598624502807491,4.656829053047721,-1.4881633193495911,1.0,1.0
2015-09-08,-0.0012318285499564,0.1598624502807491,0.1598056823884959,4.656816760468642,-0.14822233665388848,0.0,1.0
2015-09-09,0.007538917555081,0.1598056823884959,0.1601609798010768,4.656856754376921,0.44533323756667426,0.0,0.0
2015-09-10,0.0004002798733626,0.1601609798010768,0.1601797470373226,4.65685919180703,-0.043694430753697326,0.0,0.0
2015-09-11,0.0008367190163509,0.1601797470373226,0.160218544890617,4.656866027672127,-0.0017017650192852267,0.0,0.0
2015-09-14,0.0060669886344708,0.160218544890617,0.1605058257866612,4.656889749445532,0.3724932490384208,0.0,0.0
2015-09-15,-0.0003598809330709,0.1605058257866612,0.1604890563536797,4.6568872274728665,-0.043265687287941876,0.0,0.0
2015-09-16,0.0094906935860716,0.1604890563536797,0.1609306957596347,4.656956236135354,0.6820566865260391,0.0,0.0
2015-09-18,0.0286856018733807,0.1609306957596347,0.1622959430958558,4.6570332549925215,2.0481741737405366,-1.0,0.0
2015-09-21,0.0230252744147998,0.1622959430958558,0.1633956041833462,4.657074861448517,1.6202191302477353,-1.0,-1.0
2015-09-22,0.001889912961543,0.1633956041833462,0.1634819570007464,4.65709494977939,0.12913018817798075,0.0,-1.0
2015-09-23,0.0152816682212639,0.1634819570007464,0.1641992736059027,4.657177342315314,1.0770551150073637,0.0,0.0
2015-09-24,0.0148480959391559,0.1641992736059027,0.1648883608338791,4.657290710383583,1.0471187260527492,0.0,0.0
2015-09-28,0.0100116727192043,0.1648883608338791,0.1653423656220412,4.657413491029241,0.7066511234832251,0.0,0.0
2015-09-29,0.0224587854789577,0.1653423656220412,0.1663819468789526,4.657600678229897,1.561924420397707,0.0,0.0
2015-09-30,0.0218359756080364,0.1663819468789526,0.167385866953286,4.657811799014983,1.4995045741444575,0.0,0.0
2015-10-01,0.0175540479591713,0.167385866953286,0.1681838425943282,4.658021313492152,1.19752930251095,0.0,0.0
2015-10-05,0.0386543323903367,0.1681838425943282,0.1699813347490931,4.658310884909978,2.665996928852881,-1.0,0.0
2015-10-06,0.0175633285417822,0.1699813347490931,0.1707993174883879,4.658435574503109,1.0990036881559535,-1.0,-1.0
2015-10-07,0.0138785775988736,0.1707993174883879,0.171448478189417,4.658521065488851,0.8369325414638156,-1.0,-1.0
2015-10-08,0.008143683323647,0.171448478189417,0.1718237682483893,4.658595104548259,0.4727222391227449,0.0,-1.0
2015-10-09,0.0075113828212973,0.1718237682483893,0.1721730449440096,4.658650074789229,0.44581859263249174,0.0,0.0
2015-10-12,-8.019344833698483e-05,0.1721730449440096,0.1721693109834084,4.658649512357783,-0.0497269121612922,0.0,0.0
2015-10-13,-0.0023885250563031,0.1721693109834084,0.1720594604632882,4.6586269000356335,-0.18918733195098839,0.0,0.0
2015-10-14,0.0067841149889185,0.1720594604632882,0.1723699617455153,4.658698011644381,0.4468184154821189,0.0,0.0
2015-10-15,0.0044907531812095,0.1723699617455153,0.172576000384286,4.658743159505093,0.30069759073753943,0.0,0.0
2015-10-16,0.0164644066860208,0.172576000384286,0.1733390485601944,4.658875737522729,1.122253113176669,0.0,0.0
2015-10-19,0.0108141810689028,0.1733390485601944,0.1738385759445254,4.658969572160969,0.7117734328690892,0.0,0.0
2015-10-20,0.0067796197750915,0.1738385759445254,0.1741493073825911,4.65903893101925,0.4423552513164708,0.0,0.0
2015-10-21,0.0046116289688642,0.1741493073825911,0.1743617685665274,4.659081506746366,0.29460343994511723,0.0,0.0
2015-10-23,0.0135185413827318,0.1743617685665274,0.1749928855658458,4.659169966991498,0.8883422112053978,0.0,0.0
2015-10-26,0.0048829200024993,0.1749928855658458,0.1752188296870223,4.659210313689456,0.28658341728589337,0.0,0.0
2015-10-27,0.0126221349733128,0.1752188296870223,0.1758007431267571,4.659323897021567,0.7997212141819982,0.0,0.0
2015-10-28,0.0073067151915244,0.1758007431267571,0.1761432901878284,4.659364877641614,0.43283141216924476,0.0,0.0
2015-10-29,0.0003765133936388,0.1761432901878284,0.176160653988301,4.65936821263769,-0.02723811605101983,0.0,0.0
2015-10-30,-0.0094625090705378,0.176160653988301,0.1757085002786345,4.6593532386085705,-0.6696453788023188,0.0,0.0
2015-11-02,-0.0220493719676255,0.1757085002786345,0.1746668922368208,4.659270275071313,-1.4975604496315496,0.0,0.0
2015-11-03,-0.0143185043769733,0.1746668922368208,0.1739984441460897,4.659182521211262,-0.9614604190340349,0.0,0.0
2015-11-04,-0.0112714963128119,0.1739984441460897,0.1734824031985478,4.659068635416261,-0.7457654365632096,0.0,0.0
2015-11-05,-0.0045092540175097,0.1734824031985478,0.1732830668236768,4.6589913650841135,-0.2964201022798038,0.0,0.0
2015-11-06,-0.0040553996497312,0.1732830668236768,0.173100107547578,4.658936937563434,-0.2678946510455967,0.0,0.0
2015-11-09,-0.0190633035988616,0.173100107547578,0.1722306231229039,4.658721127190401,-1.2380701138472023,0.0,0.0
2015-11-10,-0.0207406683335218,0.1722306231229039,0.1713033363360487,4.65840467108008,-1.311035636623901,0.0,0.0
2015-11-13,-0.024263183627518,0.1713033363360487,0.1701691416359066,4.658248185430937,-1.5304292097155339,0.0,0.0
2015-11-16,-0.0125328959184223,0.1701691416359066,0.1695770939329257,4.65819677324839,-0.7533122948858607,0.0,0.0
2015-11-17,-0.009231246211014,0.1695770939329257,0.169145298562402,4.658141768189234,-0.5230591261650791,0.0,0.0
2015-11-18,-0.017536974366112,0.169145298562402,0.168334020360422,4.657998757381013,-1.0345521330363983,0.0,0.0
2015-11-19,0.0034407896783292,0.168334020360422,0.1684953049656285,4.65801758746313,0.28810716651837376,0.0,0.0
2015-11-20,0.0044034082564214,0.1684953049656285,0.1687007882164822,4.658045429377482,0.3356324600337838,0.0,0.0
2015-11-23,-0.0015701166970041,0.1687007882164822,0.1686275803763787,4.658035277881801,-0.04937874614580522,0.0,0.0
2015-11-24,-0.0011865110090409,0.1686275803763787,0.1685730056647378,4.658024335251929,-0.04252919558488276,0.0,0.0
2015-11-26,-0.0031640054630468,0.1685730056647378,0.1684257148583041,4.658002724190259,-0.22592135864569426,0.0,0.0
2015-11-27,0.0086999901880586,0.1684257148583041,0.1688378684069902,4.658030217911406,0.5607603488324192,0.0,0.0
2015-11-30,0.0066630228730266,0.1688378684069902,0.1691481108327137,4.658074301924453,0.38857811169989087,0.0,0.0
2015-12-01,0.0108695995373295,0.1691481108327137,0.1696497438947276,4.658166082826928,0.6726394826772347,0.0,0.0
2015-12-02,0.0055172941672241,0.1696497438947276,0.1699009060054856,4.658228254148546,0.25879184317069087,0.0,0.0
2015-12-03,0.0046643690240779,0.1699009060054856,0.1701118826796326,4.658287312628378,0.1815580506915699,0.0,0.0
2015-12-04,-0.0105665580448119,0.1701118826796326,0.1696398842230445,4.658126191537166,-0.9992222715790465,0.0,0.0
2015-12-07,-0.0069889453377491,0.1696398842230445,0.1693216709186371,4.658045212707711,-0.7562786709826211,0.0,0.0
2015-12-08,-0.0179859288603658,0.1693216709186371,0.168497467203732,4.657860250470007,-1.6010574909773536,0.0,0.0
2015-12-09,-0.0141261494594653,0.168497467203732,0.1678553053183271,4.65769267245854,-1.2867314175755578,0.0,0.0
2015-12-10,-0.0006616271102872,0.1678553053183271,0.1678246773116909,4.657687238087622,-0.27014924344974983,0.0,0.0
2015-12-11,-0.0114883873717097,0.1678246773116909,0.1673025841632253,4.657550880729733,-1.1083897465250163,0.0,0.0
2015-12-14,-0.0021158430426266,0.1673025841632253,0.1672051060426126,4.657531495662454,-0.35571492247562103,0.0,0.0
2015-12-15,-0.0005294326568776,0.1672051060426126,0.1671802337911074,4.657528791987698,-0.23068548761892627,0.0,0.0
2015-12-16,0.0050654042912556,0.1671802337911074,0.1674198209419055,4.65754676345904,0.19955644638649467,0.0,0.0
2015-12-17,0.0138428066130682,0.1674198209419055,0.1680785444642668,4.657576238765935,0.8732369377423898,0.0,0.0
2015-12-18,0.0040046705562568,0.1680785444642668,0.1682672401756655,4.657592502514524,0.10091993909230047,0.0,0.0
2015-12-21,0.00446640067796,0.1682672401756655,0.1684775018943556,4.657611275609021,0.14336209587543888,0.0,0.0
2015-12-22,-0.0031013378445612,0.1684775018943556,0.1683340801578289,4.657586883956363,-0.4178271118559383,0.0,0.0
2015-12-23,0.003732840514786,0.1683340801578289,0.1685076463557975,4.657612318157987,0.16042049313394907,0.0,0.0
2015-12-24,0.0030451701522409,0.1685076463557975,0.1686485773902509,4.657636029757144,0.10231106814796743,0.0,0.0
2015-12-28,0.0037555880970838,0.1686485773902509,0.1688238951976925,4.657658643547559,0.17804469634118103,0.0,0.0
2015-12-29,0.003945223504191,0.1688238951976925,0.1690068394448921,4.657687709430784,0.21070887081291065,0.0,0.0
2015-12-30,-0.0010846024715442,0.1690068394448921,0.1689564257125466,4.657680245476874,-0.19662307605696974,0.0,0.0
2015-12-31,0.0038754330114532,0.1689564257125466,0.1691390403515983,4.657695770927742,0.2533759696804036,0.0,0.0
2016-01-01,0.0073512521584042,0.1691390403515983,0.1694869164337518,4.657717859633105,0.5905304703347191,0.0,0.0
2016-01-04,-0.0061110503670374,0.1694869164337518,0.169209357797004,4.657648054935301,-0.5810306342435894,0.0,0.0
2016-01-05,-0.0128516811194119,0.169209357797004,0.1686214811985017,4.657517781910666,-1.2407275473342272,0.0,0.0
2016-01-06,-0.0044077657280663,0.1686214811985017,0.168420918190364,4.657468069501817,-0.36002138870177286,0.0,0.0
2016-01-07,-0.0107493420211195,0.168420918190364,0.1679399456265317,4.657309704445608,-0.98442455221151,0.0,0.0
2016-01-08,-0.0032526867310238,0.1679399456265317,0.1677925520608812,4.657269609681102,-0.18500624109158564,0.0,0.0
2016-01-11,-0.0074047484808641,0.1677925520608812,0.1674526553125573,4.657197563052543,-0.5957194390146486,0.0,0.0
2016-01-12,-0.0145929793454993,0.1674526553125573,0.1667921950962357,4.657014338789586,-1.320348929756117,0.0,0.0
2016-01-13,0.0020597335348853,0.1667921950962357,0.1668853475238342,4.657040607506341,0.4062199660261802,0.0,0.0
2016-01-14,-0.0070559825241565,0.1668853475238342,0.1665676051496534,4.656944237500675,-0.5120851289020014,0.0,0.0
2016-01-15,-0.0105821852768315,0.1665676051496534,0.1660954647657197,4.656779588361631,-0.8531052467731299,0.0,0.0
2016-01-18,-0.0218401781213435,0.1660954647657197,0.1651275317066505,4.656408978161973,-2.008070036595793,1.0,0.0
2016-01-19,-0.0074077461826691,0.1651275317066505,0.1647953605587498,4.656299705302126,-0.43243907369347484,0.0,1.0
2016-01-20,-0.0212160499992783,0.1647953605587498,0.1638481804144312,4.655967918070096,-1.8468540552350188,0.0,0.0
2016-01-21,-0.0112110966739482,0.1638481804144312,0.1633455178922633,4.655801639414889,-0.74572940311269,0.0,0.0
2016-01-22,-0.0068797149594423,0.1633455178922633,0.1630230003189385,4.655761817410908,-0.26922392572376264,0.0,0.0
2016-01-25,0.0057098669067539,0.1630230003189385,0.16328840687587,4.655803688495458,1.0703844875026363,0.0,0.0
2016-01-27,0.0006105466244061,0.16328840687587,0.1633164013750614,4.655809818045108,0.5573456988813522,0.0,0.0
2016-01-28,-0.000582906956918,0.1633164013750614,0.1632901811271035,4.655801709295016,0.4467806133983535,0.0,0.0
2016-01-29,0.0120578555864918,0.1632901811271035,0.1638551794977774,4.655870388376994,1.8159563180634422,0.0,0.0
2016-02-01,0.0176201229212562,0.1638551794977774,0.1646824356223351,4.655960933013787,2.3214569113400696,-1.0,0.0
2016-02-02,0.0103773930065038,0.1646824356223351,0.1651585224535196,4.656062634222132,1.4672778405291629,-1.0,-1.0
2016-02-03,0.0013087523916137,0.1651585224535196,0.1652173936313138,4.656080730408041,0.4768210490934875,0.0,-1.0
2016-02-04,0.0034800468826414,0.1652173936313138,0.1653778335449484,4.656112005394059,0.6824481874990345,0.0,0.0
2016-02-05,0.004604848906025,0.1653778335449484,0.1655956802387522,4.656128506742146,0.7825472727746845,0.0,0.0
2016-02-08,-0.0104539386360631,0.1655956802387522,0.16512025071182,4.6560076442313605,-0.7863447868423215,0.0,0.0
2016-02-09,-0.0184771942025783,0.16512025071182,0.1642715875294544,4.655829310203144,-1.6581411912186348,0.0,0.0
2016-02-10,-0.0246182643448156,0.1642715875294544,0.163159672202104,4.655507723870538,-2.3230449651499643,1.0,0.0
2016-02-11,-0.0470699551801256,0.163159672202104,0.1611765170365452,4.654255834881212,-4.687990442447221,0.0,1.0
2016-02-12,-0.0384589362456786,0.1611765170365452,0.1595424964607011,4.653279265808703,-3.2001960269590786,1.0,0.0
2016-02-15,-0.0281805816340616,0.1595424964607011,0.1583123363357334,4.652702323748295,-2.05790232207717,1.0,1.0
2016-02-16,-0.0205545995042566,0.1583123363357334,0.1574123664409774,4.652292705134143,-1.3689712104878384,1.0,1.0
2016-02-17,-0.0156001674328081,0.1574123664409774,0.156713646210962,4.652050281089873,-0.9181819782579776,1.0,1.0
2016-02-18,0.0002778985549758,0.156713646210962,0.156726429884136,4.652053099639045,0.3957137182271641,0.0,1.0
2016-02-19,0.0011380310565121,0.156726429884136,0.1567783376394634,4.652066403855422,0.4624341922311521,0.0,0.0
2016-02-22,-0.001901917607654,0.1567783376394634,0.1566898812207923,4.652051783565523,0.21331310560523553,0.0,0.0
2016-02-23,-0.0162851015298386,0.1566898812207923,0.155959527547244,4.651809735443694,-0.9494567058607306,0.0,0.0
2016-02-24,-0.0327630799329199,0.155959527547244,0.1544930641711115,4.651306894196736,-2.2517860996479144,1.0,0.0
2016-02-25,-0.0295494396509639,0.1544930641711115,0.1531937528291528,4.65074896563399,-1.8756916452645764,1.0,1.0
2016-02-26,-0.005715897408951,0.1531937528291528,0.1529346945167719,4.650674076871503,0.04277755730539991,0.0,1.0
2016-02-29,0.0032353053880758,0.1529346945167719,0.1530862463732821,4.650694765763136,0.7537288450358525,0.0,0.0
2016-03-01,0.0131170111707659,0.1530862463732821,0.1537074482645716,4.650746482460541,1.5263569922594569,0.0,0.0
2016-03-02,0.0289692736164237,0.1537074482645716,0.1551149612759522,4.650698526429499,2.6813370639298424,-1.0,0.0
2016-03-03,0.0303946330044748,0.1551149612759522,0.1565754833138227,4.65071144095531,2.593745833609092,-1.0,-1.0
2016-03-04,0.0259875869919854,0.1565754833138227,0.1578287594496529,4.650698823959059,2.1168652990117214,-1.0,-1.0
2016-03-08,0.0172088747719385,0.1578287594496529,0.1586268741089088,4.650829090617107,1.4183138083634514,-1.0,-1.0
2016-03-09,0.0213813938361733,0.1586268741089088,0.1596341687488572,4.65092396910297,1.6503978767496907,-1.0,-1.0
2016-03-10,0.0141919067029272,0.1596341687488572,0.1602924837496599,4.651032218652723,1.1191655148883453,-1.0,-1.0
2016-03-11,0.0211004517555606,0.1602924837496599,0.1612474098307369,4.651300062071851,1.5311939994352306,-1.0,-1.0
2016-03-14,0.0165576656519865,0.1612474098307369,0.1619914431122771,4.651536279715472,1.1953240986360891,-1.0,-1.0
2016-03-15,0.011206990104835,0.1619914431122771,0.1625008884163216,4.651671834753232,0.8398747429350604,-1.0,-1.0
2016-03-16,0.0092904112149119,0.1625008884163216,0.1629342384049363,4.651735766556068,0.7256546339911835,-1.0,-1.0
2016-03-17,-0.0046436231140729,0.1629342384049363,0.162718375765898,4.651701024083139,-0.1452930323735228,0.0,-1.0
2016-03-18,0.0043367700607293,0.162718375765898,0.1629223305763262,4.6517227961775625,0.42103873659624674,0.0,0.0
2016-03-21,0.0187002705624959,0.1629223305763262,0.1638049377850068,4.651800825329438,1.3025074792139826,0.0,0.0
2016-03-22,0.0215322285784296,0.1638049377850068,0.1648196179004082,4.651895742220252,1.4437462693057526,0.0,0.0
2016-03-23,0.0137787856951785,0.1648196179004082,0.1654575709891222,4.652006149690209,0.9353152630145909,0.0,0.0
2016-03-28,0.0063912439362443,0.1654575709891222,0.1657583741982058,4.6520358880109605,0.4777797284280068,0.0,0.0
2016-03-29,0.010417030630629,0.1657583741982058,0.1662475851309804,4.65208843593684,0.7152727907392389,0.0,0.0
2016-03-30,0.0154657192467944,0.1662475851309804,0.1669862773692662,4.652110560602004,1.0010561500779664,0.0,0.0
2016-03-31,0.0184035168581848,0.1669862773692662,0.1678521627019837,4.652193141359328,1.155510407546571,0.0,0.0
2016-04-01,0.0079823836726813,0.1678521627019837,0.1682251566334414,4.652240357677054,0.5248627942298043,0.0,0.0
2016-04-04,0.0085963726597704,0.1682251566334414,0.1686306101655281,4.6522744652664425,0.5462275102543873,0.0,0.0
2016-04-05,0.0002724051235771,0.1686306101655281,0.1686429524658797,4.652277796543873,0.03930993178044455,0.0,0.0
2016-04-06,0.0042205707844518,0.1686429524658797,0.1688346843999887,4.652327858833158,0.2658850269372555,0.0,0.0
2016-04-07,-0.0010391261401228,0.1688346843999887,0.1687878196514426,4.652313915038461,-0.056771383677829905,0.0,0.0
2016-04-08,0.0021197687496785,0.1687878196514426,0.1688844346076577,4.652338043075319,0.12651229349144533,0.0,0.0
2016-04-11,0.0110110010675201,0.1688844346076577,0.1693931286032902,4.652433027207836,0.6401722640369565,0.0,0.0
2016-04-12,-0.0005441029747288,0.1693931286032902,0.1693677385408233,4.652429495579849,-0.06456618354362277,0.0,0.0
2016-04-13,0.0133591968831474,0.1693677385408233,0.1700056863747694,4.652449813424454,0.7581572714082884,0.0,0.0
2016-04-18,0.0179991008599449,0.1700056863747694,0.1708435201904148,4.652571063047442,1.0087955429053157,0.0,0.0
2016-04-20,0.022012173790765,0.1708435201904148,0.1718721887966709,4.652701377226853,1.2114967244148696,0.0,0.0
2016-04-21,0.0108153747381392,0.1718721887966709,0.1723752008737489,4.6527759650348,0.5151344251858632,0.0,0.0
2016-04-22,0.0118656228164839,0.1723752008737489,0.1729148616296028,4.652912566195218,0.5593303586169844,0.0,0.0
2016-04-25,0.0089819942162998,0.1729148616296028,0.1733279269695612,4.6529965276076,0.3624235098165879,0.0,0.0
2016-04-26,0.0204190095061767,0.1733279269695612,0.1743018723318563,4.653030833534446,1.0302219663772383,0.0,0.0
2016-04-27,0.0219522360900725,0.1743018723318563,0.1753600437583642,4.65301348866959,1.0889471208634929,0.0,0.0
2016-04-28,0.0103103501521504,0.1753600437583642,0.1758418768828444,4.653071714580527,0.37453444824407833,0.0,0.0
2016-04-29,0.0203638543073152,0.1758418768828444,0.1768156660616252,4.653087325895025,0.9582574560759399,0.0,0.0
2016-05-02,0.0021932747335,0.1768156660616252,0.1769196955267123,4.653092591457938,-0.13424154728337487,0.0,0.0
2016-05-03,0.0046532714262328,0.1769196955267123,0.1771346515999789,4.653129573551803,0.01967766066616242,0.0,0.0
2016-05-04,0.010584116699956,0.1771346515999789,0.1776275207526305,4.653196876253308,0.3827000841237602,0.0,0.0
2016-05-05,0.0133314440185561,0.1776275207526305,0.1782425466755551,4.653307979141185,0.5446572561443592,0.0,0.0
2016-05-06,0.0005075281952793,0.1782425466755551,0.1782656833669305,4.653313489478218,-0.22374664554801227,0.0,0.0
2016-05-09,0.0168841667625008,0.1782656833669305,0.1790520985361345,4.653422630022843,0.7435492913718826,0.0,0.0
2016-05-10,0.0136970898264845,0.1790520985361345,0.1796977959872808,4.6534753804750055,0.5413485248975717,0.0,0.0
2016-05-11,0.0029450441671823,0.1796977959872808,0.1798377570155599,4.653481281954259,-0.11293276994307429,0.0,0.0
2016-05-12,0.0124295493588082,0.1798377570155599,0.1804187270152963,4.653548921134241,0.4313617793874679,0.0,0.0
2016-05-13,0.0069637640592592,0.1804187270152963,0.180732454812818,4.653640266124797,0.06919135091793763,0.0,0.0
2016-05-16,0.02179979057437,0.180732454812818,0.1817374769769691,4.653826100732139,1.0237220806334857,0.0,0.0
2016-05-17,0.0109362240855945,0.1817374769769691,0.1822329184137293,4.653959040052678,0.23500257308820685,0.0,0.0
2016-05-18,-0.0028072736250717,0.1822329184137293,0.1821052700029468,4.653926811204347,-0.87874035390824,0.0,0.0
2016-05-19,-0.0025941613765629,0.1821052700029468,0.1819876043524267,4.653895599700469,-0.9203477832515503,0.0,0.0
2016-05-20,0.0004302866421959,0.1819876043524267,0.1820070465293491,4.653901132677546,-0.7102522503163248,0.0,0.0
2016-05-23,-0.0035744894469242,0.1820070465293491,0.1818445391667299,4.653859513115367,-1.046164926463042,0.0,0.0
2016-05-24,0.0013135042704357,0.1818445391667299,0.1819038922764107,4.653876459007403,-0.6264475238346948,0.0,0.0
2016-05-25,0.0261399768381531,0.1819038922764107,0.183121490016863,4.654049673753044,1.4428123379402562,0.0,0.0
2016-05-26,0.0239510045247435,0.183121490016863,0.1842671451616172,4.654069030721998,1.2275535987999995,0.0,0.0
2016-05-27,0.0181343579407595,0.1842671451616172,0.1851434266830083,4.654039136285497,0.727650623013432,0.0,0.0
2016-05-30,0.0078176632183524,0.1851434266830083,0.1855164094564962,4.654046320784475,-0.3878578346702063,0.0,0.0
2016-05-31,0.0067844537740713,0.1855164094564962,0.185839126695357,4.654056368225943,-0.5427758306050415,0.0,0.0
2016-06-01,-0.0002677953293863,0.185839126695357,0.1858265245812637,4.654055364930838,-1.3584079206389752,0.0,0.0
2016-06-02,-0.0006106935335967,0.1858265245812637,0.1857979134629521,4.654052491907706,-1.3518971036346306,0.0,0.0
2016-06-03,-0.0088314299721297,0.1857979134629521,0.1853706540770326,4.654072811010235,-2.266292785142906,1.0,0.0
2016-06-06,-0.0062796173740009,0.1853706540770326,0.1850727687802916,4.654061242754017,-1.9015909705994756,1.0,1.0
2016-06-07,-0.0041908272072479,0.1850727687802916,0.1848734480486671,4.65405606068737,-1.597935032404487,1.0,1.0
2016-06-08,-0.0096184131172112,0.1848734480486671,0.1844292742512762,4.653983481751994,-2.1499668758854424,1.0,1.0
2016-06-09,-0.0084637294092546,0.1844292742512762,0.1840432254276876,4.65389660125309,-1.9193828227630307,1.0,1.0
2016-06-10,-0.0042611067899915,0.1840432254276876,0.1838491882922852,4.653850852022294,-1.3741454007277365,1.0,1.0
2016-06-13,-0.011815796392363,0.1838491882922852,0.1833052000228948,4.653750267646646,-2.146519077446737,1.0,1.0
2016-06-14,-0.0089763444441315,0.1833052000228948,0.1828948820355429,4.653660313056283,-1.736151647946724,1.0,1.0
2016-06-15,0.0051758991594539,0.1828948820355429,0.1831371030261443,4.6536864690993625,-0.21031214404015175,0.0,1.0
2016-06-16,0.0002600405926518,0.1831371030261443,0.1831489896962812,4.653689059226885,-0.707535978223185,0.0,0.0
2016-06-17,0.0077453185136189,0.1831489896962812,0.1835014192665944,4.653774045174189,0.05232594191518053,0.0,0.0
2016-06-20,0.0074391040878163,0.1835014192665944,0.183841193307008,4.653850207293064,0.014789851085633177,0.0,0.0
2016-06-21,0.0023194155703221,0.183841193307008,0.1839463196366719,4.653877726264456,-0.5017682693944596,0.0,0.0
2016-06-22,0.0077468194135583,0.1839463196366719,0.1842940351808107,4.653985678515235,0.10226063680496607,0.0,0.0
2016-06-23,0.0196975727587336,0.1842940351808107,0.1851957426578051,4.654181007730279,1.3945358153365628,0.0,0.0
2016-06-24,-0.0056489460005222,0.1851957426578051,0.1849430294789397,4.654098181079129,-1.324889758671126,0.0,0.0
2016-06-27,-0.0073676288510551,0.1849430294789397,0.1846079311839549,4.654014724836256,-1.458670908049934,0.0,0.0
2016-06-28,-0.000566682511585,0.1846079311839549,0.1845819184751396,4.654009408920349,-0.7038683258963994,0.0,0.0
2016-06-29,0.0065549649644109,0.1845819184751396,0.1848877701817589,4.654047798950463,0.06348625204479237,0.0,0.0
2016-06-30,0.0093635810673271,0.1848877701817589,0.1853305787856323,4.654074366823199,0.3584454026145514,0.0,0.0
2016-07-01,0.0078860315984385,0.1853305787856323,0.1856945251835186,4.654136981961583,0.2031700924664594,0.0,0.0
2016-07-04,0.0068957675914873,0.1856945251835186,0.1860071658907288,4.6542176936123125,0.08712506922470671,0.0,0.0
2016-07-05,-1.520652458353311e-05,0.1860071658907288,0.1860064785212089,4.654217504633284,-0.6389572193357083,0.0,0.0
2016-07-07,0.0156670538429937,0.1860064785212089,0.1867245107434837,4.6543681715466905,0.9976176287075006,0.0,0.0
2016-07-08,0.0033906363260873,0.1867245107434837,0.1868793018309511,4.65440351440367,-0.30711405666846503,0.0,0.0
2016-07-11,0.0193052861115514,0.1868793018309511,0.1877882876410261,4.654477686815854,1.360280751752134,0.0,0.0
2016-07-12,0.0159041422493526,0.1877882876410261,0.1885361187637065,4.6545410824778,0.9618677076262747,0.0,0.0
2016-07-13,0.0056367077364249,0.1885361187637065,0.1888045116837435,4.654547534639027,-0.09816410753707382,0.0,0.0
2016-07-14,0.0050622855813395,0.1888045116837435,0.1890455202332217,4.6545527633467945,-0.13753598573062503,0.0,0.0
2016-07-15,0.0250678295633735,0.1890455202332217,0.1902123990205161,4.654699065504719,2.0121457844724393,-1.0,0.0
2016-07-18,0.0209654676731005,0.1902123990205161,0.1911924502877315,4.654803080490335,1.5044047590246148,-1.0,-1.0
2016-07-19,0.0082347777938922,0.1911924502877315,0.191576246562155,4.654849190194031,0.1761197346836172,0.0,-1.0
2016-07-20,0.0164768803139132,0.191576246562155,0.1923467510076876,4.654929544297496,1.0121586245850216,0.0,0.0
2016-07-21,0.0149556360814298,0.1923467510076876,0.1930177152036124,4.655133804515146,0.8719460471316953,0.0,0.0
2016-07-22,0.0133252619370471,0.1930177152036124,0.1936185098433533,4.655304417697364,0.728338258266424,0.0,0.0
2016-07-25,0.0220709038350186,0.1936185098433533,0.1946258283019701,4.655532554162205,1.6249988096952934,0.0,0.0
2016-07-26,0.0134857863846002,0.1946258283019701,0.1952284871722988,4.655731387704331,0.7312589529138673,0.0,0.0
2016-07-27,0.008178362698211,0.1952284871722988,0.1955980164302596,4.655834092487233,0.16530581663081956,0.0,0.0
2016-07-28,0.0164274899308001,0.1955980164302596,0.1963383720785912,4.6560495249439455,1.005879598310796,0.0,0.0
2016-07-29,0.0072914230029397,0.1963383720785912,0.1966762352545921,4.656102612371515,0.05786537080193167,0.0,0.0
2016-08-01,0.0050915898379537,0.1966762352545921,0.1969073206798654,4.656161537082793,-0.15665430120025509,0.0,0.0
2016-08-02,0.0028709264761497,0.1969073206798654,0.1970396085370599,4.656185661663328,-0.39287961801288124,0.0,0.0
2016-08-03,0.0009015577150526,0.1970396085370599,0.1970808232258051,4.656194709097144,-0.5757790095183077,0.0,0.0
2016-08-04,0.0010770698851896,0.1970808232258051,0.1971301295661396,4.656205211209925,-0.5367224514253783,0.0,0.0
2016-08-05,0.0028219489173064,0.1971301295661396,0.1972634496501886,4.65621357697503,-0.35203340731054433,0.0,0.0
2016-08-08,0.0031495203008349,0.1972634496501886,0.1974104263491182,4.656230843734494,-0.3023135860692633,0.0,0.0
2016-08-09,0.0022048742056055,0.1974104263491182,0.1975116972434676,4.656250352269676,-0.39352581839397,0.0,0.0
2016-08-10,-0.0138277283297334,0.1975116972434676,0.1968805554312342,4.656108996356532,-2.069269275209644,1.0,0.0
2016-08-11,-0.0102957800701126,0.1968805554312342,0.1964071056348199,4.656019469235419,-1.5992348073500045,1.0,1.0
2016-08-12,-0.0070116074729211,0.1964071056348199,0.1960858264750314,4.655953178402518,-1.2295029827193384,1.0,1.0
2016-08-16,-0.0090001764118063,0.1960858264750314,0.1956661076475367,4.655901895056576,-1.4126702388920755,1.0,1.0
2016-08-17,0.0011563581342493,0.1956661076475367,0.1957191486723059,4.655912502455181,-0.3709088183660022,0.0,1.0
2016-08-18,0.0102958128871382,0.1957191486723059,0.1962068213665228,4.655935650425579,0.5286926852738378,0.0,0.0
2016-08-19,0.0049076774753817,0.1962068213665228,0.1964352092140371,4.655964887526478,-0.022222459647987518,0.0,0.0
2016-08-22,0.007783361395278,0.1964352092140371,0.1967924908845861,4.656034087011729,0.31060776300756426,0.0,0.0
2016-08-23,0.0054389307121525,0.1967924908845861,0.1970445343253999,4.656071671767974,0.09952179856583582,0.0,0.0
2016-08-24,0.0127093097268602,0.1970445343253999,0.197630652667884,4.656172511528583,0.916149924845108,0.0,0.0
2016-08-25,0.0061237201913995,0.197630652667884,0.1979145266903724,4.656214341665564,0.18901724702151246,0.0,0.0
2016-08-26,0.0034843142043738,0.1979145266903724,0.1980756377576779,4.656239971048948,-0.09558188762534625,0.0,0.0
2016-08-29,-0.0127357521465265,0.1980756377576779,0.1974873016749394,4.656143794446483,-1.8628418698852305,0.0,0.0
2016-08-30,0.0135076758876051,0.1974873016749394,0.19811528133029,4.656227193999048,0.9813502292467836,0.0,0.0
2016-08-31,0.022708826698131,0.19811528133029,0.1992039154731778,4.656212951639084,1.9320080619388502,0.0,0.0
2016-09-01,0.0104338793181559,0.1992039154731778,0.1997014732212661,4.656216671308392,0.5604146012190935,0.0,0.0
2016-09-02,0.0082782182517453,0.1997014732212661,0.2000941446028833,4.6562284704690455,0.3108921867471844,0.0,0.0
2016-09-06,0.0170131712285561,0.2000941446028833,0.2008999559853017,4.656257270010962,1.2251112851557968,0.0,0.0
2016-09-07,0.0057845383595163,0.2008999559853017,0.2011655840069454,4.656305977006394,-0.02872222254252183,0.0,0.0
2016-09-08,0.0025675271389991,0.2011655840069454,0.2012865073003936,4.656313703862254,-0.400006716041984,0.0,0.0
2016-09-09,0.0029404989964207,0.2012865073003936,0.2014238509331075,4.656327749853832,-0.39840360039908684,0.0,0.0
2016-09-12,-0.0045736274158576,0.2014238509331075,0.2012131431774495,4.656292237529994,-1.3051389207782176,0.0,0.0
2016-09-14,-0.0098378595793766,0.2012131431774495,0.2007659383015191,4.656186995708759,-1.8720847016336932,0.0,0.0
2016-09-15,-0.0001578389964116,0.2007659383015191,0.2007587146675229,4.656185520810862,-0.7250680706060157,0.0,0.0
2016-09-16,0.0145392462964197,0.2007587146675229,0.2014222103097916,4.656330729883486,0.9297652181866001,0.0,0.0
2016-09-19,0.0060132804555097,0.2014222103097916,0.2016952220919363,4.656397560536162,-0.03293567946637697,0.0,0.0
2016-09-20,0.0057962205804589,0.2016952220919363,0.2019544817346671,4.656480518110251,-0.06386232174107533,0.0,0.0
2016-09-21,0.0090377865509676,0.2019544817346671,0.2023582434174287,4.656613047136948,0.29895620758760316,0.0,0.0
2016-09-22,0.0158319664595323,0.2023582434174287,0.2030787718628569,4.656784349184504,1.0914030250190552,0.0,0.0
2016-09-23,0.0161853974800445,0.2030787718628569,0.2038180240052837,4.656946619707367,1.0972655514893308,0.0,0.0
2016-09-26,0.0017534855210108,0.2038180240052837,0.2038970202999079,4.656969262637537,-0.5928416626581248,0.0,0.0
2016-09-27,0.0036521012946195,0.2038970202999079,0.2040613393923641,4.657017581622956,-0.3803824008576378,0.0,0.0
2016-09-28,0.0011749211622067,0.2040613393923641,0.2041142588453905,4.657032910606229,-0.6595952813261654,0.0,0.0
2016-09-29,-0.0103596676481867,0.2041142588453905,0.2036536919306345,4.656869245511539,-1.9663810088247815,0.0,0.0
2016-09-30,-0.0126801846506126,0.2036536919306345,0.2030808163468437,4.656710613968253,-2.130752996561095,1.0,0.0
2016-10-03,-0.0012914545291149,0.2030808163468437,0.2030210869864261,4.65670093526553,-0.7972082580638877,1.0,1.0
2016-10-04,-9.380776719858376e-05,0.2030210869864261,0.2030167306641272,4.656700325549486,-0.6652635351920854,1.0,1.0
2016-10-05,-0.0002862412555542,0.2030167306641272,0.203003702231961,4.656697253895997,-0.6614036924843091,1.0,1.0
2016-10-06,-0.0036699885664255,0.203003702231961,0.2028360683829492,4.656660506064354,-1.016241375877177,1.0,1.0
2016-10-07,-0.0037500285934477,0.2028360683829492,0.2026647005046919,4.656623288649701,-0.9936595423045522,1.0,1.0
2016-10-10,0.0007115371058068,0.2026647005046919,0.2026971045838275,4.656630875572678,-0.47560268615285717,0.0,1.0
2016-10-13,-0.0143705051694862,0.2026971045838275,0.2020507773911203,4.656439416845415,-2.1045294136804205,1.0,0.0
2016-10-14,-0.0141221125105577,0.2020507773911203,0.2014013692075781,4.656316854285011,-1.9709097929276402,1.0,1.0
2016-10-17,-0.0267607489894556,0.2014013692075781,0.2001994322728231,4.655952051263294,-3.2544647915151628,1.0,1.0
2016-10-18,-0.0061948490430765,0.2001994322728231,0.19991567702767,4.655892905344229,-0.9420342844972596,1.0,1.0
2016-10-19,-0.0035476044319002,0.19991567702767,0.1997539966088377,4.655855338241523,-0.6499733760055713,1.0,1.0
2016-10-20,-0.0045368637953533,0.1997539966088377,0.1995475112332901,4.655805973640803,-0.7241122494557138,1.0,1.0
2016-10-21,0.0062357941837092,0.1995475112332901,0.1998366606251724,4.655848940872425,0.39736199918781284,0.0,1.0
2016-10-24,-0.0023992043052034,0.1998366606251724,0.1997245634968606,4.65583656013795,-0.47288692217804207,0.0,0.0
2016-10-25,-0.0121589791726908,0.1997245634968606,0.1991599384375482,4.655758623103393,-1.48426051768291,0.0,0.0
2016-10-26,-0.0242843789322719,0.1991599384375482,0.197986818985997,4.655816798066675,-2.715715708486314,1.0,0.0
2016-10-27,-0.0069043172256701,0.197986818985997,0.1976603753551377,4.6558016308581,-0.7762564159118399,1.0,1.0
2016-10-28,-0.0027963780174466,0.1976603753551377,0.1975263566373858,4.655804124336951,-0.3305557524155201,0.0,1.0
2016-11-01,0.0018344691024188,0.1975263566373858,0.1976112925268086,4.655816313121278,0.15957441641305292,0.0,0.0
2016-11-02,-0.0091226344474923,0.1976112925268086,0.1971910118437521,4.655745098128768,-0.9582740108843246,0.0,0.0
2016-11-03,-0.0003716747059794,0.1971910118437521,0.197173847422412,4.655742366446173,-0.040036205652315845,0.0,0.0
2016-11-04,-0.0077273237011326,0.197173847422412,0.1968215662206581,4.6556638345495065,-0.7870999023532486,0.0,0.0
2016-11-07,-0.001791033440738,0.1968215662206581,0.196739466539458,4.655647612251502,-0.16666491005794634,0.0,0.0
2016-11-08,8.945834013029952e-05,0.196739466539458,0.1967436391060184,4.655648085904184,0.03172862555333046,0.0,0.0
2016-11-09,-0.0048474112781544,0.1967436391060184,0.1965145965618921,4.655636670824149,-0.46418509562790805,0.0,0.0
2016-11-10,0.0185972777290315,0.1965145965618921,0.1973823645526247,4.6557300485176505,1.9251830056586472,0.0,0.0
2016-11-11,0.0128125690465479,0.1973823645526247,0.1979738408779229,4.655824185584813,1.266122351006604,0.0,0.0
2016-11-15,-0.0005021731328831,0.1979738408779229,0.1979517583899303,4.655815296521824,-0.10318214944856365,0.0,0.0
2016-11-16,-0.0038829704739473,0.1979517583899303,0.1977853275742745,4.655725415287992,-0.4529447514768691,0.0,0.0
2016-11-17,-0.0158496210996421,0.1977853275742745,0.1970861425136961,4.6554477663570175,-1.6696831476218157,0.0,0.0
2016-11-18,-0.0282090007753064,0.1970861425136961,0.195822110191164,4.6550441754897225,-2.8213085642157356,1.0,0.0
2016-11-21,-0.027765997508653,0.195822110191164,0.1946101710464131,4.654496477707096,-2.570818505328646,1.0,1.0
2016-11-22,-0.0234276488033415,0.1946101710464131,0.1935603786050449,4.654159299164585,-2.011950223722266,1.0,1.0
2016-11-23,-0.0281031833069089,0.1935603786050449,0.1923020829160342,4.653750942305061,-2.315681920013109,1.0,1.0
2016-11-24,-0.0316189215392466,0.1923020829160342,0.1909453790955009,4.653016316821603,-2.470462028988135,1.0,1.0
2016-11-25,-0.0064626022809504,0.1909453790955009,0.1906573599460588,4.652915046517752,-0.31203303945804084,0.0,1.0
2016-11-28,-0.0084978637032646,0.1906573599460588,0.1902773806681332,4.652787953916153,-0.4595725553285371,0.0,0.0
2016-11-29,-0.0100839648853146,0.1902773806681332,0.1898278727659123,4.652630846914839,-0.5710842604116899,0.0,0.0
2016-11-30,0.0073114283824171,0.1898278727659123,0.1901628407796076,4.652702700321126,0.823806652198018,0.0,0.0
2016-12-01,0.0062613591462152,0.1901628407796076,0.1904438329906674,4.652790938996357,0.7545163118760372,0.0,0.0
2016-12-02,0.0034890853657083,0.1904438329906674,0.1905943506036672,4.652868366948109,0.5704533942076662,0.0,0.0
2016-12-05,0.007103091247897,0.1905943506036672,0.1909099327700701,4.652984763835255,0.8913769104768359,0.0,0.0
2016-12-06,0.0027307701512411,0.1909099327700701,0.1910333432758657,4.653019871030192,0.5234621950310884,0.0,0.0
2016-12-07,-0.0088266891015154,0.1910333432758657,0.1906326005648461,4.652915385159642,-0.4476063305900942,0.0,0.0
2016-12-08,0.0046338378721033,0.1906326005648461,0.1908497115038255,4.652938800074356,0.7465962885806289,0.0,0.0
2016-12-09,0.0033919423922128,0.1908497115038255,0.1910067398832713,4.652964203066405,0.6339270257691149,0.0,0.0
2016-12-12,-0.0050555291440348,0.1910067398832713,0.1907804788266537,4.652890459892752,-0.10252994659134877,0.0,0.0
2016-12-13,-0.0026239765557916,0.1907804788266537,0.1906619882575098,4.652856787069141,0.10988444672192778,0.0,0.0
2016-12-14,-0.0101105107796053,0.1906619882575098,0.190206514269048,4.652721632073213,-0.5536530852874513,0.0,0.0
2016-12-15,-0.0061455084949697,0.190206514269048,0.1899301096449814,4.652637173371702,-0.19286509671942934,0.0,0.0
2016-12-16,0.0016320573734622,0.1899301096449814,0.1900030096971886,4.652661995862123,0.5264988779162916,0.0,0.0
2016-12-19,-0.0036048476977557,0.1900030096971886,0.1898406562100162,4.652613137774563,0.06667129884379494,0.0,0.0
2016-12-20,0.0019600306306744,0.1898406562100162,0.1899291177542827,4.652638859229454,0.5831061528580295,0.0,0.0
2016-12-21,-0.0004966215696127,0.1899291177542827,0.1899065346778327,4.652633122150354,0.37591668165603886,0.0,0.0
2016-12-22,-0.0044809689410998,0.1899065346778327,0.1897051968158587,4.6525702384628405,0.03894906563983378,0.0,0.0
2016-12-23,0.0080997817091308,0.1897051968158587,0.1900700480462948,4.652679999501526,1.2955832412328665,0.0,0.0
2016-12-26,-0.0031590699210051,0.1900700480462948,0.1899272644156152,4.652639362787517,0.1899479229720183,0.0,0.0
2016-12-27,0.005938408023443,0.1899272644156152,0.190197417561678,4.652707712795936,1.0817453452319838,0.0,0.0
2016-12-28,0.0055987561963526,0.190197417561678,0.1904532421631593,4.652766874549678,1.0344022322018713,0.0,0.0
2016-12-29,0.0196057708030643,0.1904532421631593,0.1913509715617295,4.6529648852502605,2.33897481074021,-1.0,0.0
2016-12-30,0.0141067627223598,0.1913509715617295,0.1920062700505129,4.6530638140924045,1.6957288223689648,-1.0,-1.0
2017-01-02,0.0044939942652817,0.1920062700505129,0.1922122543105982,4.653107821086101,0.7718409612846038,-1.0,-1.0
2017-01-03,-0.0017817099719543,0.1922122543105982,0.1921310820179539,4.653088080085261,0.20110654129372277,0.0,-1.0
2017-01-04,-0.0006550405253307,0.1921310820179539,0.1921022541744085,4.653076122107914,0.30421528060572345,0.0,0.0
2017-01-05,-0.0008336319437471,0.1921022541744085,0.1920648703217089,4.653063982932435,0.2835337616068404,0.0,0.0
2017-01-06,0.000767028251329,0.1920648703217089,0.1921008747591151,4.653067769149175,0.4219452286750207,0.0,0.0
2017-01-09,0.0039301312991755,0.1921008747591151,0.1922813363074538,4.653105090199299,0.7043071628403009,0.0,0.0
2017-01-10,0.0179753587868818,0.1922813363074538,0.193113065729808,4.653246317761504,1.9380820045487164,0.0,0.0
2017-01-11,0.0255447646814266,0.193113065729808,0.1943330828768608,4.653270193081431,2.5108579257774,-1.0,0.0
2017-01-12,0.0203806074492165,0.1943330828768608,0.1952961310375801,4.653333593738967,1.9547148946890958,-1.0,-1.0
2017-01-13,0.013553336962147,0.1952961310375801,0.1959318414252451,4.653396700608137,1.2877405622818696,-1.0,-1.0
2017-01-16,0.0216185283106531,0.1959318414252451,0.1969480040503351,4.653486886647849,1.9143671290944893,-1.0,-1.0
2017-01-17,0.0105133422371794,0.1969480040503351,0.1974339961708821,4.653568339178494,0.9319716195344783,-1.0,-1.0
2017-01-18,0.0099381325328797,0.1974339961708821,0.1978977316979761,4.65362568335203,0.876149041647026,-1.0,-1.0
2017-01-19,0.0032753143758821,0.1978977316979761,0.1980490381346676,4.653651611703474,0.3244669906342956,0.0,-1.0
2017-01-20,0.0039427123523605,0.1980490381346676,0.1982289161262903,4.653693408172295,0.3593329994371082,0.0,0.0
2017-01-23,0.0070564480416841,0.1982289161262903,0.1985582168258503,4.65373451265133,0.5889440802519482,0.0,0.0
2017-01-24,0.0207547327994541,0.1985582168258503,0.1995443424540742,4.653772613524102,1.7006060201135236,0.0,0.0
2017-01-25,0.0203565097221387,0.1995443424540742,0.2006008344457713,4.653390474618488,1.5982407403452397,0.0,0.0
2017-01-27,0.0189731779813255,0.2006008344457713,0.2015387455830952,4.65324261251947,1.431625005465715,0.0,0.0
2017-01-30,0.0114306838153188,0.2015387455830952,0.2020837590675502,4.653245841935839,0.7896220418337074,0.0,0.0
2017-01-31,0.0103819360373194,0.2020837590675502,0.2025728182330799,4.653277227140307,0.6888575103535217,0.0,0.0
2017-02-01,0.0218272178706868,0.2025728182330799,0.2036003224341478,4.653348021085989,1.5562623625441085,0.0,0.0
2017-02-02,0.0129520146498904,0.2036003224341478,0.2041983523879126,4.653445274985446,0.8194178188257195,0.0,0.0
2017-02-03,0.0206665608371094,0.2041983523879126,0.2051415396992887,4.65365421854787,1.384582311143801,0.0,0.0
2017-02-06,0.017666904873141,0.2051415396992887,0.2059513857541947,4.653817955936507,1.1100486209773177,0.0,0.0
2017-02-07,0.0063507118742265,0.2059513857541947,0.2062465065884549,4.653858294204462,0.26337662370919224,0.0,0.0
2017-02-08,0.0052152384299342,0.2062465065884549,0.2064853194875259,4.653907882297571,0.1870220457588053,0.0,0.0
2017-02-09,-0.0027317812504605,0.2064853194875259,0.20635963245358,4.653884594743963,-0.41924132649740764,0.0,0.0
2017-02-10,3.312088215423614e-05,0.20635963245358,0.2063611835298998,4.6538847493587365,-0.21238752005076653,0.0,0.0
2017-02-13,0.0013340097147196,0.2063611835298998,0.2064250498357931,4.653884311796434,-0.13651401584203052,0.0,0.0
2017-02-14,0.0024409776275593,0.2064250498357931,0.2065400346011169,4.653891971935988,-0.09413897420237706,0.0,0.0
2017-02-15,0.0118563395930619,0.2065400346011169,0.207088430591244,4.653976367260014,0.6640767417547083,0.0,0.0
2017-02-16,0.0111506488649846,0.207088430591244,0.2076114176633793,4.654022155291002,0.5797432897042313,0.0,0.0
2017-02-17,0.0437585115551515,0.2076114176633793,0.2096679760962848,4.654180301021064,3.7312376745977263,-1.0,0.0
2017-02-20,0.0560465772978835,0.2096679760962848,0.2122887218845206,4.654443395338985,4.797738899930814,0.0,-1.0
2017-02-21,0.0468485204281199,0.2122887218845206,0.2144723543374598,4.654695801425318,3.2709823182389948,-1.0,0.0
2017-02-22,0.0244306817110739,0.2144723543374598,0.215602037996804,4.65487011814694,1.2369643628765734,-1.0,-1.0
2017-02-23,0.0110108084333777,0.215602037996804,0.2161248452433911,4.65488430234514,0.14625128923223327,0.0,-1.0
2017-02-27,0.010640208466027,0.2161248452433911,0.2166158249898424,4.654964257945977,0.11233267302338588,0.0,0.0
2017-02-28,0.0051238364454313,0.2166158249898424,0.2168526379006703,4.655001212363153,-0.32638765685734444,0.0,0.0
2017-03-01,-0.0008807074065266,0.2168526379006703,0.2168103197732909,4.655002498522352,-0.8005620421934503,0.0,0.0
2017-03-02,-0.0068855811409163,0.2168103197732909,0.2164881429227804,4.654972542720948,-1.2554758327393856,0.0,0.0
2017-03-03,-0.0056935373815543,0.2164881429227804,0.2162263978357639,4.654925668044058,-1.137185261607383,0.0,0.0
2017-03-06,-0.0041066184843074,0.2162263978357639,0.2160343324128803,4.654907133552577,-1.0238466867149956,0.0,0.0
2017-03-07,0.0013444452078044,0.2160343324128803,0.2160966665928758,4.65491574263031,-0.5843502110807968,0.0,0.0
2017-03-08,0.0032581805706968,0.2160966665928758,0.2162495260755545,4.654928084688714,-0.4335571431110583,0.0,0.0
2017-03-09,0.0037576761924942,0.2162495260755545,0.2164249593690666,4.654946209622298,-0.4091452665093508,0.0,0.0
2017-03-10,0.0061646734424529,0.2164249593690666,0.2167132555661453,4.654973487889282,-0.2317842740319822,0.0,0.0
2017-03-14,0.0103208858587642,0.2167132555661453,0.2171998259620317,4.655000227065719,0.07297714924283333,0.0,0.0
2017-03-15,0.0099114401987776,0.2171998259620317,0.2176704086125497,4.655009421155496,0.018783905780992188,0.0,0.0
2017-03-16,0.0061593160469906,0.2176704086125497,0.2179639301080169,4.655009403091743,-0.29614163002824007,0.0,0.0
2017-03-17,0.0114401729482498,0.2179639301080169,0.2185007110360064,4.655048572639791,0.11941014531635262,0.0,0.0
2017-03-20,0.0141819816522534,0.2185007110360064,0.2191696180581858,4.655080483755976,0.3318121138571286,0.0,0.0
2017-03-21,0.0128205805313799,0.2191696180581858,0.2197750746549737,4.655105213306325,0.20121069774849124,0.0,0.0
2017-03-22,0.0020075114058277,0.2197750746549737,0.2198695839377778,4.655110421907847,-0.7240259241287119,0.0,0.0
2017-03-23,4.056973048172097e-06,0.2198695839377778,0.2198697755666223,4.655110429273323,-0.8794613635596921,0.0,0.0
2017-03-24,-0.0074032787398126,0.2198697755666223,0.2195161737837013,4.6551161648229336,-1.5073046890286483,0.0,0.0
2017-03-27,-0.0137586296330072,0.2195161737837013,0.2188750723594569,4.655050845547675,-1.9851840402699104,0.0,0.0
2017-03-28,-0.0001149772732631,0.2188750723594569,0.2188698473132826,4.6550496574823015,-0.8121293607731951,0.0,0.0
2017-03-29,0.0062820869828996,0.2188698473132826,0.2191549914221698,4.65511698969592,-0.27607883752997103,0.0,0.0
2017-03-30,0.0288074818912482,0.2191549914221698,0.2204834866470473,4.655327432117175,1.5293092190501107,0.0,0.0
2017-03-31,0.0037074232065572,0.2204834866470473,0.2206562660067793,4.655345749684631,-0.49451801413278107,0.0,0.0
2017-04-03,-0.0046510506250116,0.2206562660067793,0.2204390948568546,4.655325057339364,-1.1622478507765344,0.0,0.0
2017-04-05,-0.0075735996532007,0.2204390948568546,0.2200788743355678,4.655323571987402,-1.3797013317046272,0.0,0.0
2017-04-06,-0.0025335525360725,0.2200788743355678,0.2199586581903745,4.655322023194266,-0.9667173007929429,0.0,0.0
2017-04-07,0.0036236893707153,0.2199586581903745,0.2201229042328563,4.655361141451428,-0.4833244872950403,0.0,0.0
2017-04-10,-0.0016031775247977,0.2201229042328563,0.2200494891805619,4.655347233084359,-0.8865440318657691,0.0,0.0
2017-04-11,0.0015871820331367,0.2200494891805619,0.2201226405149132,4.655358804192549,-0.613079467671081,0.0,0.0
2017-04-12,0.0045238165476275,0.2201226405149132,0.2203301760313733,4.655396415206977,-0.359871162189504,0.0,0.0
2017-04-13,0.0010313658591778,0.2203301760313733,0.2203774738552994,4.655405089112891,-0.6144602615920254,0.0,0.0
2017-04-17,-0.0036747517972468,0.2203774738552994,0.2202066510744284,4.655385276587177,-0.9644600694015718,0.0,0.0
2017-04-18,0.0059910392076183,0.2202066510744284,0.2204811833943276,4.65543642263343,-0.17701576443137382,0.0,0.0
2017-04-19,0.0072136740586419,0.2204811833943276,0.2208081400855387,4.655515591554338,-0.07552673139000202,0.0,0.0
2017-04-20,0.0110910567662205,0.2208081400855387,0.2213242191240743,4.655573257220884,0.23122600072208824,0.0,0.0
2017-04-21,0.033839409079861,0.2213242191240743,0.2228683195174061,4.655894183195369,2.0016058589659753,-1.0,0.0
2017-04-24,0.0457541156915812,0.2228683195174061,0.2250138842370621,4.65604986374375,2.806130080955663,-1.0,-1.0
2017-04-25,0.0365206522302354,0.2250138842370621,0.2267221313060161,4.656191406047894,1.934201326875351,-1.0,-1.0
2017-04-26,0.0357387391080843,0.2267221313060161,0.2283910063669088,4.6563413523457085,1.8131782518361763,-1.0,-1.0
2017-04-27,0.0343429781280253,0.2283910063669088,0.2300298500745321,4.656313339088997,1.6604740006844532,-1.0,-1.0
2017-04-28,0.0153695632284778,0.2300298500745321,0.230737837954451,4.656422434614114,0.3458728667008154,0.0,-1.0
2017-05-02,0.0037197171695169,0.230737837954451,0.2309135102453515,4.656428031653146,-0.4349791485971233,0.0,0.0
2017-05-03,0.0054370803912293,0.2309135102453515,0.2311677950791264,4.656447909964823,-0.31267293837374915,0.0,0.0
2017-05-04,0.0008405038361054,0.2311677950791264,0.2312061336984981,4.656455693825747,-0.6029574985129433,0.0,0.0
2017-05-05,-0.001788691667766,0.2312061336984981,0.2311240731181183,4.656441261503318,-0.7631434890836342,0.0,0.0
2017-05-08,0.0005896952864059,0.2311240731181183,0.2311510646607619,4.656446339261459,-0.5796643386026143,0.0,0.0
2017-05-09,0.0011904600915189,0.2311510646607619,0.2312055023268497,4.65645687416552,-0.5206517022695356,0.0,0.0
2017-05-10,0.0060508278222624,0.2312055023268497,0.2314919440914697,4.656463026984111,-0.1906561816909,0.0,0.0
2017-05-11,-0.0012079263831132,0.2314919440914697,0.2314344367481444,4.656463567406764,-0.6744512601996183,0.0,0.0
2017-05-12,-0.0018869755580217,0.2314344367481444,0.2313430307433586,4.656472355490012,-0.7222101578352484,0.0,0.0
2017-05-15,-0.0047648955614043,0.2313430307433586,0.23110919692906,4.656510306047351,-0.9104522410318342,0.0,0.0
2017-05-16,0.0036597442738885,0.23110919692906,0.231281991664018,4.65651380284771,-0.3417582445028548,0.0,0.0
2017-05-17,0.0032381381109827,0.231281991664018,0.2314315791469799,4.656533209139332,-0.3712012282852915,0.0,0.0
2017-05-18,0.0044430621313651,0.2314315791469799,0.2316335585420905,4.65657634725329,-0.2816782890782385,0.0,0.0
2017-05-19,0.0073594620433938,0.2316335585420905,0.2319656308236469,4.656660912447876,-0.08127334002303191,0.0,0.0
2017-05-22,0.0139792150647561,0.2319656308236469,0.2326027246947645,4.656792000474735,0.41658056336562865,0.0,0.0
2017-05-23,0.0063743246642893,0.2326027246947645,0.2328929899866695,4.656853112919816,-0.06986342143978495,0.0,0.0
2017-05-24,0.00432633439436,0.2328929899866695,0.2330888455408923,4.656900319570947,-0.1918065852315594,0.0,0.0
2017-05-25,0.0298924207082187,0.2330888455408923,0.2344910902321009,4.656987134317725,2.0267469796581596,-1.0,0.0
2017-05-26,0.0258175760055294,0.2344910902321009,0.2357100817054671,4.657019806055784,1.5981650059846664,-1.0,-1.0
2017-05-29,0.0221453848626156,0.2357100817054671,0.2367524591367491,4.657060993852236,1.246738240193724,-1.0,-1.0
2017-05-30,0.0164917217235833,0.2367524591367491,0.2375148555511283,4.657158738975706,0.7536063542808625,-1.0,-1.0
2017-05-31,0.0157576660970022,0.2375148555511283,0.2382459148375998,4.65723974487473,0.6705893420394461,-1.0,-1.0
2017-06-01,0.0080168428611395,0.2382459148375998,0.2386144086859191,4.657297846802811,0.0184429629324587,0.0,-1.0
2017-06-02,0.0088425018741062,0.2386144086859191,0.2390219437537828,4.657356831716385,0.06750155960713536,0.0,0.0
2017-06-05,0.0070032830052557,0.2390219437537828,0.239344897588228,4.65740265566293,-0.10152880161144612,0.0,0.0
2017-06-06,0.0074841235755513,0.239344897588228,0.2396888802367865,4.657457234989398,-0.0698150765248167,0.0,0.0
2017-06-07,0.0061916237017918,0.2396888802367865,0.2399740478491661,4.657499522964845,-0.18287390524746894,0.0,0.0
2017-06-08,0.0045399889599071,0.2399740478491661,0.2401860705522064,4.657516057128375,-0.32343468287114346,0.0,0.0
2017-06-09,0.0151940901427645,0.2401860705522064,0.2408983927805561,4.657556737822725,0.5623303131962618,0.0,0.0
2017-06-12,0.0146264323321556,0.2408983927805561,0.241570649459835,4.657661375188059,0.5072933228887881,0.0,0.0
2017-06-13,0.0163516882354439,0.241570649459835,0.2423181097698593,4.6577991785635815,0.6421760098265598,0.0,0.0
2017-06-14,0.0105262955285612,0.2423181097698593,0.2427945183486229,4.657911872988165,0.14688021453758415,0.0,0.0
2017-06-15,0.0051712365823517,0.2427945183486229,0.2430270833599922,4.6579748846865305,-0.29259432655508816,0.0,0.0
2017-06-16,0.0018159328761191,0.2430270833599922,0.2431117518459602,4.657982312140283,-0.5569922708106524,0.0,0.0
2017-06-19,0.0142213683415501,0.2431117518459602,0.2437762399898885,4.658031894809663,0.4795610651674378,0.0,0.0
2017-06-20,0.0080186203022165,0.2437762399898885,0.2441460889833895,4.658083021955076,-0.04753619048716199,0.0,0.0
2017-06-21,0.0109942519127494,0.2441460889833895,0.2446589370899428,4.658124617075068,0.18721854096570373,0.0,0.0
2017-06-22,0.0063670400982394,0.2446589370899428,0.2449570009067517,4.65814307640354,-0.22408443853884658,0.0,0.0
2017-06-23,-0.0035518256104776,0.2449570009067517,0.2447950193165882,4.65811170994641,-1.1202307417451962,0.0,0.0
2017-06-27,-0.006629676439104,0.2447950193165882,0.2444975491011353,4.658028538043404,-1.375346383147935,0.0,0.0
2017-06-28,-0.005059079609782,0.2444975491011353,0.2442704021586101,4.657965254743726,-1.2030642426308267,0.0,0.0
2017-06-29,0.0068477250251302,0.2442704021586101,0.2445670686977631,4.6581046743272285,-0.14520636333261322,0.0,0.0
2017-06-30,-0.0033835334476588,0.2445670686977631,0.2444164920957531,4.658054867097108,-1.0316495435718207,0.0,0.0
2017-07-03,0.0031842392133043,0.2444164920957531,0.2445575106290308,4.658105203033213,-0.4683940409286138,0.0,0.0
2017-07-04,-0.0033265120937722,0.2445575106290308,0.2444064731330265,4.658070818297795,-1.0619628177513065,0.0,0.0
2017-07-05,-0.0055527464352103,0.2444064731330265,0.244153531247582,4.658017846095453,-1.2544474273653865,0.0,0.0
2017-07-06,0.0019592352790551,0.244153531247582,0.2442425847855172,4.6580374028166425,-0.5767178302809262,0.0,0.0
2017-07-07,0.0052384322077179,0.2442425847855172,0.2444836086605059,4.658075188418734,-0.2991395104866051,0.0,0.0
2017-07-10,0.0085720370805306,0.2444836086605059,0.2448793898893109,4.658129710978137,-0.014774634875384688,0.0,0.0
2017-07-11,0.0112000600957857,0.2448793898893109,0.2453872891861759,4.658245892100213,0.2085320102209475,0.0,0.0
2017-07-12,0.0093074569221123,0.2453872891861759,0.2458091620468254,4.658343815282415,0.028788429928036163,0.0,0.0
2017-07-13,0.0069659849131955,0.2458091620468254,0.2461284568199274,4.658399772429691,-0.19721211399957067,0.0,0.0
2017-07-14,-0.0007415478174817,0.2461284568199274,0.2460936580827658,4.658397833368846,-0.8808985230092958,0.0,0.0
2017-07-17,0.000242729720604,0.2460936580827658,0.24610501359634,4.658398611926159,-0.7772113258081771,0.0,0.0
2017-07-18,0.0015492484900621,0.24610501359634,0.2461767455568021,4.658407164259577,-0.6433524642837651,0.0,0.0
2017-07-19,0.0020755095636086,0.2461767455568021,0.2462751175645224,4.658407341835817,-0.5723599538989236,0.0,0.0
2017-07-20,0.016029042725961,0.2462751175645224,0.2470108698589813,4.658525683966508,0.852732867636011,0.0,0.0
2017-07-21,0.0025779563779844,0.2470108698589813,0.2471327299346411,4.658527360090332,-0.5144270498469419,0.0,0.0
2017-07-24,0.022188080698406,0.2471327299346411,0.248161730358822,4.658637998549407,1.8433480882024331,0.0,0.0
2017-07-25,0.0205099857685988,0.248161730358822,0.2491016867779209,4.658796208935735,1.7843191416983257,0.0,0.0
2017-07-26,0.0202717937746834,0.2491016867779209,0.250027895595138,4.658967673836446,1.7155042466257444,0.0,0.0
2017-07-27,0.0360930762917108,0.250027895595138,0.2517074990742198,4.6591227915367215,3.5867622546960902,-1.0,0.0
2017-07-28,0.0171581913117453,0.2517074990742198,0.2525199705534662,4.659125824142005,1.0874069176557013,-1.0,-1.0
2017-07-31,0.0139345043937462,0.2525199705534662,0.2531823696152269,4.659113688916936,0.6941071631562417,-1.0,-1.0
2017-08-01,0.0191523847460501,0.2531823696152269,0.2540746595378709,4.659185402886327,1.2511840588603909,-1.0,-1.0
2017-08-02,0.0123548564216902,0.2540746595378709,0.2546433928475695,4.659266022331463,0.4548785167102326,0.0,-1.0
2017-08-03,0.0063848162555091,0.2546433928475695,0.2549300188523111,4.65934431603469,-0.22826826044971787,0.0,0.0
2017-08-04,0.0106116760979952,0.2549300188523111,0.2554084445467504,4.659465615372325,0.2413536242644778,0.0,0.0
2017-08-07,0.0065743260488462,0.2554084445467504,0.2557066682715745,4.659532117558596,-0.23197476689369564,0.0,0.0
2017-08-08,0.0015847312351491,0.2557066682715745,0.2557774910299041,4.6595534674874735,-0.8177924848772592,0.0,0.0
2017-08-09,-0.0076187497810806,0.2557774910299041,0.2554324091033953,4.659473127708353,-1.9035862427614036,0.0,0.0
2017-08-10,-0.0091140988439253,0.2554324091033953,0.2550157861275861,4.659396016330545,-2.000311936043842,1.0,0.0
2017-08-11,-0.0121501017490777,0.2550157861275861,0.2544646857271132,4.659272248837212,-2.250613075016471,1.0,1.0
2017-08-14,-0.0019908958355658,0.2544646857271132,0.2543756448469696,4.6592456743926975,-1.0700083520489319,1.0,1.0
2017-08-16,0.0074944124185885,0.2543756448469696,0.2547226411454936,4.659287435074405,-0.05873607444968172,0.0,1.0
2017-08-17,-0.0003647209585064,0.2547226411454936,0.254706128153415,4.659283578093756,-0.8665070711333617,0.0,0.0
2017-08-18,-0.0064000161307706,0.254706128153415,0.2544183077722025,4.65920602507911,-1.4747040851958289,0.0,0.0
2017-08-21,-0.0062772821259269,0.2544183077722025,0.2541415108189047,4.659102323109251,-1.4193645778116095,0.0,0.0
2017-08-22,-0.0028671368368646,0.2541415108189047,0.2540136227002354,4.659061898244514,-1.0405633988444207,0.0,0.0
2017-08-23,0.0098875731001486,0.2540136227002354,0.2544644000810553,4.659153270532089,0.3557446004464037,0.0,0.0
2017-08-24,0.0038750521733872,0.2544644000810553,0.2546387730342669,4.659200223876852,-0.27532516392179024,0.0,0.0
2017-08-28,0.0017358001075615,0.2546387730342669,0.2547177118911682,4.659217172423695,-0.49273943971429807,0.0,0.0
2017-08-29,-0.004816570245878,0.2547177118911682,0.254502741920538,4.659150067463534,-1.2052273500990576,0.0,0.0
2017-08-30,0.0072997393403451,0.254502741920538,0.254834462393964,4.659222852710676,0.17537839449693254,0.0,0.0
2017-08-31,0.0087206622070645,0.254834462393964,0.2552343837997799,4.659291566662216,0.33600698611511276,0.0,0.0
2017-09-01,-0.0027411157250787,0.2552343837997799,0.2551053794821714,4.659286491960034,-0.9380562271532198,0.0,0.0
2017-09-04,-0.007805751147063,0.2551053794821714,0.2547494456514752,4.659216397632191,-1.4704326662125315,0.0,0.0
2017-09-05,-0.0059897660874836,0.2547494456514752,0.2544714929755914,4.659186352596777,-1.2230616569842203,0.0,0.0
2017-09-06,-0.0038905830575197,0.2544714929755914,0.254289436317238,4.659174577671409,-0.965080771684251,0.0,0.0
2017-09-07,0.0015330368801214,0.254289436317238,0.2543604146052726,4.659182880192491,-0.3524477219121615,0.0,0.0
2017-09-08,0.0094509252150096,0.2543604146052726,0.2548063224160012,4.659192450741046,0.5235658557202578,0.0,0.0
2017-09-11,0.0271171226538609,0.2548063224160012,0.2560727673736251,4.659282007847942,2.4731236943913117,-1.0,0.0
2017-09-12,0.0229430173336977,0.2560727673736251,0.2571636455354776,4.659260428528348,1.8982249585000368,-1.0,-1.0
2017-09-13,0.0211871145524176,0.2571636455354776,0.2581579649684258,4.659303486813993,1.6355113335066207,-1.0,-1.0
2017-09-14,0.0177256575757205,0.2581579649684258,0.2589676153243522,4.6594501385829705,1.2259373805733824,-1.0,-1.0
2017-09-15,0.0191220469674373,0.2589676153243522,0.2598374538565662,4.659628021547584,1.3505285639145304,-1.0,-1.0
2017-09-18,0.0174521207099918,0.2598374538565662,0.2606475933929912,4.659710311332731,1.1505364333164636,-1.0,-1.0
2017-09-19,0.0028767482599816,0.2606475933929912,0.2607841499637587,4.659708647940684,-0.27589035943179413,0.0,-1.0
2017-09-20,0.0045178084913466,0.2607841499637587,0.2609927759301825,4.659734623611807,-0.1119094959780211,0.0,0.0
2017-09-21,-0.0034180824202492,0.2609927759301825,0.2608339300296421,4.659719912690094,-0.8959571117069752,0.0,0.0
2017-09-22,-0.0089035961115193,0.2608339300296421,0.2604267795184074,4.659648591023327,-1.4416157323701726,0.0,0.0
2017-09-25,-0.0143353539475201,0.2604267795184074,0.2597952533501974,4.659412891348645,-1.9500638074542263,0.0,0.0
2017-09-26,-0.0134717208799619,0.2597952533501974,0.2592016384464063,4.659189753158995,-1.7770451369567752,0.0,0.0
2017-09-27,-0.0151822074860188,0.2592016384464063,0.2585430204474581,4.658884928948599,-1.8831246924251062,0.0,0.0
2017-09-28,-0.0075604107986322,0.2585430204474581,0.2581957930075341,4.658828144177084,-1.1211553817312896,0.0,0.0
2017-09-29,0.0008839138411245,0.2581957930075341,0.2582361187669015,4.658836019678894,-0.35748385941474803,0.0,0.0
2017-10-03,0.0012999416771588,0.2582361187669015,0.2582958506271267,4.658845412344471,-0.33212867137742513,0.0,0.0
2017-10-04,-0.0114092541135271,0.2582958506271267,0.2577532313554556,4.658855499578633,-1.4678352288068761,0.0,0.0
2017-10-05,-0.0084790119261102,0.2577532313554556,0.2573522562324672,4.658853179736801,-1.1602840983972387,0.0,0.0
2017-10-06,-0.0071717084791904,0.2573522562324672,0.2570127682116982,4.65885366629334,-1.0102440022801542,0.0,0.0
2017-10-09,-0.0104916008761195,0.2570127682116982,0.2565130044249815,4.658870963947393,-1.2656959267774799,0.0,0.0
2017-10-10,-0.0052261645484597,0.2565130044249815,0.2562647226977927,4.658876760097976,-0.7726358597924345,0.0,0.0
2017-10-11,-0.0080099021330344,0.2562647226977927,0.2558948875712313,4.658832366663044,-0.9892216262311837,0.0,0.0
2017-10-12,0.0065369670689348,0.2558948875712313,0.2562022006003587,4.658841423733007,0.25874401392630564,0.0,0.0
2017-10-13,0.0163985684839174,0.2562022006003587,0.2569952694189388,4.658751592186983,1.084359485504437,0.0,0.0
2017-10-16,0.0156172901927389,0.2569952694189388,0.2577392102055926,4.658720510778767,0.9879754241318607,0.0,0.0
2017-10-17,0.0093998970420186,0.2577392102055926,0.2581794149455296,4.658739456798632,0.44437922912930805,0.0,0.0
2017-10-18,0.0121842007434889,0.2581794149455296,0.2587604392577596,4.658711422334762,0.6898281962684847,0.0,0.0
2017-10-19,0.0025894911720962,0.2587604392577596,0.2588792836842534,4.658728741186236,-0.12655320997750347,0.0,0.0
2017-10-23,0.0138837982046782,0.2588792836842534,0.2594998661158493,4.6589070223385605,0.8598295676452579,0.0,0.0
2017-10-24,0.0114084324469425,0.2594998661158493,0.2600159379373441,4.659024345723489,0.6659139784876775,0.0,0.0
2017-10-25,-0.0169825457032892,0.2600159379373441,0.2593138098964502,4.658515539256791,-1.7888590095610069,0.0,0.0
2017-10-26,-0.014744622750471,0.2593138098964502,0.2586784095012588,4.65819849366552,-1.5885111043678937,0.0,0.0
2017-10-27,-0.0160020172095505,0.2586784095012588,0.257966309487007,4.657966202012059,-1.6461959123853458,0.0,0.0
2017-10-30,0.0013284716599111,0.257966309487007,0.2580257994868425,4.657983552447597,-0.024974154398548613,0.0,0.0
2017-10-31,-0.0016258934440021,0.2580257994868425,0.2579531021069886,4.657961825904479,-0.26951429429095664,0.0,0.0
2017-11-01,0.0059564696777467,0.2579531021069886,0.2582205297965237,4.658035827060058,0.45185833281986776,0.0,0.0
2017-11-02,0.0061673968171769,0.2582205297965237,0.2584963865582415,4.658117585254277,0.47219954277459836,0.0,0.0
2017-11-03,0.0103577153283653,0.2584963865582415,0.258958958300752,4.65825858194871,0.871329033847919,0.0,0.0
2017-11-06,0.0080839725112236,0.258958958300752,0.2593185260680135,4.658376105159474,0.6511682648728335,0.0,0.0
2017-11-07,0.0024662801397434,0.2593185260680135,0.259429635134579,4.658404971062138,0.12003923109056022,0.0,0.0
2017-11-08,0.0035677556183246,0.259429635134579,0.2595903925161854,4.658446533263978,0.2074067099467372,0.0,0.0
2017-11-09,0.0052710082188163,0.2595903925161854,0.2598262559829499,4.658516117075299,0.34870615576321234,0.0,0.0
2017-11-10,0.0038530846008555,0.2598262559829499,0.2599960134318457,4.658580385772745,0.19134723920914662,0.0,0.0
2017-11-13,-0.0020972454898968,0.2599960134318457,0.2599025269114614,4.658550673999668,-0.38279251355638194,0.0,0.0
2017-11-14,-0.0089412631265046,0.2599025269114614,0.2594983340557394,4.658452007096748,-1.018793887484491,0.0,0.0
2017-11-15,-0.0110440728507006,0.2594983340557394,0.2589873593274742,4.658389184211197,-1.1951964566516065,0.0,0.0
2017-11-16,-0.0056599909249221,0.2589873593274742,0.2587238702132634,4.65836572216263,-0.6753468216671915,0.0,0.0
2017-11-17,0.0041307358826605,0.2587238702132634,0.2589169691065964,4.6583784319051285,0.24048186155784695,0.0,0.0
2017-11-20,0.0056161977269422,0.2589169691065964,0.2591851478754434,4.658366925198447,0.3691036035590578,0.0,0.0
2017-11-21,0.0112734228512927,0.2591851478754434,0.2597081510401415,4.658419041924185,0.9098781428149678,0.0,0.0
2017-11-22,0.0142101056027357,0.2597081510401415,0.2603607876865905,4.658518149257072,1.167124416483387,0.0,0.0
2017-11-23,0.0049883161264174,0.2603607876865905,0.2605879678905784,4.658562807659548,0.2819044727278788,0.0,0.0
2017-11-24,0.0062701385236776,0.2605879678905784,0.2608776096857885,4.658598774247068,0.3864160230088848,0.0,0.0
2017-11-27,0.0064688728635715,0.2608776096857885,0.2611784339738454,4.658625649238612,0.40672665481292386,0.0,0.0
2017-11-28,0.010697713543144,0.2611784339738454,0.2616681686930209,4.6587085358216624,0.8041738087606383,0.0,0.0
2017-11-29,0.0131774663698021,0.2616681686930209,0.2622673794800531,4.658831358107875,1.0103165469518613,0.0,0.0
2017-11-30,0.0060663751625051,0.2622673794800531,0.262531403608065,4.658947543025617,0.31881513173839854,0.0,0.0
2017-12-01,0.0003114194411315,0.262531403608065,0.2625452497408684,4.658952098987547,-0.23372054615213045,0.0,0.0
2017-12-04,-0.0055374757912067,0.2625452497408684,0.2623004552237385,4.658863775577986,-0.7865846750717033,0.0,0.0
2017-12-05,-0.0121230464568977,0.2623004552237385,0.2617581624340803,4.658701641758225,-1.3830150546599986,0.0,0.0
2017-12-06,-0.0185034998791113,0.2617581624340803,0.2609263608644172,4.658474680194308,-1.9182843615994267,0.0,0.0
2017-12-07,-0.0108674857496877,0.2609263608644172,0.2604342069985941,4.658359620435704,-1.165706726225991,0.0,0.0
2017-12-08,0.0067858814432915,0.2604342069985941,0.260746078662017,4.658408431255737,0.5426422430582327,0.0,0.0
2017-12-11,0.0084675855622506,0.260746078662017,0.2611341913863114,4.65847399093354,0.7477063472444196,0.0,0.0
2017-12-12,-0.006005886869044,0.2611341913863114,0.260863030957462,4.658407046236861,-0.6709051050973998,0.0,0.0
2017-12-13,-0.0074611599049099,0.260863030957462,0.260516699591123,4.658371030887404,-0.7954928869717351,0.0,0.0
2017-12-14,0.0010497513843565,0.260516699591123,0.2605660012879691,4.658373126465658,0.12459218446743758,0.0,0.0
2017-12-15,0.0184794536612979,0.2605660012879691,0.2614351173035654,4.658401876821972,1.961096997149629,0.0,0.0
2017-12-18,0.0185132542222339,0.2614351173035654,0.2622892466236607,4.658512491397334,1.8840567511213544,0.0,0.0
2017-12-19,0.0172860702870769,0.2622892466236607,0.2630821096019843,4.65863948342519,1.6746455848076196,0.0,0.0
2017-12-20,0.0064694541160505,0.2630821096019843,0.2633741392862005,4.658710846178724,0.5480750552691277,0.0,0.0
2017-12-21,0.0054886036219965,0.2633741392862005,0.2636217184945841,4.658772693267744,0.4253694780695073,0.0,0.0
2017-12-22,0.0087035440205189,0.2636217184945841,0.2640152183969473,4.658866688927178,0.7264512304400276,0.0,0.0
2017-12-26,0.0004744569679626,0.2640152183969473,0.2640369537137974,4.658870397275041,-0.15050694833001957,0.0,0.0
2017-12-27,-0.0053003705003282,0.2640369537137974,0.2637952905881538,4.658823359832369,-0.7679573616484202,0.0,0.0
2017-12-28,0.0098660196757869,0.2637952905881538,0.2642380224795245,4.658946508522631,0.8205510561341062,0.0,0.0
2017-12-29,0.0029550086373548,0.2642380224795245,0.2643725038722565,4.658974152523812,0.08794166884843468,0.0,0.0
2018-01-01,-0.0046957056771157,0.2643725038722565,0.2641624606202182,4.658911942370458,-0.7389423384420335,0.0,0.0
2018-01-02,0.0052003977112136,0.2641624606202182,0.264397686500075,4.658968072376045,0.29531811569288097,0.0,0.0
2018-01-03,-0.0058605722418647,0.264397686500075,0.2641334160097918,4.658900725397245,-0.9026156843805752,0.0,0.0
2018-01-04,-0.0005679495042567,0.2641334160097918,0.2641077089768285,4.658894674024134,-0.3503701480025058,0.0,0.0
2018-01-05,0.000862819286211,0.2641077089768285,0.2641470330218663,4.658902511505136,-0.20586033162967152,0.0,0.0
2018-01-08,-0.0017663740559452,0.2641470330218663,0.2640660653005447,4.658888829268912,-0.511974333765032,0.0,0.0
2018-01-09,-0.0006150368888508,0.2640660653005447,0.2640377252266969,4.658884827995516,-0.370619150048482,0.0,0.0
2018-01-10,0.0017759527852874,0.2640377252266969,0.2641182936190178,4.658902651910025,-0.07976503588444998,0.0,0.0
2018-01-11,0.0017731253520603,0.2641182936190178,0.2642010421900863,4.658908922774128,-0.055425486611486205,0.0,0.0
2018-01-12,-0.0040274741493693,0.2642010421900863,0.2640123748541726,4.658898630073378,-0.702956064034347,0.0,0.0
2018-01-15,0.010391021651074,0.2640123748541726,0.2645079410655773,4.658880085687297,0.9800009078526781,0.0,0.0
2018-01-16,0.0103341592704664,0.2645079410655773,0.2649911079507855,4.658909017037085,0.9509749065003213,0.0,0.0
2018-01-17,0.0042225435425882,0.2649911079507855,0.2651852850028282,4.65893712030543,0.26290851940974436,0.0,0.0
2018-01-18,0.0211034931536673,0.2651852850028282,0.2661854856756013,4.658928712152262,2.2385699525437865,-1.0,0.0
2018-01-19,0.0214335508792204,0.2661854856756013,0.2672140654659086,4.658853588827514,2.204594447527273,-1.0,-1.0
2018-01-22,0.0183068040112974,0.2672140654659086,0.2680995270385291,4.6587517924219455,1.762829295042654,-1.0,-1.0
2018-01-23,0.0071653188936897,0.2680995270385291,0.2684415715627453,4.6587338463409225,0.4162704798256878,0.0,-1.0
2018-01-24,0.0074387441068637,0.2684415715627453,0.2687950396431587,4.658723061275835,0.4366398791706368,0.0,0.0
2018-01-25,0.0113182917420777,0.2687950396431587,0.2693372292113122,4.658683999543296,0.8763594731839743,0.0,0.0
2018-01-29,0.0153167895654595,0.2693372292113122,0.2700863951496813,4.658551272174772,1.3286452818021628,0.0,0.0
2018-01-30,0.0159576269003078,0.2700863951496813,0.2708219480961804,4.658639288246651,1.3664775654712529,0.0,0.0
2018-01-31,0.011859744603889,0.2708219480961804,0.2713849014213564,4.658623228401848,0.8729877374968938,0.0,0.0
2018-02-01,-0.0013638586274913,0.2713849014213564,0.271319695184844,4.658627545148672,-0.6399497804481061,0.0,0.0
2018-02-02,-0.0143181350423144,0.271319695184844,0.2706793384724505,4.658448557952757,-2.097302466723529,1.0,0.0
2018-02-05,-0.0224103165295828,0.2706793384724505,0.2697108852618512,4.657991852512984,-2.8761114287729397,1.0,1.0
2018-02-06,-0.0183956046472086,0.2697108852618512,0.2689441306373013,4.65746957211354,-2.2383276835176247,1.0,1.0
2018-02-07,-0.0271725350292326,0.2689441306373013,0.2677782432817609,4.656859736771095,-2.977973894899084,1.0,1.0
2018-02-08,-0.0199703023998374,0.2677782432817609,0.2668835901596511,4.656601234105786,-2.0827055841356947,1.0,1.0
2018-02-09,-0.0267337677711525,0.2668835901596511,0.2657212585609015,4.656078659519235,-2.618598620953984,1.0,1.0
2018-02-12,-0.0082537912646474,0.2657212585609015,0.265350773821319,4.655975586598696,-0.8985538964715919,1.0,1.0
2018-02-14,-0.0025893071334976,0.265350773821319,0.2652341714637759,4.655945313842876,-0.40740942528870816,0.0,1.0
2018-02-15,-0.0025245472693278,0.2652341714637759,0.2651201692733771,4.6559174980969935,-0.3918422098954053,0.0,0.0
2018-02-16,-0.0056838431311554,0.2651201692733771,0.2648593022772562,4.655876273087206,-0.6500360512040171,0.0,0.0
2018-02-19,-0.0059708544917542,0.2648593022772562,0.2645829865923961,4.655844933391135,-0.6517980364484606,0.0,0.0
2018-02-20,-0.009862136742492,0.2645829865923961,0.2641362398418794,4.655745097366833,-0.9626295018715617,0.0,0.0
2018-02-21,-0.01282132456772,0.2641362398418794,0.2635452245696549,4.6556666221899246,-1.1883809242610828,0.0,0.0
2018-02-22,-0.0161698988741818,0.2635452245696549,0.2627805427501756,4.655666300646139,-1.433744087333867,0.0,0.0
2018-02-23,0.000544010180854,0.2627805427501756,0.262806363641228,4.655665755651797,0.015263900793520824,0.0,0.0
2018-02-26,0.0109129125997622,0.262806363641228,0.2633383572510501,4.6555821788754725,0.9016196959027851,0.0,0.0
2018-02-27,0.0063072553742431,0.2633383572510501,0.2636349441810319,4.655588003229173,0.519133875767971,0.0,0.0
2018-02-28,-0.0043830386144572,0.2636349441810319,0.2634312860590883,4.655571469242083,-0.3831030916452832,0.0,0.0
2018-03-01,-0.0097533146870025,0.2634312860590883,0.2629766246839439,4.655541812849924,-0.8285160027148275,0.0,0.0
2018-03-05,-0.0106557930985937,0.2629766246839439,0.2624794297980655,4.655511788664999,-0.8951489409867727,0.0,0.0
2018-03-06,-0.0164804129835332,0.2624794297980655,0.26173639793294,4.655333321407191,-1.3888294783043593,0.0,0.0
2018-03-07,-0.0203707717234795,0.26173639793294,0.2608111291662598,4.655145186082738,-1.726189351250574,0.0,0.0
2018-03-08,-0.003546623138706,0.2608111291662598,0.260650612253775,4.655109346319657,-0.2868074343123516,0.0,0.0
2018-03-09,-0.0036563840776322,0.260650612253775,0.2604847648004692,4.655074102091941,-0.28223741475073416,0.0,0.0
2018-03-12,0.0016520325899005,0.2604847648004692,0.2605620102809607,4.6550782656933904,0.1767210807964211,0.0,0.0
2018-03-13,0.0014596855591895,0.2605620102809607,0.2606280017816916,4.655093313955638,0.15024734646523766,0.0,0.0
2018-03-14,0.003889658240805,0.2606280017816916,0.2608036240970384,4.655134799909034,0.34201318752199883,0.0,0.0
2018-03-15,0.0106705547049621,0.2608036240970384,0.2612897584017653,4.655226901158022,0.9059407151047548,0.0,0.0
2018-03-16,-0.0008634615059976,0.2612897584017653,0.2612520412915249,4.655211200658339,-0.05033090710498713,0.0,0.0
2018-03-19,-0.0008436235821234,0.2612520412915249,0.2612155304118138,4.655194014074897,-0.021686238271737678,0.0,0.0
2018-03-20,-0.0039128808638988,0.2612155304118138,0.2610449302312044,4.655120189786297,-0.2677719859788,0.0,0.0
2018-03-21,0.0061183009959506,0.2610449302312044,0.2613176711115851,4.655205647159758,0.6400104908634946,0.0,0.0
2018-03-22,0.0088408812781892,0.2613176711115851,0.2617154658269497,4.6553102042922845,0.8809939114339875,0.0,0.0
2018-03-23,-0.0039509702942552,0.2617154658269497,0.2615415094249625,4.655244286258146,-0.25754095698547935,0.0,0.0
2018-03-26,0.0246967106833198,0.2615415094249625,0.2626401904680692,4.655600429585953,2.297106778618703,-1.0,0.0
2018-03-27,0.0153938332448895,0.2626401904680692,0.2633423095783975,4.655734959154414,1.3681974083357058,-1.0,-1.0
2018-03-28,0.0085831018304221,0.2633423095783975,0.263732360650286,4.65581654959384,0.7718704206264129,-1.0,-1.0
2018-04-02,0.0180555283530861,0.263732360650286,0.2646211186565184,4.655641078686172,1.5588678070155944,-1.0,-1.0
2018-04-03,0.0038667937950398,0.2646211186565184,0.2648096059190289,4.655611507841477,0.32520427928936707,0.0,-1.0
2018-04-04,-0.008238987129693,0.2648096059190289,0.2644303776377177,4.655562114185378,-0.6746822166306629,0.0,0.0
2018-04-05,-0.0022569947164576,0.2644303776377177,0.2643200208487222,4.655581382142074,-0.17595322105288105,0.0,0.0
2018-04-06,0.0056748943198927,0.2643200208487222,0.2645928260110088,4.655555578389972,0.48149567685215455,0.0,0.0
2018-04-09,0.0125543580504032,0.2645928260110088,0.2651871585534127,4.655544416061167,1.0410763978452071,0.0,0.0
2018-04-10,0.0010159917699441,0.2651871585534127,0.2652344435935091,4.655547664880707,0.06964568935853296,0.0,0.0
2018-04-11,-0.0032331184337754,0.2652344435935091,0.2650818659820752,4.655547964413242,-0.27979168991911235,0.0,0.0
2018-04-12,0.0007709591630167,0.2650818659820752,0.2651183861113632,4.655547156619218,0.054196216459390864,0.0,0.0
2018-04-13,-0.0052261367993153,0.2651183861113632,0.2648672497751069,4.655571330109695,-0.4343059628339707,0.0,0.0
2018-04-16,0.0001697497216452,0.2648672497751069,0.2648755397059027,4.655569839700213,0.008084624198673864,0.0,0.0
2018-04-17,0.0050595350822701,0.2648755397059027,0.2651156245851909,4.655560644863049,0.42375775416278516,0.0,0.0
2018-04-18,-0.0019397345266805,0.2651156245851909,0.2650260288739921,4.655551553970552,-0.14460399974697632,0.0,0.0
2018-04-19,0.0018740001019974,0.2650260288739921,0.2651122712432846,4.655562139870923,0.17878714693515005,0.0,0.0
2018-04-20,0.0103140064188425,0.2651122712432846,0.2655848929708258,4.655631500179537,0.927448063364508,0.0,0.0
2018-04-23,-0.0063746597680296,0.2655848929708258,0.2652861164561192,4.655622762746107,-0.4846273774402137,0.0,0.0
2018-04-24,-0.0044436412551229,0.2652861164561192,0.2650803631234626,4.655603980470679,-0.28753496177655774,0.0,0.0
2018-04-25,-0.0111158329819058,0.2650803631234626,0.2645665345320511,4.655552558014053,-0.8667590256533919,0.0,0.0
2018-04-26,-0.0073445356083201,0.2645665345320511,0.2642194537100996,4.655557824202576,-0.5023400058659949,0.0,0.0
2018-04-27,-0.0096872377503203,0.2642194537100996,0.2637642123616781,4.655552585403914,-0.6901931408807928,0.0,0.0
2018-04-30,-0.0012991817956686,0.2637642123616781,0.263701741187154,4.655559310893235,0.10434933280457685,0.0,0.0
2018-05-02,0.0021363685804853,0.263701741187154,0.2638092512259825,4.655523004942508,0.4567768922378443,0.0,0.0
2018-05-03,0.0057028552611226,0.2638092512259825,0.2640802659262456,4.655507399991543,0.8188361229883587,0.0,0.0
2018-05-04,0.0146621777466675,0.2640802659262456,0.264769011839197,4.655509451654949,1.6526402679616496,0.0,0.0
2018-05-07,0.0027938245360754,0.264769011839197,0.2649012129652067,4.655504914478902,0.47602894332606155,0.0,0.0
2018-05-08,-0.0024963704695197,0.2649012129652067,0.2647848291886144,4.65549993991943,-0.06078015931141856,0.0,0.0
2018-05-09,0.0019276948270379,0.2647848291886144,0.2648752489905526,4.655500965237473,0.34842561714795106,0.0,0.0
2018-05-10,0.0094037016147003,0.2648752489905526,0.2653105369675027,4.655536077015518,1.0998199535847368,0.0,0.0
2018-05-11,0.0123048836745844,0.2653105369675027,0.2658927057479363,4.655516418513902,1.3855992258245617,0.0,0.0
2018-05-14,0.0131628871345759,0.2658927057479363,0.2665123500020843,4.655510530888578,1.4881207163557442,0.0,0.0
2018-05-15,0.0150923884156997,0.2665123500020843,0.2672275680598518,4.655478084957351,1.6490163335907393,0.0,0.0
2018-05-16,0.0045545365378574,0.2672275680598518,0.2674403224818849,4.655484129208262,0.425755384556437,0.0,0.0
2018-05-17,0.0077843695906398,0.2674403224818849,0.2677961755484233,4.6555353002925015,0.7669580640775653,0.0,0.0
2018-05-18,-0.0069072439748056,0.2677961755484233,0.2674708643212436,4.655539617781422,-0.8690174265087256,0.0,0.0
2018-05-21,-0.010950126195155,0.2674708643212436,0.266971959028099,4.655458955157232,-1.3087818396997395,0.0,0.0
2018-05-22,-0.0067552699999939,0.266971959028099,0.2666702115195204,4.6553769893455685,-0.8453205899974747,0.0,0.0
2018-05-23,-0.0147697779906801,0.2666702115195204,0.2660141120893831,4.655176932098819,-1.7552277737046187,0.0,0.0
2018-05-24,-0.0058144117905181,0.2660141120893831,0.2657469051875663,4.655144486592239,-0.7701070102822275,0.0,0.0
2018-05-25,0.0028456906021085,0.2657469051875663,0.2658808282944596,4.655143603393822,0.204069075299285,0.0,0.0
2018-05-28,0.0183764515762652,0.2658808282944596,0.2667388702048574,4.6551708874302085,1.9578227247153928,0.0,0.0
2018-05-29,0.0115382829945938,0.2667388702048574,0.2672645832935577,4.655255925592123,1.138044134230445,0.0,0.0
2018-05-30,0.0123328594614937,0.2672645832935577,0.2678403667187346,4.655274367851963,1.1866157102240484,0.0,0.0
2018-05-31,0.0526282675424845,0.2678403667187346,0.2703772490925049,4.654927268559242,5.499792890275377,-1.0,0.0
2018-06-01,0.0286229638854269,0.2703772490925049,0.2717070044220729,4.654996880787701,2.30452123282081,-1.0,-1.0
2018-06-04,-0.0069282450606049,0.2717070044220729,0.2713928915705619,4.654938907610003,-0.9137489481376174,0.0,-1.0
2018-06-05,0.0031873054461177,0.2713928915705619,0.2715376322746471,4.654964657987583,-0.049276905964043896,0.0,0.0
2018-06-06,-0.0029561303154741,0.2715376322746471,0.2714014249858788,4.654951009189097,-0.6165342982639214,0.0,0.0
2018-06-07,0.0012555155021205,0.2714014249858788,0.2714586533111073,4.6549600499239006,-0.2359726778810779,0.0,0.0
2018-06-08,-0.0069540905982528,0.2714586533111073,0.2711386936728446,4.654925604234056,-0.9799613653590361,0.0,0.0
2018-06-11,-0.0096100733023414,0.2711386936728446,0.2706952435739071,4.654885104028473,-1.1989960312764056,0.0,0.0
2018-06-12,-0.0075539080049242,0.2706952435739071,0.2703455286592168,4.654859602977188,-0.9819720952364698,0.0,0.0
2018-06-13,-0.0109198207248963,0.2703455286592168,0.2698449947601436,4.654796665437235,-1.248963051616404,0.0,0.0
2018-06-14,-0.0065629234720381,0.2698449947601436,0.2695422133877391,4.654769144774178,-0.8382025513698337,0.0,0.0
2018-06-15,-0.0101641185301311,0.2695422133877391,0.2690709305211264,4.654739317034024,-1.139429637380421,0.0,0.0
2018-06-18,-0.0076578206544635,0.2690709305211264,0.2687290882001066,4.6546470483426114,-0.9048913879030458,0.0,0.0
2018-06-19,-0.0010371674968121,0.2687290882001066,0.2686833224951452,4.654631608846986,-0.311078698750275,0.0,0.0
2018-06-20,0.0108732498665453,0.2686833224951452,0.2691809025066178,4.654700564125132,0.7273420361230952,0.0,0.0
2018-06-21,0.0109087100543083,0.2691809025066178,0.2696720449499753,4.654811726112197,0.7079272768764393,0.0,0.0
2018-06-22,0.0189761118177722,0.2696720449499753,0.270536882279192,4.654950100220587,1.4595149974937138,0.0,0.0
2018-06-25,0.0182235207543097,0.270536882279192,0.2713737267616636,4.655049014583784,1.3782737202262223,0.0,0.0
2018-06-26,0.012483133968149,0.2713737267616636,0.2719465547531591,4.655118327933187,0.8496419044149768,0.0,0.0
2018-06-27,0.0193629824134387,0.2719465547531591,0.2728259843491698,4.655273504169051,1.465752124723042,0.0,0.0
2018-06-28,0.0198547152920536,0.2728259843491698,0.2737452711768264,4.655340082664257,1.4603005888124034,0.0,0.0
2018-06-29,0.0032999890909657,0.2737452711768264,0.2738979925295055,4.655351293243954,0.0007487268726250678,0.0,0.0
2018-07-02,-0.0133785273066004,0.2738979925295055,0.2732860206261159,4.655268358475874,-1.426286563086359,0.0,0.0
2018-07-03,-0.0144375651854842,0.2732860206261159,0.2726140523264864,4.65524004811531,-1.4653296543300391,0.0,0.0
2018-07-04,0.0029049067721524,0.2726140523264864,0.2727503760359748,4.655239576851384,0.02386736321424321,0.0,0.0
2018-07-05,0.0117483915668321,0.2727503760359748,0.2732965651335136,4.655264023085502,0.7528868695639308,0.0,0.0
2018-07-06,0.0033665166341219,0.2732965651335136,0.2734532633359952,4.65526993912151,0.03869859360126115,0.0,0.0
2018-07-09,0.0046757828968528,0.2734532633359952,0.2736731230986742,4.655266154472712,0.14320243883157102,0.0,0.0
2018-07-10,0.0157292744055315,0.2736731230986742,0.274393998841358,4.65535213379451,1.0458684577723785,0.0,0.0
2018-07-11,0.0093773546099713,0.274393998841358,0.2748309281106079,4.65536561294804,0.4939211747308099,0.0,0.0
2018-07-12,0.014549474635217,0.2748309281106079,0.2755063079513741,4.65539936833758,0.9111988616360069,0.0,0.0
2018-07-13,0.0147273221094028,0.2755063079513741,0.276197736885158,4.655391469938985,0.8986482773387546,0.0,0.0
2018-07-16,0.0044946794517111,0.276197736885158,0.2764078172432362,4.655393733649654,0.04608178619669774,0.0,0.0
2018-07-17,0.0084891254697998,0.2764078172432362,0.2767976615274025,4.655434786483578,0.37858424359418097,0.0,0.0
2018-07-18,0.0064057868041027,0.2767976615274025,0.2770901263572359,4.655475135869261,0.19012101029452594,0.0,0.0
2018-07-19,0.0195821628461176,0.2770901263572359,0.2779250337112922,4.65591533293272,1.2559416357775708,0.0,0.0
2018-07-20,0.0187453846488478,0.2779250337112922,0.278722678410467,4.656350064630599,1.146554188975914,0.0,0.0
2018-07-23,-0.0019282018228246,0.278722678410467,0.2786387144379724,4.656315216866126,-0.5838831231070761,0.0,0.0
2018-07-24,0.0053212047645496,0.2786387144379724,0.2788650853367803,4.656439977534281,-0.0010173666832500759,0.0,0.0
2018-07-25,0.0082702523811182,0.2788650853367803,0.2792246230426791,4.656593860117292,0.23427936085651005,0.0,0.0
2018-07-26,0.0170906557487047,0.2792246230426791,0.2799725940167721,4.65688561806189,0.9571246166676355,0.0,0.0
2018-07-27,0.0170145842269429,0.2799725940167721,0.2807245205926291,4.657137409118534,0.9280226723141428,0.0,0.0
2018-07-30,-0.0009190336803772,0.2807245205926291,0.2806839419303802,4.657123637358317,-0.549305439050154,0.0,0.0
2018-07-31,0.0033910693175052,0.2806839419303802,0.2808351433034043,4.657166650474683,-0.1901626122284226,0.0,0.0
2018-08-01,-0.0083366007987741,0.2808351433034043,0.2804585970475516,4.657086710777515,-1.162735019612559,0.0,0.0
2018-08-02,-0.0124201078914287,0.2804585970475516,0.2799221912835936,4.656838185911184,-1.4689409188526859,0.0,0.0
2018-08-03,-0.0195558019599912,0.2799221912835936,0.2790297293350451,4.656697532345174,-1.9861641600431872,0.0,0.0
2018-08-06,-0.0121722508631814,0.2790297293350451,0.2784955079548893,4.656498734003794,-1.314483467062603,0.0,0.0
2018-08-07,-0.0013871795463078,0.2784955079548893,0.2784339718708395,4.656479427559618,-0.43911819911566297,0.0,0.0
2018-08-08,0.0005316902874019,0.2784339718708395,0.2784578653865599,4.6564852140014485,-0.27164054198485893,0.0,0.0
2018-08-09,-0.0055985087594567,0.2784578653865599,0.2782095201451566,4.656407299733875,-0.7395057149950498,0.0,0.0
2018-08-10,-0.0078500842269164,0.2782095201451566,0.277854883194965,4.656331623414558,-0.8927474466562785,0.0,0.0
2018-08-13,-0.0170058171596858,0.277854883194965,0.2770837386471729,4.656183559405054,-1.593975952815897,0.0,0.0
2018-08-14,-0.0150574131857501,0.2770837386471729,0.2763950422064977,4.656084140319464,-1.42140558944683,0.0,0.0
2018-08-16,-0.0072030680928829,0.2763950422064977,0.2760885466562646,4.655915840086763,-0.8044330233001329,0.0,0.0
2018-08-17,-0.0084794098263163,0.2760885466562646,0.2757110898397949,4.655803556746633,-0.9195459133326432,0.0,0.0
2018-08-20,0.000253709451667,0.2757110898397949,0.2757226364717243,4.655805581920891,-0.2522834757461557,0.0,0.0
2018-08-21,0.002582088180282,0.2757226364717243,0.2758381686268639,4.655836437578993,-0.07265387661210611,0.0,0.0
2018-08-23,-0.0023729025631462,0.2758381686268639,0.2757340240930601,4.655797363504359,-0.4324806140772422,0.0,0.0
2018-08-24,-0.0081018018307226,0.2757340240930601,0.2753713663454327,4.655700508197567,-0.8548075064986822,0.0,0.0
2018-08-27,-0.0053367728984925,0.2753713663454327,0.2751243372071727,4.655679621348833,-0.6157370173332222,0.0,0.0
2018-08-28,0.0007571876395733,0.2751243372071727,0.2751597091251079,4.655680784075894,-0.0867085500564372,0.0,0.0
2018-08-29,-0.0080240337144257,0.2751597091251079,0.2747858673397167,4.655664139127421,-0.8631524147747763,0.0,0.0
2018-08-30,-0.0096583185535141,0.2747858673397167,0.2743455185410839,4.655593916681587,-1.0117271140391717,0.0,0.0
2018-08-31,-0.0114912448277646,0.2743455185410839,0.273815196232166,4.655543767975617,-1.1523526561152466,0.0,0.0
2018-09-03,0.0020852494223184,0.273815196232166,0.2739085594073409,4.655567961071911,0.10777863608965985,0.0,0.0
2018-09-04,-0.0072297327214867,0.2739085594073409,0.2735890397111547,4.655461404302549,-0.7413143763879516,0.0,0.0
2018-09-05,-0.0039983308160325,0.2735890397111547,0.2734162145251251,4.655381643367667,-0.4466443275288221,0.0,0.0
2018-09-06,-0.0048459643690623,0.2734162145251251,0.2731964202277356,4.655338640515621,-0.535563192725077,0.0,0.0
2018-09-07,0.0022012370750656,0.2731964202277356,0.273293942854069,4.655370210173103,0.10577344762448185,0.0,0.0
2018-09-10,-0.0012955253984063,0.273293942854069,0.2732380655768247,4.655343594371789,-0.23779897907031367,0.0,0.0
2018-09-11,-0.0173158865808487,0.2732380655768247,0.272500948305119,4.654934803847299,-1.7391769133574875,0.0,0.0
2018-09-12,-0.0125270555231633,0.272500948305119,0.2719369692938803,4.654798480408273,-1.2622080084951162,0.0,0.0
2018-09-14,-0.0025191025929123,0.2719369692938803,0.2718216917793437,4.654781091855253,-0.3343529844072433,0.0,0.0
2018-09-17,-0.018451976171705,0.2718216917793437,0.2709905374214584,4.654586311076335,-1.7808703960703838,0.0,0.0
2018-09-18,-0.0118458580664064,0.2709905374214584,0.2704681117980533,4.6544028364149295,-1.1144318693009523,0.0,0.0
2018-09-19,-0.0254637423139225,0.2704681117980533,0.2693150670034791,4.654163984777225,-2.289421060491496,1.0,0.0
2018-09-21,-0.0039067409194357,0.2693150670034791,0.2691510018769352,4.654060327149381,-0.2995642434163802,0.0,1.0
2018-09-24,-0.01849684375878,0.2691510018769352,0.268400396435567,4.653429353925129,-1.5778464514531643,0.0,0.0
2018-09-25,-0.0079951263845376,0.268400396435567,0.2680448659523822,4.653316613258808,-0.588189601050377,0.0,0.0
2018-09-26,0.0052981805770837,0.2680448659523822,0.2682764004639834,4.653411903958944,0.6487118210112482,0.0,0.0
2018-09-27,0.0142272522996549,0.2682764004639834,0.2688758797823469,4.653783445426382,1.5309011989074672,0.0,0.0
2018-09-28,0.025819646687057,0.2688758797823469,0.2699851788239332,4.65434986038222,2.5587273603639837,-1.0,0.0
2018-10-01,0.038459030904292,0.2699851788239332,0.2716045535648017,4.655365171171197,3.5143312015501817,-1.0,-1.0
2018-10-03,0.032381143941496,0.2716045535648017,0.2729355657588256,4.65639014631502,2.6679322291302086,-1.0,-1.0
2018-10-04,-0.0066536840490973,0.2729355657588256,0.2726673662269679,4.656151506869335,-0.5243377518596888,0.0,-1.0
2018-10-05,0.0045915082664258,0.2726673662269679,0.2728500276939309,4.656329110450919,0.36814610523894703,0.0,0.0
2018-10-08,-0.0201316285957302,0.2728500276939309,0.2719310704787416,4.656153712281258,-1.548069251012061,0.0,0.0
2018-10-09,-0.018285343508646,0.2719310704787416,0.2710910292051531,4.656027370873868,-1.3482242954327395,0.0,0.0
2018-10-10,-0.0071098624168453,0.2710910292051531,0.2707486021376935,4.656060992845796,-0.45474298091054627,0.0,0.0
2018-10-11,-0.0151129344740077,0.2707486021376935,0.2700580416848287,4.65594448529384,-1.0455229519957692,0.0,0.0
2018-10-12,-0.0008701797399961,0.2700580416848287,0.2700148032154125,4.65595572772781,0.077990940450669,0.0,0.0
2018-10-15,0.0117252037439596,0.2700148032154125,0.2705871962077343,4.655853104728748,1.0767067534220904,0.0,0.0
2018-10-16,-0.0001633761706312,0.2705871962077343,0.2705792989652602,4.655854155953681,0.14368839238081021,0.0,0.0
2018-10-17,-0.009328561012305,0.2705792989652602,0.270135180217184,4.655879701495398,-0.5541839715571238,0.0,0.0
2018-10-19,-0.0156272850511784,0.270135180217184,0.269373215400863,4.656016321882223,-1.023081435422574,0.0,0.0
2018-10-22,0.0120833181695871,0.269373215400863,0.269920376316407,4.656127622990468,1.1917791480380853,0.0,0.0
2018-10-23,-0.0004736575222281,0.269920376316407,0.2698985176423345,4.656125307562769,0.2126086899558156,0.0,0.0
2018-10-24,0.0027608830877143,0.2698985176423345,0.2700260263076086,4.656138392938459,0.4691086005589872,0.0,0.0
2018-10-25,-0.0117768871413028,0.2700260263076086,0.2694765356989592,4.656111530364235,-0.6907011062349818,0.0,0.0
2018-10-26,-0.0063620228344127,0.2694765356989592,0.2691947009222155,4.65601918209039,-0.2311210832649931,0.0,0.0
2018-10-29,-0.0178859485131521,0.2691947009222155,0.2684248793741868,4.655640008072108,-1.152774625117628,0.0,0.0
2018-10-30,-0.0169971120007197,0.2684248793741868,0.2677012878091129,4.655235362711998,-1.0475481877897141,0.0,0.0
2018-10-31,-0.012090620065317,0.2677012878091129,0.2671816031158839,4.654971493077698,-0.6102061520442019,0.0,0.0
2018-11-01,-0.0064800666687272,0.2671816031158839,0.2669037526579135,4.654826117492637,-0.12405481134174147,0.0,0.0
2018-11-02,0.0088286369333747,0.2669037526579135,0.2673052850615593,4.654906024894919,1.1436023630887004,0.0,0.0
2018-11-05,0.0108132820009609,0.2673052850615593,0.2677939203543765,4.655018790873583,1.26954969383398,0.0,0.0
2018-11-06,0.0041972039246509,0.2677939203543765,0.2679825658687636,4.655067608807138,0.6829393543222912,0.0,0.0
2018-11-07,0.0068320395107095,0.2679825658687636,0.268295621612544,4.655116069424892,0.8775705310428139,0.0,0.0
2018-11-09,-0.0016389136562047,0.268295621612544,0.2682204876521836,4.655104740867971,0.1673943871005862,0.0,0.0
2018-11-12,-0.0180690000324652,0.2682204876521836,0.267367785799182,4.655106669559673,-1.175918937584659,0.0,0.0
2018-11-13,-0.0127661043121687,0.267367785799182,0.2667589531147318,4.6551428849697,-0.7162288230182071,0.0,0.0
2018-11-14,0.0143230221125971,0.2667589531147318,0.2673932721357343,4.65535311945665,1.4803587225362576,0.0,0.0
2018-11-15,0.0119777432909771,0.2673932721357343,0.2679583078837714,4.65535179397347,1.2385300852792893,0.0,0.0
2018-11-16,0.022093707992755,0.2679583078837714,0.2690016160318291,4.655341148803717,2.0024959237049478,-1.0,0.0
2018-11-19,0.0196706827848958,0.2690016160318291,0.2699316053819463,4.655324179581816,1.71598438111921,-1.0,-1.0
2018-11-20,0.0151142205466676,0.2699316053819463,0.2706329717168435,4.655378701556009,1.298934232478658,-1.0,-1.0
2018-11-21,0.0128057283983098,0.2706329717168435,0.2712308621635534,4.65540608896897,1.0908051313067184,-1.0,-1.0
2018-11-22,0.0043405868040409,0.2712308621635534,0.2714301493033082,4.655432813754743,0.4432444038234131,0.0,-1.0
2018-11-26,0.0250878518266262,0.2714301493033082,0.2725793690413866,4.655601889736549,1.96413211114827,0.0,0.0
2018-11-27,0.0248602592337139,0.2725793690413866,0.2737220334381315,4.655749938049034,1.8520453035816815,0.0,0.0
2018-11-28,0.0337596370052333,0.2737220334381315,0.2752351198907915,4.656151933022052,2.3884402783301764,-1.0,0.0
2018-11-29,0.0327069630600656,0.2752351198907915,0.2768375713563913,4.655832745024404,2.175617121885551,-1.0,-1.0
2018-11-30,0.0182611071311198,0.2768375713563913,0.2777427963505601,4.655593860528551,1.127229698317419,-1.0,-1.0
2018-12-03,0.008147278234845,0.2777427963505601,0.2781330455898023,4.655556450767489,0.44387044220998084,0.0,-1.0
2018-12-04,-0.0069973595469434,0.2781330455898023,0.2778027837946253,4.655563207057705,-0.5471505520962953,0.0,0.0
2018-12-05,0.0044814712127871,0.2778027837946253,0.2780077525435744,4.655593224677034,0.19869084374345905,0.0,0.0
2018-12-06,0.0095675906873955,0.2780077525435744,0.2784224221625732,4.655778229499586,0.5129668359204298,0.0,0.0
2018-12-07,-0.010376287825391,0.2784224221625732,0.2778920907871175,4.655997622145901,-0.7803757335816469,0.0,0.0
2018-12-10,0.0015995607382786,0.2778920907871175,0.2779620596323656,4.656024895250792,-0.006842249171495671,0.0,0.0
2018-12-11,-0.0175698305757974,0.2779620596323656,0.2771586849428741,4.6559030693614805,-1.2304818590861117,0.0,0.0
2018-12-12,-0.0047755816036065,0.2771586849428741,0.2769342443207072,4.655901788261632,-0.3912266414791855,0.0,0.0
2018-12-13,-0.0019286132907376,0.2769342443207072,0.2768406797363657,4.655916847523144,-0.22722602373951512,0.0,0.0
2018-12-14,-0.0022386067474071,0.2768406797363657,0.2767352587315051,4.655918030516583,-0.2599656393422297,0.0,0.0
2018-12-17,0.0221520854860592,0.2767352587315051,0.2777156479340454,4.656236175928766,1.3055798760070274,0.0,0.0
2018-12-18,0.0156002793620375,0.2777156479340454,0.278427835562867,4.656348878269701,0.8422388691395454,0.0,0.0
2018-12-19,0.008519809111239,0.278427835562867,0.2788093166574723,4.656449780201607,0.35847372413402256,0.0,0.0
2018-12-20,0.0104811561944657,0.2788093166574723,0.2792886803240149,4.656521792182118,0.4613199410378166,0.0,0.0
2018-12-21,-0.0025475029877055,0.2792886803240149,0.2791740336734685,4.656494554991345,-0.41767899931819275,0.0,0.0
2018-12-24,-0.0190013085312905,0.2791740336734685,0.2783009688644691,4.656384951579762,-1.552307337628096,0.0,0.0
2018-12-26,0.0036004783942802,0.2783009688644691,0.2784684189175408,4.6563949347267455,-0.015815961800594112,0.0,0.0
2018-12-27,-0.0037497971131328,0.2784684189175408,0.2782972088808746,4.656368064737418,-0.5023908767115841,0.0,0.0
2018-12-28,0.0054174759887182,0.2782972088808746,0.2785447172489805,4.656406153102737,0.12699026259922103,0.0,0.0
2018-12-31,7.12811888643472e-05,0.2785447172489805,0.278548046726041,4.656406270900662,-0.21039664553734905,0.0,0.0
2019-01-01,0.0137631992603504,0.278548046726041,0.2791803291027669,4.6564836519682204,0.8030751866814406,0.0,0.0
2019-01-02,0.0032391547929648,0.2791803291027669,0.2793264351761962,4.6565161046632175,0.0753935562932249,0.0,0.0
2019-01-03,-0.0042678025063631,0.2793264351761962,0.2791351609396578,4.656466601338759,-0.494218470442943,0.0,0.0
2019-01-04,-0.0033488426730352,0.2791351609396578,0.2789814199539515,4.656446786385856,-0.41424935035540944,0.0,0.0
2019-01-07,-0.0006691869630222,0.2789814199539515,0.2789508454086435,4.656442083144747,-0.24168676559052382,0.0,0.0
2019-01-08,-0.0048644403966067,0.2789508454086435,0.2787351354220267,4.656373512292952,-0.5946784900962797,0.0,0.0
2019-01-09,0.000818472730951,0.2787351354220267,0.2787722357501203,4.656380886163851,-0.1575941533473438,0.0,0.0
2019-01-10,0.0009200816404035,0.2787722357501203,0.2788127128859515,4.656395627442938,-0.17319848825425502,0.0,0.0
2019-01-11,0.0014610917523949,0.2788127128859515,0.2788779647297983,4.656414052189459,-0.13292104188709247,0.0,0.0
2019-01-14,-0.001158419037222,0.2788779647297983,0.2788269664387183,4.656395561346871,-0.3275911073963764,0.0,0.0
2019-01-15,0.0083496874585433,0.2788269664387183,0.2791988185407101,4.65650694943426,0.4275353145585383,0.0,0.0
2019-01-16,0.0078577092939546,0.2791988185407101,0.2795444233695752,4.656634576751716,0.367677634185736,0.0,0.0
2019-01-17,0.0075582293160039,0.2795444233695752,0.279889629987081,4.656690722341327,0.3185140939331949,0.0,0.0
2019-01-18,3.646002863089137e-05,0.279889629987081,0.2798913475051876,4.656690715376065,-0.2880491247429794,0.0,0.0
2019-01-21,0.0022783372235304,0.2798913475051876,0.2800021438400332,4.656671616880059,-0.10584368680182554,0.0,0.0
2019-01-22,-0.009341888468846,0.2800021438400332,0.279540117606759,4.656793079733811,-1.053466815021007,0.0,0.0
2019-01-23,-0.0179389733872064,0.279540117606759,0.278691559653879,4.656826483298795,-1.765233470366708,0.0,0.0
2019-01-24,-0.0128534646441549,0.278691559653879,0.2780978465750276,4.656774875802068,-1.3061240340475186,0.0,0.0
2019-01-25,-0.012144339907202,0.2780978465750276,0.2775406027896574,4.65670558891058,-1.2691304994006243,0.0,0.0
2019-01-28,-0.0134112618128439,0.2775406027896574,0.2769321769267309,4.65659155827679,-1.3921955992765054,0.0,0.0
2019-01-29,-0.0207608834488395,0.2769321769267309,0.2760032622599419,4.656345265267509,-1.9877353471518864,0.0,0.0
2019-01-30,-0.0200642617233564,0.2760032622599419,0.2751445642043,4.655899672120079,-1.8606989697679732,0.0,0.0
2019-01-31,-0.0003564822162935,0.2751445642043,0.2751281763363541,4.65589764885833,-0.24760510667664878,0.0,0.0
2019-02-01,0.0047824438325028,0.2751281763363541,0.2753473169193064,4.655928044624755,0.16560742161922637,0.0,0.0
2019-02-04,0.006836373860998,0.2753473169193064,0.2756679385712952,4.655932225642491,0.32446394448829097,0.0,0.0
2019-02-05,0.007893560865968,0.2756679385712952,0.276038892667124,4.655932120279595,0.4066228503738554,0.0,0.0
2019-02-06,0.0098228647943381,0.276038892667124,0.2764966247466729,4.65595167251688,0.5440165372611294,0.0,0.0
2019-02-07,0.0036309147507411,0.2764966247466729,0.2766659787326881,4.655957936840582,0.027407433327546256,0.0,0.0
2019-02-08,0.0020530750053247,0.2766659787326881,0.2767631953472141,4.655953685764074,-0.12115222995596138,0.0,0.0
2019-02-11,0.0090366768896945,0.2767631953472141,0.2771877354305186,4.6559519773925,0.46018054113954837,0.0,0.0
2019-02-12,0.0026362818132934,0.2771877354305186,0.277309957167586,4.655960024182432,-0.05429893781924874,0.0,0.0
2019-02-14,-0.0047071090343351,0.277309957167586,0.2770967822946935,4.655918777728333,-0.636958131306732,0.0,0.0
2019-02-15,-0.0073404092731603,0.2770967822946935,0.2767656539970409,4.655846934775529,-0.8326507933624547,0.0,0.0
2019-02-18,-0.0091370639414005,0.2767656539970409,0.2763569158476823,4.655738723653363,-0.955957961239528,0.0,0.0
2019-02-19,-0.0103029089143502,0.2763569158476823,0.275891586668871,4.6556395577522,-1.0229286527586692,0.0,0.0
2019-02-20,0.0019705557717726,0.275891586668871,0.2759820166443122,4.65565095999598,0.03175975851458914,0.0,0.0
2019-02-21,0.0051602461030926,0.2759820166443122,0.2762179519708891,4.655685189891179,0.34214727553286195,0.0,0.0
2019-02-22,0.0033998786768227,0.2762179519708891,0.2763605890935912,4.655775518879379,0.22630255694171258,0.0,0.0
2019-02-25,0.0179463501764285,0.2763605890935912,0.2771344209813345,4.656146272906705,1.708632749939508,0.0,0.0
2019-02-26,0.0074220941644398,0.2771344209813345,0.2774564364602487,4.656289749519928,0.755629033787893,0.0,0.0
2019-02-27,0.0012756774349984,0.2774564364602487,0.2775105685200436,4.656320860919964,0.1414792495137205,0.0,0.0
2019-02-28,-0.0054064698366476,0.2775105685200436,0.2772780500077985,4.656204807327748,-0.5600096264365456,0.0,0.0
2019-03-01,-0.0041484015883064,0.2772780500077985,0.2770928914680844,4.656151107553544,-0.4290979374376476,0.0,0.0
2019-03-05,0.0050004214731247,0.2770928914680844,0.2773225826020938,4.656181206494215,0.5669567597331943,0.0,0.0
2019-03-06,0.0021614903944913,0.2773225826020938,0.2774217147999909,4.656194741825671,0.27258856481708416,0.0,0.0
2019-03-07,0.0130378913074578,0.2774217147999909,0.278014233845514,4.656304075874625,1.4379121595704505,0.0,0.0
2019-03-08,0.0100833724630913,0.278014233845514,0.2784738016120318,4.656381549893412,1.0769609335028363,0.0,0.0
2019-03-11,0.0052082795561396,0.2784738016120318,0.2787151348661701,4.656400617347595,0.5162786686857405,0.0,0.0
2019-03-12,0.02059061283048,0.2787151348661701,0.2796851828562223,4.656390345528799,2.185257958969729,-1.0,0.0
2019-03-13,0.0409698354366847,0.2796851828562223,0.2815906467757491,4.65649572907806,4.217815176334703,0.0,-1.0
2019-03-14,0.0278126557689519,0.2815906467757491,0.2828919005857976,4.656525642756088,2.419615300468775,-1.0,0.0
2019-03-15,0.0209432896514654,0.2828919005857976,0.2839472151399621,4.656147090647374,1.7398468522060428,-1.0,-1.0
2019-03-18,0.0152450191842437,0.2839472151399621,0.2847138012441822,4.655874252163309,1.1977393085515322,-1.0,-1.0
2019-03-19,0.0131482273929064,0.2847138012441822,0.2853610742208977,4.655709351390126,0.9898612179225577,-1.0,-1.0
2019-03-20,0.0225655195579941,0.2853610742208977,0.2864543653267928,4.6555175415171774,1.8197830111074718,-1.0,-1.0
2019-03-22,0.0099233867826891,0.2864543653267928,0.2869167534033994,4.655531033400554,0.6420823508180526,-1.0,-1.0
2019-03-25,0.0155766486132078,0.2869167534033994,0.2876082101220331,4.655737033713515,1.1209568988889098,-1.0,-1.0
2019-03-26,0.0171694731079252,0.2876082101220331,0.2884155848228877,4.655726661051563,1.2323002387793895,-1.0,-1.0
2019-03-27,0.0096832615314843,0.2884155848228877,0.2888600326290344,4.655778246770974,0.5362987690033019,-1.0,-1.0
2019-03-28,0.0069001023552246,0.2888600326290344,0.2891795211851229,4.655800350365626,0.28619375622997606,0.0,-1.0
2019-04-01,0.0092849941854042,0.2891795211851229,0.2896063170740939,4.655846570849496,0.4843465659275143,0.0,0.0
2019-04-02,-0.0005148658567044,0.2896063170740939,0.2895827275504668,4.655843593200663,-0.36563658778262687,0.0,0.0
2019-04-03,-0.0001585121399632,0.2895827275504668,0.2895755393336671,4.655842277673983,-0.32856471212433846,0.0,0.0
2019-04-04,-0.0014998663030629,0.2895755393336671,0.2895086598741297,4.655823701633429,-0.4533836660483639,0.0,0.0
2019-04-05,0.0054842796461755,0.2895086598741297,0.2897593175576831,4.655859414902852,0.1573786065391627,0.0,0.0
2019-04-08,-0.0045811582751129,0.2897593175576831,0.2895480615067446,4.6558397650941,-0.7375277631687501,0.0,0.0
2019-04-09,-0.0039319882894357,0.2895480615067446,0.2893679972536791,4.655816398390578,-0.6810136937421859,0.0,0.0
2019-04-10,-0.0267777085105995,0.2893679972536791,0.2881293663744611,4.655723673291861,-2.676886663077114,1.0,0.0
2019-04-11,-0.0093570804092744,0.2881293663744611,0.2877029853409745,4.655657249466534,-1.0470098989253604,1.0,1.0
2019-04-12,-0.0035342996733236,0.2877029853409745,0.2875420391897034,4.655631533777507,-0.5440253362147793,1.0,1.0
2019-04-15,0.0012995316064365,0.2875420391897034,0.2876038047521176,4.655627146609486,-0.14301898450726866,0.0,1.0
2019-04-16,0.0054166790457692,0.2876038047521176,0.287862502312479,4.655601285585811,0.2050358643445313,0.0,0.0
2019-04-18,0.0025297209536168,0.287862502312479,0.2879788875212931,4.655612676501614,-0.02907886750426446,0.0,0.0
2019-04-22,-0.0063362625433844,0.2879788875212931,0.287693889051743,4.655548894109363,-0.7530605701712588,0.0,0.0
2019-04-23,-0.0147580367126716,0.287693889051743,0.2870297393374603,4.6554007330315255,-1.4323556315531893,0.0,0.0
2019-04-24,0.0019302397471241,0.2870297393374603,0.287118276365508,4.655411257379312,-0.03863821509713604,0.0,0.0
2019-04-25,-0.0044151910729768,0.287118276365508,0.2869182230017385,4.655374103121009,-0.5703677013562348,0.0,0.0
2019-04-26,0.0004959169232812,0.2869182230017385,0.2869413223472787,4.655374909027383,-0.1933412218645136,0.0,0.0
2019-04-30,0.0147262171415381,0.2869413223472787,0.2876294072693505,4.655385950962787,0.9849838415852789,0.0,0.0
2019-05-02,0.0231826797580687,0.2876294072693505,0.2887337114670361,4.655288072322551,1.6710062705451478,0.0,0.0
2019-05-03,0.0198611043331231,0.2887337114670361,0.2896818831383423,4.655190236722405,1.3309069116760084,0.0,0.0
2019-05-06,-0.0006971441614869,0.2896818831383423,0.2896493862554707,4.655189513968958,-0.4740599578910465,0.0,0.0
2019-05-07,-0.0026739655675482,0.2896493862554707,0.2895260375674728,4.655179726907347,-0.7000105093742809,0.0,0.0
2019-05-08,-0.0072664009432319,0.2895260375674728,0.2891951341183107,4.655129750308517,-1.1076165332762957,0.0,0.0
2019-05-09,-0.00899955956422,0.2891951341183107,0.2887954873140533,4.655012452417051,-1.2327260877755986,0.0,0.0
2019-05-10,-0.0068197034718764,0.2887954873140533,0.2884852302769328,4.654962714697447,-1.0031101704745369,0.0,0.0
2019-05-13,-0.0072599080057651,0.2884852302769328,0.2881593872544344,4.654885909833517,-1.0125911461266388,0.0,0.0
2019-05-14,-0.0037148501725026,0.2881593872544344,0.2879937317826689,4.654840664751044,-0.674338090942279,0.0,0.0
2019-05-15,-0.0059270836269043,0.2879937317826689,0.2877232051685831,4.654801705514595,-0.8521658459292186,0.0,0.0
2019-05-16,0.0024989679903137,0.2877232051685831,0.2878398608401357,4.654804008504311,-0.1127983039029518,0.0,0.0
2019-05-17,0.0144729345432184,0.2878398608401357,0.2885526940697777,4.654614444475921,0.9255052416389277,0.0,0.0
2019-05-20,0.0316368571373057,0.2885526940697777,0.2901575754942609,4.653936520626365,2.3671243499821535,-1.0,0.0
2019-05-21,0.0141599790861368,0.2901575754942609,0.2908421696537072,4.653811155532665,0.7915764391426774,-1.0,-1.0
2019-05-22,0.0098086390355023,0.2908421696537072,0.2913125329778718,4.653744734877514,0.4066178439938483,0.0,-1.0
2019-05-23,-0.0247720774988424,0.2913125329778718,0.2901359593223893,4.653851534576154,-2.4896796380199078,1.0,0.0
2019-05-24,-0.0029430127280942,0.2901359593223893,0.2899958715362941,4.653865930218866,-0.6315269111155599,1.0,1.0
2019-05-27,0.0091058329051145,0.2899958715362941,0.2904329202466606,4.653801265272436,0.3392535771292115,0.0,1.0
2019-05-28,0.0134405501139527,0.2904329202466606,0.291053560826495,4.653838347485918,0.6795966815972423,0.0,0.0
2019-05-29,0.0095937400629795,0.291053560826495,0.2914959159810439,4.6538691322600565,0.3579419087001241,0.0,0.0
2019-05-30,0.0122644791508816,0.2914959159810439,0.292073942844633,4.653840431617416,0.5859594702152489,0.0,0.0
2019-05-31,0.0056698143293205,0.292073942844633,0.2923339236360697,4.65386636228782,0.05088273604444721,0.0,0.0
2019-06-03,0.0154216862815612,0.2923339236360697,0.2930468074197835,4.653906149966571,0.8251553897027395,0.0,0.0
2019-06-04,0.0093300182062963,0.2930468074197835,0.2934757073645457,4.653943201420537,0.31027998849938265,0.0,0.0
2019-06-06,-0.0017404462567327,0.2934757073645457,0.2933977632389551,4.653924979176747,-0.5964213433654286,0.0,0.0
2019-06-07,0.0091756823818585,0.2933977632389551,0.2938086498680577,4.654022080128313,0.28935289294988087,0.0,0.0
2019-06-10,0.0054785567538253,0.2938086498680577,0.2940517632768318,4.6540924729986335,-0.0163725693116024,0.0,0.0
2019-06-11,0.0063805159908358,0.2940517632768318,0.2943384243757745,4.654155609317871,0.06622184764339488,0.0,0.0
2019-06-12,0.0006867187434078,0.2943384243757745,0.2943683499333823,4.654167470125626,-0.38700428948605925,0.0,0.0
2019-06-13,0.0037106629716765,0.2943683499333823,0.2945363554422118,4.654197524174316,-0.13738534761244328,0.0,0.0
2019-06-14,0.0047526867978664,0.2945363554422118,0.2947429026556235,4.654282900868385,-0.03140887621637705,0.0,0.0
2019-06-17,0.0008116680333696,0.2947429026556235,0.2947779134086954,4.654299000470402,-0.32819066758437326,0.0,0.0
2019-06-18,-0.0016688185966522,0.2947779134086954,0.2947047868299631,4.654271970617267,-0.526237372509677,0.0,0.0
2019-06-19,-0.0038050309721082,0.2947047868299631,0.2945281919039428,4.65426400325883,-0.7001585510258073,0.0,0.0
2019-06-20,-0.0014322998878073,0.2945281919039428,0.2944604228016919,4.654268334930836,-0.45220747132849975,0.0,0.0
2019-06-21,-0.000479949746353,0.2944604228016919,0.2944388046473548,4.654263918507454,-0.3420529197213623,0.0,0.0
2019-06-24,0.0050186769312672,0.2944388046473548,0.2946593448376071,4.654340476957963,0.21891432280526282,0.0,0.0
2019-06-25,0.005472824179959,0.2946593448376071,0.2949063466859755,4.654389149258972,0.27194347723338735,0.0,0.0
2019-06-26,0.0187021257198676,0.2949063466859755,0.2957588258876746,4.6545093653482095,1.5979675767793318,0.0,0.0
2019-06-27,0.0132482493591306,0.2957588258876746,0.2963543739015549,4.654639436518533,1.053009807690296,0.0,0.0
2019-06-28,0.0030707071054436,0.2963543739015549,0.296491855631686,4.654672686576609,0.04622578741975831,0.0,0.0
2019-07-01,0.018394476449286,0.296491855631686,0.297322689891833,4.654832742045111,1.5537371664532402,0.0,0.0
2019-07-02,0.0192583081397099,0.297322689891833,0.2981817187676539,4.655059126182825,1.5971306791697226,0.0,0.0
2019-07-03,0.0112977452399904,0.2981817187676539,0.2986902564060176,4.655167333594122,0.7824529082454716,0.0,0.0
2019-07-04,0.0013656838569078,0.2986902564060176,0.2987537350764857,4.655169469086541,-0.17318802653812093,0.0,0.0
2019-07-05,-0.0074432003984759,0.2987537350764857,0.2984015814861138,4.655192495784841,-1.007812479155295,0.0,0.0
2019-07-08,-0.0228269720058893,0.2984015814861138,0.2973923845970402,4.654879787345488,-2.41748840414885,1.0,0.0
2019-07-09,-0.0269768935199685,0.2973923845970402,0.296212340121833,4.654437570693718,-2.6602582652801887,1.0,1.0
2019-07-10,-0.018432687538251,0.296212340121833,0.2953832339921199,4.654257458045796,-1.7640988609792876,1.0,1.0
2019-07-11,-0.0076834287057039,0.2953832339921199,0.2950326726682075,4.654209512917317,-0.8864075545471772,1.0,1.0
2019-07-12,-0.0110612188382051,0.2950326726682075,0.2945293721846794,4.654133588545783,-1.1859675523630893,1.0,1.0
2019-07-15,-0.0125815951216177,0.2945293721846794,0.2939389132303645,4.654145676954911,-1.2955605177925102,1.0,1.0
2019-07-16,-0.0094095458352851,0.2939389132303645,0.2935054020551688,4.654111792212032,-0.9874187115412747,1.0,1.0
2019-07-17,-0.0107037828190907,0.2935054020551688,0.2929933761186511,4.654176789648022,-1.068918361466753,1.0,1.0
2019-07-18,-0.0025256618293862,0.2929933761186511,0.2928738165984453,4.654185667263598,-0.3540706846811804,0.0,1.0
2019-07-19,-0.0094041907733135,0.2928738165984453,0.2924560973124883,4.654069085493809,-0.9393109358323809,0.0,0.0
2019-07-22,-0.0316314662434633,0.2924560973124883,0.2911306018746322,4.653237439934644,-2.842957350443636,1.0,0.0
2019-07-23,-0.0459271906576805,0.2911306018746322,0.289049847088959,4.652869706684319,-3.76398174566397,1.0,1.0
2019-07-24,-0.0266690513275129,0.289049847088959,0.2878366477647941,4.652685047746661,-1.9569955840459499,1.0,1.0
2019-07-25,-0.014971116726266,0.2878366477647941,0.2871676385013466,4.652516403084119,-1.0517685637664134,1.0,1.0
2019-07-26,-0.0199671315255356,0.2871676385013466,0.2862394271142691,4.652487299871512,-1.3649540704689813,1.0,1.0
2019-07-29,-0.0274613965787988,0.2862394271142691,0.2849876326564207,4.652314904320585,-1.8517142711070562,1.0,1.0
2019-07-30,-0.0158943136319358,0.2849876326564207,0.2842680921713015,4.652187966892556,-0.9757674630365056,1.0,1.0
2019-07-31,-0.0158609654966248,0.2842680921713015,0.2835299611770286,4.65217096663776,-0.9484160442083148,1.0,1.0
2019-08-01,-0.0182834065948185,0.2835299611770286,0.2827118223952677,4.651973939898987,-1.0922265104914834,1.0,1.0
2019-08-02,-0.0190058147156628,0.2827118223952677,0.2818448052877039,4.651858175291446,-1.1190273568460503,1.0,1.0
2019-08-05,-0.0208991674041962,0.2818448052877039,0.2809548670144364,4.65138459811102,-1.225341051537859,1.0,1.0
2019-08-06,-0.0156751798412519,0.2809548670144364,0.28025091422229,4.651225164592864,-0.8480632545466542,1.0,1.0
2019-08-07,-0.0121396467295431,0.28025091422229,0.2797113073298791,4.651071696111599,-0.6004881278622861,1.0,1.0
2019-08-08,0.0083687177859888,0.2797113073298791,0.2800989141590218,4.65109236473874,0.7627250685970011,0.0,1.0
2019-08-09,0.0223595800819733,0.2800989141590218,0.2811677046727474,4.650963125500061,1.6619534762203898,0.0,0.0
2019-08-13,-0.0071879654636584,0.2811677046727474,0.2808381439320849,4.650929335112602,-0.2927508714363124,0.0,0.0
2019-08-14,0.0024821130151453,0.2808381439320849,0.2809485848930561,4.650959446301695,0.3550618789903779,0.0,0.0
2019-08-16,-0.0003053672296653,0.2809485848930561,0.2809347951142421,4.650956815989142,0.215033478276038,0.0,0.0
2019-08-19,-0.0091396592962293,0.2809347951142421,0.2805232046644176,4.650871709357312,-0.37197156914369783,0.0,0.0
2019-08-20,-0.0021342025856929,0.2805232046644176,0.2804257976490159,4.650858885156925,0.1311968175739127,0.0,0.0
2019-08-21,0.0006744145874693,0.2804257976490159,0.2804565379940264,4.6508631369746425,0.30448833914005724,0.0,0.0
2019-08-22,-0.0178596114650133,0.2804565379940264,0.2796743990399072,4.650576327008494,-1.001942829455049,0.0,0.0
2019-08-23,-0.0168565805754017,0.2796743990399072,0.2789377519018085,4.650295083921534,-0.8987861022056213,0.0,0.0
2019-08-26,0.0219431639095102,0.2789377519018085,0.2799643816427978,4.650293176310489,1.8711031004268184,0.0,0.0
2019-08-27,0.0198576226520899,0.2799643816427978,0.2808713433013207,4.650408827078828,1.6743070388762225,0.0,0.0
2019-08-28,0.0124159421252194,0.2808713433013207,0.2814232767769124,4.650563637477345,1.1365957018172759,0.0,0.0
2019-08-29,0.0062272367281215,0.2814232767769124,0.2816885641124158,4.650704695148905,0.7011282675832125,0.0,0.0
2019-08-30,0.0088238690219402,0.2816885641124158,0.2820598706739227,4.65093110794664,0.8974250333383198,0.0,0.0
2019-09-03,0.0022386536853229,0.2820598706739227,0.2821535009477315,4.650991966489161,0.4465405146424052,0.0,0.0
2019-09-04,0.0157434932649795,0.2821535009477315,0.2828396260146952,4.651271511660933,1.3668884359343536,0.0,0.0
2019-09-05,0.0092170818805543,0.2828396260146952,0.2832355969580642,4.6514659194565695,0.9042941315319778,0.0,0.0
2019-09-06,0.0053506194309838,0.2832355969580642,0.2834800444539197,4.651499848266609,0.635234779950037,0.0,0.0
2019-09-09,-0.0002115559790745,0.2834800444539197,0.2834699954478821,4.651500627793618,0.25993281688230396,0.0,0.0
2019-09-11,-0.0001502410304468,0.2834699954478821,0.28346291347591,4.651500920021516,0.2651826243232555,0.0,0.0
2019-09-12,0.0119478393426879,0.28346291347591,0.2840065343574313,4.651582800731791,1.0916540099115848,0.0,0.0
2019-09-13,-0.0022905443193099,0.2840065343574313,0.2838985152255804,4.651587715713244,0.11571597685769666,0.0,0.0
2019-09-16,-0.0058056797124121,0.2838985152255804,0.2836311282950789,4.651565899315586,-0.11796741826749325,0.0,0.0
2019-09-17,-0.0138162009170468,0.2836311282950789,0.2830213607093103,4.6513691666386805,-0.6540817576870203,0.0,0.0
2019-09-18,-0.0240915365995926,0.2830213607093103,0.2819245028024098,4.651205710751383,-1.3317325750585014,0.0,0.0
2019-09-19,-0.0088162068306587,0.2819245028024098,0.2815305850931389,4.651105322752504,-0.2748798998782426,0.0,0.0
2019-09-20,0.0630016354258442,0.2815305850931389,0.2846975814607352,4.649904224966845,4.497507806836496,-1.0,0.0
2019-09-23,0.0747816506430938,0.2846975814607352,0.2887930986507341,4.646593633825729,4.519240894913948,0.0,-1.0
2019-09-24,0.0556227175778261,0.2887930986507341,0.2916188768890497,4.645302881865188,2.898810138446024,-1.0,0.0
2019-09-25,0.032272720231564,0.2916188768890497,0.293178180157,4.644990908306337,1.611714177156992,-1.0,-1.0
2019-09-26,0.0212650778728296,0.293178180157,0.2942181022428244,4.644717352198687,1.0618517933714735,-1.0,-1.0
2019-09-27,0.0138984060639479,0.2942181022428244,0.294896488301567,4.644544663994432,0.7017692288596229,-1.0,-1.0
2019-09-30,-0.0035817104536866,0.294896488301567,0.29472505087985,4.6445706661869455,-0.0941417808857002,0.0,-1.0
2019-10-01,0.0139582035096621,0.29472505087985,0.2953858142424029,4.644510012057674,0.7330974777633084,0.0,0.0
2019-10-03,-0.0043625259716542,0.2953858142424029,0.2951897477081199,4.644470903971111,-0.11525806188452432,0.0,0.0
2019-10-04,-0.02147715324576,0.2951897477081199,0.2942877502592586,4.643924325050099,-0.9005703294557555,0.0,0.0
2019-10-07,-0.0166930548334809,0.2942877502592586,0.2935790096219976,4.64353683076228,-0.6648718953439232,0.0,0.0
2019-10-09,0.0114138694958336,0.2935790096219976,0.2941099542784049,4.643547439222557,0.6216985251314815,0.0,0.0
2019-10-10,-0.0093214301583213,0.2941099542784049,0.2936945400016788,4.643439905228508,-0.36530794453421583,0.0,0.0
2019-10-11,-0.0088283251336669,0.2936945400016788,0.2932979667528318,4.6433551070492864,-0.3509301382217838,0.0,0.0
2019-10-14,-0.0013843827006763,0.2932979667528318,0.2932358438189875,4.643341458728232,-0.0030493553165136583,0.0,0.0
2019-10-15,0.0088385004531579,0.2932358438189875,0.2936486109612953,4.643339281860465,0.46665203221989404,0.0,0.0
2019-10-16,0.0066939564491557,0.2936486109612953,0.2939545972742032,4.643373410537193,0.350119416290847,0.0,0.0
2019-10-17,0.0041769518910301,0.2939545972742032,0.2941447257969602,4.643399106659008,0.22008722278317938,0.0,0.0
2019-10-18,0.0084496532867754,0.2941447257969602,0.2945338175960009,4.643426319327917,0.4088260030067049,0.0,0.0
2019-10-22,0.0120525283021031,0.2945338175960009,0.2950953014346885,4.643428639066105,0.5681805541697954,0.0,0.0
2019-10-23,0.0134242747879476,0.2950953014346885,0.2957039838947191,4.643522870040522,0.6149812168293006,0.0,0.0
2019-10-24,0.0054594297166925,0.2957039838947191,0.2959512123149673,4.6435631651362845,0.2113870376263752,0.0,0.0
2019-10-25,0.0027792280251341,0.2959512123149673,0.2960730820379632,4.643605843144111,0.045447363230141154,0.0,0.0
2019-10-27,0.0082701002278628,0.2960730820379632,0.2964410214478376,4.64370452646448,0.2988498414860985,0.0,0.0
2019-10-29,0.0131879777190651,0.2964410214478376,0.2970169746089587,4.643921950187028,0.5308827736841804,0.0,0.0
2019-10-30,0.013725844794231,0.2970169746089587,0.2976250483775879,4.644101632685272,0.5351348894226832,0.0,0.0
2019-10-31,-0.0036443284577689,0.2976250483775879,0.2974636154991962,4.64405379718497,-0.39894778202415604,0.0,0.0
2019-11-01,0.0041662225915723,0.2974636154991962,0.2976505654269341,4.64409528548129,-0.0009908120618864614,0.0,0.0
2019-11-04,0.0021376170649682,0.2976505654269341,0.2977455740754558,4.644121555298125,-0.12680237779050896,0.0,0.0
2019-11-05,0.006973725750921,0.2977455740754558,0.2980498909483239,4.644238515474255,0.11404289160632304,0.0,0.0
2019-11-06,0.0155816625934006,0.2980498909483239,0.298752747180751,4.644374581381175,0.5629871896077839,0.0,0.0
2019-11-07,0.0145488591282187,0.298752747180751,0.2994206386125282,4.644436652024967,0.48061137131631,0.0,0.0
2019-11-08,0.0011572779738822,0.2994206386125282,0.2994746461831918,4.644436615047408,-0.2947032092156394,0.0,0.0
2019-11-11,0.0050070780174307,0.2994746461831918,0.2997111141473706,4.644420360916564,-0.09169343994518972,0.0,0.0
2019-11-13,1.3261424574473324e-05,0.2997111141473706,0.2997117245182418,4.644420404408916,-0.3714548416655854,0.0,0.0
2019-11-14,0.0144619220746218,0.2997117245182418,0.300367275350586,4.644523738556647,0.47102154009343855,0.0,0.0
2019-11-15,0.0090242654956291,0.300367275350586,0.3007892291001311,4.644517245338896,0.14102303976960529,0.0,0.0
2019-11-18,-0.0067118288712153,0.3007892291001311,0.3004765810159305,4.644516116716774,-0.7652042592433113,0.0,0.0
2019-11-19,0.0034996415851926,0.3004765810159305,0.3006375903609194,4.64452768330441,-0.17442036400530622,0.0,0.0
2019-11-20,0.0082393070061081,0.3006375903609194,0.3010032725708689,4.64462921727167,0.08425047396155907,0.0,0.0
2019-11-21,0.0146441714207039,0.3010032725708689,0.3016531036015776,4.644812048772035,0.4427604680539654,0.0,0.0
2019-11-22,0.0011039679182669,0.3016531036015776,0.3017006436895868,4.644833926399912,-0.34899311531222477,0.0,0.0
2019-11-25,-0.000753952386141,0.3017006436895868,0.3016661830705608,4.644829911945704,-0.4820420909675031,0.0,0.0
2019-11-26,0.0024106075941583,0.3016661830705608,0.301776131667459,4.644843790185728,-0.3176540989197492,0.0,0.0
2019-11-27,0.0018577611570478,0.301776131667459,0.3018621148893754,4.644847456995572,-0.33293301671552006,0.0,0.0
2019-11-28,-0.0084009019291411,0.3018621148893754,0.3014772152634863,4.64480984308682,-0.9309946080523941,0.0,0.0
2019-11-29,0.0014192955461131,0.3014772152634863,0.301542022966842,4.644817385712472,-0.3197397639301466,0.0,0.0
2019-12-02,-0.0095093316200953,0.301542022966842,0.3010992432909677,4.644814454695784,-0.9649649984230148,0.0,0.0
2019-12-03,-0.0176804937683625,0.3010992432909677,0.3002688656606138,4.644850050655794,-1.422223438536894,0.0,0.0
2019-12-04,-0.0167166869397004,0.3002688656606138,0.2994877390125816,4.644863087384399,-1.3241168177302638,0.0,0.0
2019-12-05,-0.0166940010812384,0.2994877390125816,0.2987165965069882,4.644827273860293,-1.2765401465507464,0.0,0.0
2019-12-06,-0.016322582292978,0.2987165965069882,0.2979442737132264,4.644894444710699,-1.2145719849222396,0.0,0.0
2019-12-09,-0.0117037470796521,0.2979442737132264,0.2974072705014683,4.644850306800315,-0.9209495179703882,0.0,0.0
2019-12-10,-0.0038527522068765,0.2974072705014683,0.2972305396046354,4.644835383706681,-0.46741069153538645,0.0,0.0
2019-12-11,-0.0076996941606228,0.2972305396046354,0.2968684838438524,4.644854901853029,-0.677231464712222,0.0,0.0
2019-12-12,0.0011387155866868,0.2968684838438524,0.2969232371138457,4.644845146995224,-0.16734596938907823,0.0,0.0
2019-12-13,0.0050081062905249,0.2969232371138457,0.2971537382723938,4.644859080990321,0.044127180249872104,0.0,0.0
2019-12-16,-0.0034634433552938,0.2971537382723938,0.2969930245608482,4.644856587004117,-0.4372925332430596,0.0,0.0
2019-12-17,0.0067266962421053,0.2969930245608482,0.297306254469416,4.644855220494196,0.12112970211006886,0.0,0.0
2019-12-18,0.0195694090136155,0.297306254469416,0.2982214549075744,4.644828423584382,0.8309123502589801,0.0,0.0
2019-12-19,0.0106123255136854,0.2982214549075744,0.2987159012060669,4.644823764071742,0.29011584913195937,0.0,0.0
2019-12-20,0.0202641236682925,0.2987159012060669,0.2996117040669759,4.645085279549642,0.9898671089076885,0.0,0.0
2019-12-23,0.0170231042018498,0.2996117040669759,0.3003802340688605,4.645217959672508,1.0228517369453665,0.0,0.0
2019-12-24,0.0010167853766693,0.3003802340688605,0.3004265100469277,4.645223821682428,-0.18890833171196153,0.0,0.0
2019-12-26,-0.0108189042171771,0.3004265100469277,0.2999453617294331,4.645098628982352,-1.278621569285287,0.0,0.0
2019-12-27,-0.0027822673077322,0.2999453617294331,0.2998224034570902,4.645061897072171,-0.4690204317947313,0.0,0.0
2019-12-30,0.0027090982510946,0.2998224034570902,0.2999435850167212,4.645089677552725,0.08928882334930516,0.0,0.0
2019-12-31,-0.0048176953310905,0.2999435850167212,0.2997291080140192,4.645034526618505,-0.6567800776569982,0.0,0.0
2020-01-01,0.0034198132434113,0.2997291080140192,0.2998800180385489,4.645081214770027,0.1809068132884337,0.0,0.0
2020-01-02,0.0092985536041254,0.2998800180385489,0.3002917601808533,4.645200674646882,0.7500354038159257,0.0,0.0
2020-01-03,-0.0049685832986297,0.3002917601808533,0.3000745537682168,4.64512107227949,-0.743076947747192,0.0,0.0
2020-01-06,-0.0246833294166135,0.3000745537682168,0.2989918044208057,4.644744785120244,-2.88018524771813,1.0,0.0
2020-01-07,-0.0056130629050219,0.2989918044208057,0.29873772898459,4.64470287781619,-0.7461645348756023,1.0,1.0
2020-01-08,-0.0038422467544121,0.29873772898459,0.2985673906860971,4.644654480712543,-0.5780782449912123,1.0,1.0
2020-01-09,0.0065111408082936,0.2985673906860971,0.298861355202291,4.644707064920066,0.4620259943448343,0.0,1.0
2020-01-10,0.0100947205467543,0.298861355202291,0.2993283059925862,4.644725670752859,0.8124209842343785,0.0,0.0
2020-01-13,0.0087948489534053,0.2993283059925862,0.29973556638439,4.64473848635844,0.6771281886375728,0.0,0.0
2020-01-14,0.0116751964747363,0.29973556638439,0.3002631903930037,4.644827432117885,0.9637791863880358,0.0,0.0
2020-01-15,0.0046555307211963,0.3002631903930037,0.3004732635693516,4.644864849237857,0.23874676877963233,0.0,0.0
2020-01-16,0.0014236049329667,0.3004732635693516,0.3005395791840204,4.644864702785006,-0.07989008764366916,0.0,0.0
2020-01-17,-0.005757662076693,0.3005395791840204,0.3002747581875061,4.644846915179788,-0.7924021325752331,0.0,0.0
2020-01-20,-0.0080278313576407,0.3002747581875061,0.2999440281268065,4.644607144676544,-0.9971931923129014,0.0,0.0
2020-01-21,-0.0156524158701376,0.2999440281268065,0.2992751193792044,4.644268922363255,-1.7422086100576983,0.0,0.0
2020-01-22,-0.0068818301866286,0.2992751193792044,0.2989925411667231,4.644055553203768,-0.8000550417044074,0.0,0.0
2020-01-23,-0.0056369491143293,0.2989925411667231,0.2987477411927621,4.643953929084077,-0.6509883224948628,0.0,0.0
2020-01-24,-0.0111878836973229,0.2987477411927621,0.2982320459477299,4.643918506098292,-1.18089086860718,0.0,0.0
2020-01-27,-0.0291794108173029,0.2982320459477299,0.2969366430631197,4.64355593078353,-2.949150504682929,1.0,0.0
2020-01-28,-0.0145357929227083,0.2969366430631197,0.2962814810868103,4.643429971717899,-1.3438958703022417,1.0,1.0
2020-01-29,-0.0029464063164139,0.2962814810868103,0.2961460969921953,4.643418921613801,-0.22373262901710447,0.0,1.0
2020-01-30,-0.0079023356306571,0.2961460969921953,0.2957903025618387,4.643349274099812,-0.6750636589863146,0.0,0.0
2020-01-31,-0.0168879926558629,0.2957903025618387,0.2949675609558342,4.643547878292292,-1.4854762542131137,0.0,0.0
2020-02-03,-0.0372812663639141,0.2949675609558342,0.2932211016243609,4.643607399484327,-3.333415087627246,1.0,0.0
2020-02-04,-0.0004765941770008,0.2932211016243609,0.2931984049676056,4.64361025252853,0.15565941053616072,0.0,1.0
2020-02-05,0.0131354324251109,0.2931984049676056,0.2938086808153706,4.643615619742832,1.3409574818483558,0.0,0.0
2020-02-06,0.0084259610125068,0.2938086808153706,0.2941896859532497,4.643677690794074,0.9093185988299098,0.0,0.0
2020-02-07,0.0117893969829028,0.2941896859532497,0.2947085965806094,4.643844824046722,1.1783757455586772,0.0,0.0
2020-02-10,0.0042009254358088,0.2947085965806094,0.2948988103064405,4.643875290275711,0.537356353392267,0.0,0.0
2020-02-11,0.001871305511556,0.2948988103064405,0.2949843577347513,4.6438842801460325,0.3462846607407551,0.0,0.0
2020-02-12,0.0015999539307323,0.2949843577347513,0.295060610610039,4.643874491587224,0.3106744879465941,0.0,0.0
2020-02-13,-0.0005878893368356,0.295060610610039,0.2950338274983712,4.643871276023461,0.12485281878588224,0.0,0.0
2020-02-14,-0.0168016172103246,0.2950338274983712,0.2942785055859711,4.643721993159256,-1.270755316087313,0.0,0.0
2020-02-17,-0.0158385617240162,0.2942785055859711,0.2935563775996967,4.643636793885373,-1.1478213197036924,0.0,0.0
2020-02-18,-0.0147429256805029,0.2935563775996967,0.2928860129081575,4.643547522827644,-1.0173480685267988,0.0,0.0
2020-02-19,-0.0010642547020278,0.2928860129081575,0.2928371064082031,4.643543962438133,0.18510646353351845,0.0,0.0
2020-02-20,-0.0064202231061134,0.2928371064082031,0.2925489512588382,4.6434842091847335,-0.270129484707479,0.0,0.0
2020-02-24,-0.0092371739245438,0.2925489512588382,0.2921376268498021,4.643379499439464,-0.5010358433639011,0.0,0.0
2020-02-25,-0.0143225289695418,0.2921376268498021,0.2914992502674156,4.64321972812342,-0.9370527195933346,0.0,0.0
2020-02-26,-0.0097065011510268,0.2914992502674156,0.2910701466562632,4.643091388832055,-0.5144309343750024,0.0,0.0
2020-02-27,-0.009745158837763,0.2910701466562632,0.2906276402627103,4.643027472979432,-0.5173819585946973,0.0,0.0
2020-02-28,-0.0144683698668028,0.2906276402627103,0.2900242118893464,4.642634171674262,-0.9420733340103437,0.0,0.0
2020-03-02,-0.0050878227868587,0.2900242118893464,0.2898136210382668,4.642485855807373,-0.13535688567702767,0.0,0.0
2020-03-03,-0.0067687211580569,0.2898136210382668,0.289515205418825,4.642389065475941,-0.3011857132531465,0.0,0.0
2020-03-04,-0.0299389473880404,0.289515205418825,0.2882192419353401,4.64182955786887,-2.3709190252434866,1.0,0.0
2020-03-05,-0.0274056134112639,0.2882192419353401,0.2869476537327594,4.64179146070903,-2.0349999964257632,1.0,1.0
2020-03-06,-0.030838703154048,0.2869476537327594,0.2855643621009216,4.641489396707711,-2.2182923478809244,1.0,1.0
2020-03-09,-0.0377413261583132,0.2855643621009216,0.2839892258333973,4.640464905035242,-2.6495142416723025,1.0,1.0
2020-03-11,-0.0238056459925726,0.2839892258333973,0.2829562998500998,4.640032534131799,-1.4174957218638213,1.0,1.0
2020-03-12,-0.0810936346490915,0.2829562998500998,0.2800507675848041,4.635169074472863,-5.612464206143214,0.0,1.0
2020-03-13,-0.0142971017297295,0.2800507675848041,0.2794969754042201,4.634534693519568,-0.45749720330877897,0.0,0.0
2020-03-16,-0.0615697153237961,0.2794969754042201,0.2773805096071942,4.63033012718839,-3.287966657823325,1.0,0.0
2020-03-17,-0.0576822048324174,0.2773805096071942,0.2754961604245523,4.625847583088118,-2.792327340536904,1.0,1.0
2020-03-18,-0.1155068808928918,0.2754961604245523,0.2728026632298923,4.611068703544356,-5.702050120875055,0.0,1.0
2020-03-19,-0.073903781456603,0.2728026632298923,0.2703987391955832,4.605244873957719,-2.735675446219053,1.0,0.0
2020-03-20,-0.0804389092640018,0.2703987391955832,0.2671556727016509,4.602268678256023,-2.825500522393242,1.0,1.0
2020-03-23,-0.1570882629680241,0.2671556727016509,0.2629762689280508,4.58511168154471,-5.649059268749925,0.0,1.0
2020-03-24,-0.1351864397059028,0.2629762689280508,0.2580041067347109,4.577579099116559,-3.785353732348671,1.0,0.0
2020-03-25,-0.0198958126997848,0.2580041067347109,0.256986225897017,4.577988946432147,-0.017208678977422738,0.0,1.0
2020-03-26,0.0198271474090008,0.256986225897017,0.2580984865396337,4.577036659827166,1.1437538438677728,0.0,0.0
2020-03-27,0.0133796581238536,0.2580984865396337,0.2588353697493563,4.576451901375296,0.9363810673062258,0.0,0.0
2020-03-30,-0.053826807495569,0.2588353697493563,0.2564551991351698,4.57570269047426,-0.9923174730046427,0.0,0.0
2020-03-31,-0.0046015025939079,0.2564551991351698,0.2562492576472903,4.575650194105817,0.4433112752707333,0.0,0.0
2020-04-01,-0.0178608675306835,0.2562492576472903,0.2556229650547703,4.574521709078285,0.06512294788255825,0.0,0.0
2020-04-03,-0.0235580205967673,0.2556229650547703,0.2548223925031568,4.572887364380795,-0.10053615080017674,0.0,0.0
2020-04-07,0.0662297589411116,0.2548223925031568,0.2576251814611673,4.574591086151655,2.4712411034220683,-1.0,0.0
2020-04-08,0.0433601774887035,0.2576251814611673,0.2594544101637964,4.575729227449934,1.7029865438739307,-1.0,-1.0
2020-04-09,0.0541004505458726,0.2594544101637964,0.2621883885292236,4.574755718184861,1.939829432833164,-1.0,-1.0
2020-04-13,0.0118783761305873,0.2621883885292236,0.2627498633535838,4.57474094412313,0.7724754461348409,-1.0,-1.0
2020-04-15,-0.0109310980804231,0.2627498633535838,0.2623139735245832,4.574328312918284,0.17757735009264927,0.0,-1.0
2020-04-16,0.0205017212937246,0.2623139735245832,0.26307798474711,4.575390100146892,1.009073071074813,0.0,0.0
2020-04-17,0.0368550810705228,0.26307798474711,0.2647251366059812,4.575871808933623,1.4212741387488135,0.0,0.0
2020-04-20,0.0665274926427432,0.2647251366059812,0.2676590674196841,4.576936468629532,2.1448133138258676,-1.0,0.0
2020-04-21,0.0356320736324633,0.2676590674196841,0.2690808254732556,4.578290119366216,1.2760485684923024,-1.0,-1.0
2020-04-22,0.028902289525245,0.2690808254732556,0.2703385055731266,4.578846219406248,1.0777917618860975,-1.0,-1.0
2020-04-23,0.0275298988854464,0.2703385055731266,0.2717961279356597,4.578007926443257,1.016494494702233,-1.0,-1.0
2020-04-24,0.0046764453627288,0.2717961279356597,0.2720300744056603,4.577934346393836,0.44767596936088794,0.0,-1.0
2020-04-27,-0.0191851570969712,0.2720300744056603,0.2709896737992187,4.57866925631121,-0.1270830546045892,0.0,0.0
2020-04-28,-0.0170591197339975,0.2709896737992187,0.2700735963224173,4.579284876603665,-0.073100979993829,0.0,0.0
2020-04-29,0.0350899776373738,0.2700735963224173,0.2718824250782616,4.57840747290626,1.1690521570111374,0.0,0.0
2020-04-30,0.0448989036303322,0.2718824250782616,0.2742262965463728,4.577119752059068,1.3683534356047942,0.0,0.0
2020-05-04,-0.0323310435424133,0.2742262965463728,0.2728044497623162,4.576629233839866,-0.46957894563030145,0.0,0.0
2020-05-05,-0.0280018399735988,0.2728044497623162,0.2716555802417206,4.575752636450026,-0.35862655550907424,0.0,0.0
2020-05-06,0.0151691085898475,0.2716555802417206,0.2723060012694633,4.576084236799261,0.6489215669394286,0.0,0.0
2020-05-07,-0.0013428332446876,0.2723060012694633,0.2722529918344817,4.576030448230853,0.244881701729567,0.0,0.0
2020-05-08,-0.000605830160854,0.2722529918344817,0.2722271521440342,4.576016219354631,0.26235031526557157,0.0,0.0
2020-05-11,-0.0082512629674527,0.2722271521440342,0.2718908433571155,4.575739790981906,0.09036006198452762,0.0,0.0
2020-05-12,-0.0145737477056338,0.2718908433571155,0.2713215008414016,4.575120104673846,-0.050403637067865006,0.0,0.0
2020-05-13,0.0108522208951731,0.2713215008414016,0.2717938943022431,4.575328052591687,0.5541919043768728,0.0,0.0
2020-05-14,-0.02608913688975,0.2717938943022431,0.2706782577600022,4.574725927734551,-0.311701206686485,0.0,0.0
2020-05-15,-0.0268290418593393,0.2706782577600022,0.2694986854687671,4.574277165528777,-0.31816803920797115,0.0,0.0
2020-05-18,-0.0644690724724617,0.2694986854687671,0.2670444013602436,4.571207765390425,-1.1864829375383144,0.0,0.0
2020-05-19,-0.059337786609773,0.2670444013602436,0.264570155995857,4.569494625850748,-1.0306432815482094,0.0,0.0
2020-05-20,-0.0197260422325973,0.264570155995857,0.2636707972403885,4.569327604223387,-0.09787544902265778,0.0,0.0
2020-05-21,-0.0095615613032098,0.2636707972403885,0.2632443078395002,4.569199117655041,0.13647216129775125,0.0,0.0
2020-05-22,-0.0337598289814975,0.2632443078395002,0.2616979314244807,4.568959806452695,-0.41979391465123,0.0,0.0
2020-05-26,-0.0074962513449365,0.2616979314244807,0.2613602534834648,4.568877591905608,0.19416499844935553,0.0,0.0
2020-05-27,0.0386161508252147,0.2613602534834648,0.2633380136521021,4.568048978776043,1.2503753460249383,0.0,0.0
2020-05-28,0.0710309994344475,0.2633380136521021,0.2669423152485314,4.566669377449803,1.9493382672624484,0.0,0.0
2020-05-29,0.0605181862708175,0.2669423152485314,0.2698982194487005,4.566083971131902,1.6287247021811824,0.0,0.0
2020-06-01,0.0766607717232856,0.2698982194487005,0.2737404116247908,4.564819077099743,1.9151311655399976,0.0,0.0
2020-06-02,0.0501839962634553,0.2737404116247908,0.2765891397720362,4.562206534561545,1.2777191381430415,0.0,0.0
2020-06-03,0.0490343289674024,0.2765891397720362,0.2793863062472725,4.559539124841213,1.2149926843992451,0.0,0.0
2020-06-04,0.0263822922706546,0.2793863062472725,0.280699665838758,4.55911521183857,0.7221477492761382,0.0,0.0
2020-06-05,0.0498672190220448,0.280699665838758,0.2831378914219481,4.558557205635555,1.1826438554629406,0.0,0.0
2020-06-08,0.0199985877805231,0.2831378914219481,0.2840955361554644,4.558443489524892,0.5465324546536899,0.0,0.0
2020-06-09,-0.0067774930629491,0.2840955361554644,0.2837932898736274,4.558361738914018,-0.0053017108664792515,0.0,0.0
2020-06-10,-0.0064673014413401,0.2837932898736274,0.283488630760331,4.558369235814061,-0.007132662977314945,0.0,0.0
2020-06-11,-0.0212640992130026,0.283488630760331,0.2825545938220397,4.558031285089546,-0.3151830767668124,0.0,0.0
2020-06-12,0.0029081757599183,0.2825545938220397,0.2826789397940759,4.558096216318753,0.17008828991204103,0.0,0.0
2020-06-15,-0.0249876261182269,0.2826789397940759,0.2816586804957268,4.557276907918239,-0.42770906417406457,0.0,0.0
2020-06-16,0.0170419511036223,0.2816586804957268,0.2824162635223619,4.557509842689019,0.4380303579042484,0.0,0.0
2020-06-17,0.0086863399576255,0.2824162635223619,0.2827799086076561,4.557747977801759,0.24242329708039753,0.0,0.0
2020-06-18,0.0339409360810272,0.2827799086076561,0.2844052578499,4.5575919598855545,0.7507186624570713,0.0,0.0
2020-06-19,0.0382993791832095,0.2844052578499,0.2862106526073402,4.557557787959101,0.8275646532033714,0.0,0.0
2020-06-22,0.0124531707674755,0.2862106526073402,0.2868449718679651,4.557291369526832,0.22343640875455018,0.0,0.0
2020-06-23,0.0150333058883473,0.2868449718679651,0.2876280794075914,4.556870059149358,0.2540297580209845,0.0,0.0
2020-06-24,0.0112846333601002,0.2876280794075914,0.2881548654884539,4.556878460388386,0.11636421719841937,0.0,0.0
2020-06-25,-0.0033000063078807,0.2881548654884539,0.2879921960464803,4.55692203166468,-0.3814476690951098,0.0,0.0
2020-06-26,0.0329439183274926,0.2879921960464803,0.2894741659883179,4.557248327552615,0.7104650851951824,0.0,0.0
2020-06-29,0.0393811317190317,0.2894741659883179,0.2912989239975804,4.557359372811371,0.8965400288406283,0.0,0.0
2020-06-30,0.0185003143397199,0.2912989239975804,0.2921584204970078,4.55739967218094,0.2488111320356904,0.0,0.0
2020-07-01,0.0318795005433933,0.2921584204970078,0.2936210519632447,4.557568430651392,0.6358861026941134,0.0,0.0
2020-07-02,0.0289669351585581,0.2936210519632447,0.2949354287338411,4.557801471874426,0.5257454202810964,0.0,0.0
2020-07-03,0.0067028768734926,0.2949354287338411,0.2952405571707054,4.557850388709091,-0.19150630376958208,0.0,0.0
2020-07-06,0.0285773027973084,0.2952405571707054,0.2965719326719295,4.557894888986853,0.48143882692889767,0.0,0.0
2020-07-07,0.0229388004381156,0.2965719326719295,0.2976336783579266,4.557966567228877,0.3304676472964776,0.0,0.0
2020-07-08,0.0249982503155967,0.2976336783579266,0.298754254026748,4.558241083924033,0.4110609251431394,0.0,0.0
2020-07-09,0.0281338547680567,0.298754254026748,0.3000536503760505,4.558345599971698,0.536645531555256,0.0,0.0
2020-07-10,0.0070919126711466,0.3000536503760505,0.3003691633186747,4.558436613359088,-0.16677251010258579,0.0,0.0
2020-07-13,-0.01441964922323,0.3003691633186747,0.2997400125357685,4.558183733870406,-0.8895538974136558,0.0,0.0
2020-07-14,-0.0221840978505438,0.2997400125357685,0.2988291939572504,4.557485272283824,-1.120686308809549,0.0,0.0
2020-07-15,-0.0199070849900593,0.2988291939572504,0.2980025149968245,4.556904720499616,-1.0089654073427983,0.0,0.0
2020-07-16,-0.0133019464555417,0.2980025149968245,0.2974003250330418,4.5567826505156175,-0.7612603330981701,0.0,0.0
2020-07-17,0.0223275979093307,0.2974003250330418,0.298420394712138,4.556934519837196,0.4591762704172859,0.0,0.0
2020-07-20,0.0493939621574401,0.298420394712138,0.3006389589412963,4.557469961584707,1.3732739611325286,0.0,0.0
2020-07-21,0.0323709545247039,0.3006389589412963,0.3022012973597762,4.557237496020452,0.7794116593764523,0.0,0.0
2020-07-22,0.0168049311503759,0.3022012973597762,0.302976825203858,4.557304327802126,0.24626956434107478,0.0,0.0
2020-07-23,0.0089214738442437,0.302976825203858,0.3034091163645741,4.557228796905685,-0.034174310912542465,0.0,0.0
2020-07-24,0.0018818581272954,0.3034091163645741,0.3034951550543234,4.557240308274014,-0.2847716536294033,0.0,0.0
2020-07-27,-0.0284145262171682,0.3034951550543234,0.302261371100594,4.55671263336791,-1.2880965766760613,0.0,0.0
2020-07-28,-0.0281355331504515,0.302261371100594,0.3008869261467543,4.557008715843069,-1.235846036720212,0.0,0.0
2020-07-29,-0.04238058102273,0.3008869261467543,0.2988393819196194,4.557342752473745,-1.7227399597392672,0.0,0.0
2020-07-30,-0.0434325866129681,0.2988393819196194,0.296790737040037,4.5574221322117365,-1.7292857098549168,0.0,0.0
2020-07-31,-0.0449803008249416,0.296790737040037,0.2947583936182732,4.557022191125228,-1.7072027030298842,0.0,0.0
2020-08-03,-0.0508519915291811,0.2947583936182732,0.2926929014895422,4.555312234874832,-1.8317372026886227,0.0,0.0
2020-08-04,-0.0022680558012284,0.2926929014895422,0.2925949733223206,4.555266496276723,-0.2527819020683288,0.0,0.0
2020-08-05,-0.0175615915135658,0.2925949733223206,0.2918115958885113,4.555046568018344,-0.7302450284898244,0.0,0.0
2020-08-06,-0.0015399231447323,0.2918115958885113,0.2917418501259489,4.555033021862882,-0.23178497700795192,0.0,0.0
2020-08-07,0.0013635715671407,0.2917418501259489,0.2918039026614317,4.5550433497454605,-0.13544566633188487,0.0,0.0
2020-08-10,0.0036775344650035,0.2918039026614317,0.2919763449043213,4.555043597469272,-0.07861783607892045,0.0,0.0
2020-08-11,0.0168823601452574,0.2919763449043213,0.2927668949897785,4.555048479066793,0.3206302190254632,0.0,0.0
2020-08-12,0.0160752764962532,0.2927668949897785,0.2934752488093491,4.555291497587149,0.26400524223714705,0.0,0.0
2020-08-13,0.0072436833603282,0.2934752488093491,0.2937977385609775,4.555384139287645,-0.07136983048498334,0.0,0.0
2020-08-14,-0.0117508348590735,0.2937977385609775,0.2932997806555977,4.555097699671361,-0.7470140143287398,0.0,0.0
2020-08-17,-0.0148140725569074,0.2932997806555977,0.2926352322591417,4.554932054514365,-0.8513153903077352,0.0,0.0
2020-08-18,0.0027225656667857,0.2926352322591417,0.2927669297296043,4.554910836372406,-0.25743474294678187,0.0,0.0
2020-08-19,0.0144741400930401,0.2927669297296043,0.2934393349202525,4.554943974696555,0.15007184947239088,0.0,0.0
2020-08-20,0.0072836456900784,0.2934393349202525,0.2937654375400644,4.555026524616795,-0.08994497332685207,0.0,0.0
2020-08-21,0.03000305967862,0.2937654375400644,0.2951164112949893,4.555327607596773,0.7882493939441394,0.0,0.0
2020-08-24,0.0403082477810397,0.2951164112949893,0.2970891219049574,4.554882029418998,1.2217368533289543,0.0,0.0
2020-08-25,0.0292946232572521,0.2970891219049574,0.2985233095147814,4.554547834293952,0.8652299823101436,0.0,0.0
2020-08-26,0.0127328252336065,0.2985233095147814,0.2991694620263346,4.5542764568206575,0.22156540360508162,0.0,0.0
2020-08-27,0.0071534889822899,0.2991694620263346,0.2995129224612903,4.554228232852242,0.019595503446119197,0.0,0.0
2020-08-28,-0.0023545426178932,0.2995129224612903,0.2993933680360428,4.554279561616118,-0.36592315432803957,0.0,0.0
2020-08-31,0.0132110785623167,0.2993933680360428,0.2999796976874718,4.554448513356483,0.3333523531631093,0.0,0.0
2020-09-01,0.0137416622620376,0.2999796976874718,0.3006238868317847,4.554441295589173,0.36202380606816914,0.0,0.0
2020-09-02,0.0176720809020016,0.3006238868317847,0.3014354857660101,4.554523511406507,0.5180853097751877,0.0,0.0
2020-09-03,0.0158660240744303,0.3014354857660101,0.3021292873642692,4.554787684658397,0.4224478075335163,0.0,0.0
2020-09-04,0.0050100462665056,0.3021292873642692,0.3023441127652541,4.554895020755138,-0.07597750650073336,0.0,0.0
2020-09-07,-0.0017112371870444,0.3023441127652541,0.3022711113502974,4.554856080429388,-0.37225203263167206,0.0,0.0
2020-09-08,0.0045039803475583,0.3022711113502974,0.3024600266772386,4.5549764911194615,-0.11857184474619545,0.0,0.0
2020-09-09,-0.005566706834907,0.3024600266772386,0.302232586095043,4.554794409007875,-0.5587008631474717,0.0,0.0
2020-09-10,-0.0080380493264495,0.302232586095043,0.3018988846617849,4.554559019078557,-0.6566885394993193,0.0,0.0
2020-09-11,-0.0193877249231135,0.3018988846617849,0.3010565050552977,4.554192273599791,-1.1412295330500768,0.0,0.0
2020-09-14,-0.0278367710801079,0.3010565050552977,0.2998926068048993,4.553421965374322,-1.4890984952583777,0.0,0.0
2020-09-15,-0.0131946457218514,0.2998926068048993,0.2993069178476458,4.553238842483228,-0.7824058781849313,0.0,0.0
2020-09-16,0.0113208042285242,0.2993069178476458,0.2998137620146482,4.553371619106769,0.3284996561131255,0.0,0.0
2020-09-17,0.0037575126917621,0.2998137620146482,0.2999761686028726,4.553446741276724,-0.007078540560100393,0.0,0.0
2020-09-18,-0.0152850141389162,0.2999761686028726,0.2993435758787861,4.552989804355356,-0.8578837232213129,0.0,0.0
2020-09-21,-0.0214287647037734,0.2993435758787861,0.2984135794555103,4.552577422697668,-1.1042900137357936,0.0,0.0
2020-09-22,-0.0251572275702676,0.2984135794555103,0.2973464918607698,4.55196129094239,-1.2420244024908407,0.0,0.0
2020-09-23,-0.0083892509328196,0.2973464918607698,0.2969803491071512,4.5518104590725486,-0.44472748356411645,0.0,0.0
2020-09-24,-0.0155293550683266,0.2969803491071512,0.2963360106425052,4.551353031404546,-0.7469673367094349,0.0,0.0
2020-09-25,-5.475711765257074e-05,0.2963360106425052,0.2963336468167549,4.551351902654737,-0.006080494405963895,0.0,0.0
2020-09-28,0.0036772418008634,0.2963336468167549,0.2965030172276586,4.551370941198549,0.17148618994929385,0.0,0.0
2020-09-29,0.0142139129033385,0.2965030172276586,0.2971356461598851,4.551559981048219,0.6875192548907508,0.0,0.0
2020-09-30,0.0243579491020593,0.2971356461598851,0.2982365534188829,4.551794273933227,1.1772521115594874,0.0,0.0
2020-10-01,0.0354358658834472,0.2982365534188829,0.2999548256261489,4.551509985030537,1.7014165748535708,0.0,0.0
2020-10-05,0.030641713553356,0.2999548256261489,0.3014401590617771,4.551259185334237,1.4564312283469822,0.0,0.0
2020-10-06,0.0435950077706088,0.3014401590617771,0.303604281960094,4.550621758438044,2.0107732909299,-1.0,0.0
2020-10-07,0.0509740177210096,0.303604281960094,0.3060183052548129,4.550491459244329,2.2405904707790905,-1.0,-1.0
2020-10-08,0.0638167319090357,0.3060183052548129,0.3089826026947779,4.550640150122909,2.676062492268726,-1.0,-1.0
2020-10-09,0.0816412391176539,0.3089826026947779,0.3127507878331982,4.55096371400567,3.2274003680810375,-1.0,-1.0
2020-10-12,0.0457099114557957,0.3127507878331982,0.314824541044197,4.551340145752121,1.555473609238634,-1.0,-1.0
2020-10-13,0.0135939010392167,0.314824541044197,0.315478134677964,4.55125466604793,0.3062172910406172,0.0,-1.0
2020-10-14,0.0188914359198824,0.315478134677964,0.3163857723200317,4.551136596792782,0.54053439692738,0.0,0.0
2020-10-15,-0.0111581507321512,0.3163857723200317,0.3158986953571736,4.5509434651971645,-0.6131428082903687,0.0,0.0
2020-10-16,0.0107154605112675,0.3158986953571736,0.3163960807206316,4.550971659482478,0.25360431832130625,0.0,0.0
2020-10-19,0.0020409507875802,0.3163960807206316,0.3164969734214477,4.550943708013223,-0.08382321031755398,0.0,0.0
2020-10-20,0.020131483927666,0.3164969734214477,0.3174570252408414,4.550852718106754,0.6172258751175724,0.0,0.0
2020-10-21,0.0276231303602978,0.3174570252408414,0.3188113640878938,4.550525955100178,0.8858637036958994,0.0,0.0
2020-10-22,0.009581579762707,0.3188113640878938,0.3192714139868962,4.550463841833578,0.14370679333065628,0.0,0.0
2020-10-23,0.0113807299368131,0.3192714139868962,0.3198006599978101,4.5504827127346825,0.18651482111646425,0.0,0.0
2020-10-26,-0.0196991719133361,0.3198006599978101,0.3188380337287046,4.550701550962266,-1.1619188387148436,0.0,0.0
2020-10-27,-0.0325972602465327,0.3188380337287046,0.3168766100307065,4.553084366231539,-1.7823560996629946,0.0,0.0
2020-10-28,-0.035601810149231,0.3168766100307065,0.3149716512688995,4.554426726873592,-1.9868509042480351,0.0,0.0
2020-10-29,-0.0486590436928446,0.3149716512688995,0.3124140224769712,4.556022609595207,-2.4747741494804627,1.0,0.0
2020-10-30,-0.0339295055541377,0.3124140224769712,0.3107530271040403,4.556466300133229,-1.7374878463113235,1.0,1.0
2020-11-02,-0.0050397846510765,0.3107530271040403,0.3104999929912147,4.556566605300187,-0.48792258347934186,0.0,1.0
2020-11-03,0.0203440665670404,0.3104999929912147,0.3115110664016032,4.556217002055771,0.5584647907634104,0.0,0.0
2020-11-04,0.0152445171373338,0.3115110664016032,0.3122866906821227,4.555853877567704,0.3370650568989917,0.0,0.0
2020-11-05,0.012008572455457,0.3122866906821227,0.3129125175233254,4.555482488870994,0.20585427466170797,0.0,0.0
2020-11-06,0.0307321102190067,0.3129125175233254,0.3145339620578926,4.55441088327142,0.9759180136558951,0.0,0.0
2020-11-09,0.0453465730128161,0.3145339620578926,0.3168570905378764,4.553202846678024,1.5464163300759204,0.0,0.0
2020-11-10,0.0673162172012844,0.3168570905378764,0.3202893120818326,4.551490253263585,2.366894357951323,-1.0,0.0
2020-11-11,0.0363961387861566,0.3202893120818326,0.3221988442111809,4.550254257573305,1.03364061047984,-1.0,-1.0
2020-11-12,0.0227804601046406,0.3221988442111809,0.3232784295032237,4.550126722619833,0.4823374969986356,0.0,-1.0
2020-11-13,0.0055651936765626,0.3232784295032237,0.3235415028752269,4.550100277079625,-0.18192253858030985,0.0,0.0
2020-11-14,0.0107118224778739,0.3235415028752269,0.3240460168698494,4.550060625930129,0.015924260889099606,0.0,0.0
2020-11-17,0.0309483380652055,0.3240460168698494,0.3255323888600221,4.549784297025689,0.8056678299279557,0.0,0.0
2020-11-18,0.016568294127004,0.3255323888600221,0.3263456716713772,4.549535390457764,0.26087682732832185,0.0,0.0
2020-11-19,-0.0119081283146345,0.3263456716713772,0.3257772820810308,4.5496246620147565,-0.8349605168322213,0.0,0.0
2020-11-20,0.0013923201782679,0.3257772820810308,0.325847410222256,4.549593275316977,-0.3011253125642725,0.0,0.0
2020-11-23,-0.0069145148183311,0.325847410222256,0.3255064996475176,4.549709157690859,-0.6175678369095922,0.0,0.0
2020-11-24,0.0211709547135328,0.3255064996475176,0.3265544398241618,4.549327704296598,0.4677627864131174,0.0,0.0
2020-11-25,0.0011662170338109,0.3265544398241618,0.3266069074665098,4.549336604857512,-0.3071329217599641,0.0,0.0
2020-11-26,0.0130654542287178,0.3266069074665098,0.3272135949219297,4.549331460643859,0.15828555539051728,0.0,0.0
2020-11-27,0.0162737960303491,0.3272135949219297,0.327978258596991,4.549273779128952,0.28472361424777576,0.0,0.0
2020-12-01,0.0119547733558258,0.327978258596991,0.3285140002956166,4.549379510793674,0.11837767299938948,0.0,0.0
2020-12-02,0.0010983963213702,0.3285140002956166,0.3285596648547685,4.549409672603099,-0.303517347867922,0.0,0.0
2020-12-03,-0.0218016253097124,0.3285596648547685,0.3276234561003447,4.5489750532176085,-1.1866576188697282,0.0,0.0
2020-12-04,-0.0142801551447249,0.3276234561003447,0.3269820067847341,4.548850057707786,-0.8704002441110601,0.0,0.0
2020-12-07,-0.0154639623035528,0.3269820067847341,0.3263083832827629,4.548596134771421,-0.90634244146279,0.0,0.0
2020-12-08,-0.010659262653629,0.3263083832827629,0.3258317412848227,4.548490662289624,-0.716985852925124,0.0,0.0
2020-12-09,0.0057397931891793,0.3258317412848227,0.3261042925398609,4.548456597941371,-0.10384332345653799,0.0,0.0
2020-12-10,-0.0145315109953951,0.3261042925398609,0.3254092948486651,4.548574676797553,-0.9091058595029903,0.0,0.0
2020-12-11,-0.0156364714240559,0.3254092948486651,0.3246599419693901,4.548713256381969,-0.9501364026130084,0.0,0.0
2020-12-14,-0.0222386181845726,0.3246599419693901,0.3235907935589261,4.548933029441493,-1.1785692772172336,0.0,0.0
2020-12-15,-0.0041931871879974,0.3235907935589261,0.3233903082841145,4.548968644096804,-0.46629210167503515,0.0,0.0
2020-12-16,0.0105821871495743,0.3233903082841145,0.3238886981839343,4.548921372639278,0.0861478649015817,0.0,0.0
2020-12-17,0.0273308210354992,0.3238886981839343,0.3251776890220733,4.54878842611529,0.710470762878626,0.0,0.0
2020-12-18,0.0010976933102968,0.3251776890220733,0.3252279118607947,4.548791947506012,-0.33527884040045297,0.0,0.0
2020-12-21,-0.0222186276359881,0.3252279118607947,0.32424792995768,4.5485088058865175,-1.2516961277054934,0.0,0.0
2020-12-22,-0.0127441627651823,0.32424792995768,0.3236941441138014,4.548296797028911,-0.8736086247849507,0.0,0.0
2020-12-23,-0.0104022896941415,0.3236941441138014,0.3232278033192653,4.548204578311636,-0.7705389412579983,0.0,0.0
2020-12-24,0.0012979559214789,0.3232278033192653,0.3232886960624444,4.548200521005109,-0.30844680278380926,0.0,0.0
2020-12-28,0.0075158481104216,0.3232886960624444,0.3236477980320961,4.548138311849965,-0.06121894739344806,0.0,0.0
2020-12-29,0.013847613132186,0.3236477980320961,0.3243055426722743,4.548043528763697,0.19331813697897834,0.0,0.0
2020-12-30,0.0107000632544442,0.3243055426722743,0.3248159025994218,4.547956845891638,0.0866879659112779,0.0,0.0
2020-12-31,0.0139932716021444,0.3248159025994218,0.3254573844040769,4.547991999531649,0.2290268090331213,0.0,0.0
2021-01-01,0.0025082566733329,0.3254573844040769,0.3255716022640854,4.548002880738281,-0.20412850837082186,0.0,0.0
2021-01-04,0.0001297852918424,0.3255716022640854,0.3255773103349401,4.548004615817668,-0.2735791951350966,0.0,0.0
2021-01-05,0.0085842534667328,0.3255773103349401,0.3259549469281272,4.548119974243036,0.12031644569483257,0.0,0.0
2021-01-06,0.0001290401114699,0.3259549469281272,0.3259607305751857,4.548121101778881,-0.2095395639464871,0.0,0.0
2021-01-07,5.313053543343216e-05,0.3259607305751857,0.3259630668622408,4.548121825361362,-0.18322150486540764,0.0,0.0
2021-01-08,0.0078124085181876,0.3259630668622408,0.3263161302135375,4.548173727577231,0.2079101181700057,0.0,0.0
2021-01-11,0.0248219714445925,0.3263161302135375,0.3273958112380527,4.548580023254131,1.0555399174875708,0.0,0.0
2021-01-12,0.0440544694156068,0.3273958112380527,0.3292522780532255,4.549648840948628,1.9639652743448972,0.0,0.0
2021-01-13,0.0286631502287182,0.3292522780532255,0.3304514474742687,4.550398262989689,1.1468629479027586,0.0,0.0
2021-01-14,0.0176669595693566,0.3304514474742687,0.3312164585313669,4.550713708844127,0.5965333674160369,0.0,0.0
2021-01-15,0.016452367562362,0.3312164585313669,0.3319116786013141,4.551105806463931,0.5420289439901118,0.0,0.0
2021-01-18,0.0261326064841327,0.3319116786013141,0.3330125050870175,4.551750111780511,1.0140980404559732,0.0,0.0
2021-01-19,0.0257348876806338,0.3330125050870175,0.3341734224210844,4.551946684397168,0.974199647933955,0.0,0.0
2021-01-20,0.0113468722126119,0.3341734224210844,0.3346829707189552,4.552044997576961,0.28377694263584496,0.0,0.0
2021-01-21,0.001249057660182,0.3346829707189552,0.3347373752327396,4.552065391258757,-0.21463047994293388,0.0,0.0
2021-01-22,-0.015097287494135,0.3347373752327396,0.3340980703791386,4.551713608640073,-1.0432176936996094,0.0,0.0
2021-01-25,0.0085041890163033,0.3340980703791386,0.3344486578956924,4.551967032148402,0.09028735274187949,0.0,0.0
2021-01-27,-0.0253090174476513,0.3344486578956924,0.3334211690338038,4.5511191095789725,-1.7670079793715348,0.0,0.0
2021-01-28,-0.0378727628682149,0.3334211690338038,0.3319298494134868,4.549583781223284,-2.487612301764728,1.0,0.0
2021-01-29,-0.0119233160316216,0.3319298494134868,0.3314484706076065,4.549165953385745,-0.9975882065329215,1.0,1.0
2021-02-01,0.0347765442490803,0.3314484706076065,0.3330795452814681,4.549101076711199,1.454748874917397,0.0,1.0
2021-02-02,0.0695640186441899,0.3330795452814681,0.3365381581321348,4.5478307952550345,3.189825219991533,-1.0,0.0
2021-02-03,0.061114343606941,0.3365381581321348,0.3394650013767872,4.5473233008208735,2.506404658294882,-1.0,-1.0
2021-02-04,0.0365468146531711,0.3394650013767872,0.3413010183734282,4.5465243697888384,1.2696480803780001,-1.0,-1.0
2021-02-05,0.0254062999036781,0.3413010183734282,0.3426346009804519,4.545631982975927,0.7797687040308449,-1.0,-1.0
2021-02-08,0.0275469165087303,0.3426346009804519,0.3439858648045355,4.545195642744308,0.9662969466992066,-1.0,-1.0
2021-02-09,0.0254339626726602,0.3439858648045355,0.3451942451787962,4.54501710966163,0.8784392406457648,-1.0,-1.0
2021-02-10,-0.0009550401431601,0.3451942451787962,0.3451493880402935,4.5450207888883005,-0.41605299523362266,0.0,-1.0
2021-02-11,-0.0082307865605164,0.3451493880402935,0.3447634753884593,4.545048254442283,-0.7655648024603554,0.0,0.0
2021-02-12,0.0018854883870922,0.3447634753884593,0.3448499383432991,4.545053153854389,-0.2548288129297167,0.0,0.0
2021-02-15,0.0169178269379877,0.3448499383432991,0.345651852783956,4.544947671893256,0.5052533431039993,0.0,0.0
2021-02-16,0.0126089955935082,0.345651852783956,0.346262063715572,4.54479535650018,0.2930587796040332,0.0,0.0
2021-02-17,-0.0106737986251532,0.346262063715572,0.3457718141249773,4.54477399297514,-0.8774310452884356,0.0,0.0
2021-02-18,-0.0204914386769594,0.3457718141249773,0.3448815590256698,4.544437659045446,-1.3455343664213777,0.0,0.0
2021-02-19,-0.0234872929096363,0.3448815590256698,0.343858505971159,4.544062609394854,-1.465209208945934,0.0,0.0
2021-02-22,-0.0131719633322155,0.343858505971159,0.343271840367336,4.543925241777995,-0.9150668077749623,0.0,0.0
2021-02-23,-0.0080200487596835,0.343271840367336,0.3429459585543671,4.543661431194217,-0.6519250103438193,0.0,0.0
2021-02-24,0.0365549806850209,0.3429459585543671,0.3445517811430247,4.54418131830948,1.4876847143952026,0.0,0.0
2021-02-25,0.0293042771226064,0.3445517811430247,0.3458237213104471,4.544684995654846,1.1085999297194697,0.0,0.0
2021-02-26,-0.0029289494850708,0.3458237213104471,0.3457140002462774,4.544535016287986,-0.41058432447634696,0.0,0.0
2021-03-01,0.0012999040610965,0.3457140002462774,0.3457702595670109,4.544558850608433,-0.2110829215782128,0.0,0.0
2021-03-02,0.0070321650962164,0.3457702595670109,0.3460777886547852,4.544668841538661,0.03724205003307393,0.0,0.0
2021-03-03,0.0067878155804335,0.3460777886547852,0.3463974711308549,4.544643876511301,0.00914110081245344,0.0,0.0
2021-03-04,-0.016930629789547,0.3463974711308549,0.3456116976228519,4.544644302372226,-1.1428546397009163,0.0,0.0
2021-03-05,-0.0310638755139516,0.3456116976228519,0.3441409529539429,4.544815196510251,-1.8047216840562286,0.0,0.0
2021-03-08,-0.0281810847565378,0.3441409529539429,0.3428350361923182,4.544811779372454,-1.5956107840606326,0.0,0.0
2021-03-09,-0.0036187093168598,0.3428350361923182,0.342656796490937,4.544872104457546,-0.4407414222955566,0.0,0.0
2021-03-10,-0.0043358771255563,0.342656796490937,0.3424518054058105,4.544896176485982,-0.48596234154381873,0.0,0.0
2021-03-12,-0.0005229807665276,0.3424518054058105,0.3424281922405104,4.544892692173907,-0.3283502779494322,0.0,0.0
2021-03-15,-0.0125737619046546,0.3424281922405104,0.3418716772778747,4.544742975546532,-0.8941799745889127,0.0,0.0
2021-03-16,-0.0172035581797134,0.3418716772778747,0.3411204596617711,4.544477312674362,-1.0854669198853422,0.0,0.0
2021-03-17,-0.017345479074871,0.3411204596617711,0.3403889347785006,4.544058997677376,-1.056314547828807,0.0,0.0
2021-03-18,-0.0085249794225958,0.3403889347785006,0.3400404235842383,4.543788999807591,-0.6277468935521352,0.0,0.0
2021-03-19,-0.0025452686191469,0.3400404235842383,0.3399328343794817,4.543728155452556,-0.36735039000288344,0.0,0.0
2021-03-22,-0.0188246016727857,0.3399328343794817,0.339134588999803,4.543291945016875,-1.1360484225440244,0.0,0.0
2021-03-23,0.0090636821168947,0.339134588999803,0.3395205355591527,4.543493039051532,0.16963944081906032,0.0,0.0
2021-03-24,-0.0020399838079914,0.3395205355591527,0.3394358125253399,4.543435540551837,-0.35086052510031035,0.0,0.0
2021-03-25,-0.0082441879446033,0.3394358125253399,0.3390947284168626,4.543195081892407,-0.6303732876570897,0.0,0.0
2021-03-26,0.011351374870645,0.3390947284168626,0.3395816637768701,4.543428747781468,0.2932645923459645,0.0,0.0
2021-03-30,0.0473021813954464,0.3395816637768701,0.3416682631669727,4.5440746047486416,1.953608322832038,0.0,0.0
2021-03-31,0.0004506763245224,0.3416682631669727,0.3416875088042941,4.544084324702168,-0.2296146433698194,0.0,0.0
2021-04-01,-0.0142049158352621,0.3416875088042941,0.3410280641644393,4.544077055846024,-0.8851121592286658,0.0,0.0
2021-04-05,-0.0269422129066949,0.3410280641644393,0.3398595999358257,4.543601392244966,-1.4367785812348974,0.0,0.0
2021-04-06,-0.0278449593972629,0.3398595999358257,0.3386231355376279,4.543271038493191,-1.4266307983211421,0.0,0.0
2021-04-07,-0.0199582145656833,0.3386231355376279,0.337704934845059,4.543215724277668,-1.0432554991876073,0.0,0.0
2021-04-08,-0.0228531115002343,0.337704934845059,0.336671141275671,4.543054976866449,-1.1436209477951216,0.0,0.0
2021-04-09,-0.0273708126204779,0.336671141275671,0.3354081652142982,4.54300376326503,-1.3011324058754223,0.0,0.0
2021-04-12,-0.0483751631622704,0.3354081652142982,0.3333537938638672,4.541907559023034,-2.1383929105885287,1.0,0.0
2021-04-13,-0.017514739299087,0.3333537938638672,0.3325617101759982,4.541780969787472,-0.7688866279015801,1.0,1.0
2021-04-15,0.0087697053842461,0.3325617101759982,0.3329566731266354,4.541853157083879,0.35802079486031274,0.0,1.0
2021-04-16,0.0070881721592073,0.3329566731266354,0.3332721837839633,4.5419324798695895,0.29487920579581794,0.0,0.0
2021-04-19,0.0059079833877708,0.3332721837839633,0.3335131583651949,4.542123271929087,0.25270878850810236,0.0,0.0
2021-04-20,-0.0100678013698978,0.3335131583651949,0.333092223141216,4.541853942261647,-0.410256955007427,0.0,0.0
2021-04-22,0.0073178420862207,0.333092223141216,0.3334224653623588,4.541913266844957,0.35837065507028576,0.0,0.0
2021-04-23,-0.0002039799820465,0.3334224653623588,0.3334132843433678,4.5419115034553,0.03815978609598619,0.0,0.0
2021-04-26,-0.0116396222033463,0.3334132843433678,0.3328709055601092,4.541916191436727,-0.4527643459369542,0.0,0.0
2021-04-27,0.0171520913987128,0.3328709055601092,0.3336532862504114,4.542002271818023,0.7844405007290802,0.0,0.0
2021-04-28,0.0271659412578335,0.3336532862504114,0.3349879486575897,4.541596530224664,1.205089521241603,0.0,0.0
2021-04-29,0.0179917620276475,0.3349879486575897,0.3358446067816918,4.541477585269473,0.7720510000768506,0.0,0.0
2021-04-30,-0.0180494263852644,0.3358446067816918,0.3350585224925015,4.541182205820684,-0.8260566281693494,0.0,0.0
2021-05-03,-0.0071281931557196,0.3350585224925015,0.3347551112019176,4.541024240471207,-0.34424610197750904,0.0,0.0
2021-05-04,-0.0252170040677608,0.3347551112019176,0.3336522597030099,4.540627631798462,-1.1206128865400102,0.0,0.0
2021-05-05,-0.0154213386261146,0.3336522597030099,0.3329358990421943,4.540621695656952,-0.6668392645858886,0.0,0.0
2021-05-06,-0.0157005064681952,0.3329358990421943,0.332196044637839,4.540677706672025,-0.6709325767073298,0.0,0.0
2021-05-07,-0.0001006770235445,0.332196044637839,0.3321914048505047,4.540677487639251,0.18952052343032263,0.0,0.0
2021-05-10,-0.0018424976066606,0.3321914048505047,0.3321038209386666,4.540688691132213,0.12142118125607963,0.0,0.0
2021-05-11,-0.0028407306668931,0.3321038209386666,0.3319798782720924,4.540643326188358,0.09607226143198694,0.0,0.0
2021-05-12,0.0020354005386717,0.3319798782720924,0.332064948517105,4.540697336267917,0.40677459920124076,0.0,0.0
2021-05-14,-0.0052297263088281,0.332064948517105,0.3318454927431149,4.54056245126721,-0.014914072857165197,0.0,0.0
2021-05-17,0.026753352176752,0.3318454927431149,0.3330545183733842,4.540767542377937,1.8248389783288115,0.0,0.0
2021-05-18,0.04238372446666,0.3330545183733842,0.3349974751635748,4.54093159283532,2.6322896499886284,-1.0,0.0
2021-05-19,0.0229523276331837,0.3349974751635748,0.3360101988653981,4.541241319889988,1.4520667755839682,-1.0,-1.0
2021-05-20,0.0035212849023293,0.3360101988653981,0.3361616242932157,4.5413112971938805,0.39479829282921086,0.0,-1.0
2021-05-21,0.037008389269217,0.3361616242932157,0.3378893262242322,4.541280523291248,2.16109104034111,-1.0,0.0
2021-05-24,0.0354559485827019,0.3378893262242322,0.3395275205395751,4.541341360562793,1.9667142203412118,-1.0,-1.0
2021-05-25,0.0063132261375207,0.3395275205395751,0.3398147963748302,4.541376748153839,0.40579537768751855,0.0,-1.0
2021-05-26,0.0052281100232036,0.3398147963748302,0.3400489827584494,4.541427064328249,0.33520828173727185,0.0,0.0
2021-05-27,0.0005165213989881,0.3400489827584494,0.3400733288203679,4.54142520918265,0.08604277568956341,0.0,0.0
2021-05-28,0.0098394399580516,0.3400733288203679,0.3405453949466813,4.541341445286328,0.6066220864124232,0.0,0.0
2021-05-31,0.0140485774047585,0.3405453949466813,0.3412138636307477,4.541251042432681,0.859944697943757,0.0,0.0
2021-06-01,0.0094883548296191,0.3412138636307477,0.341652743053132,4.5412608014097415,0.5985603686439537,0.0,0.0
2021-06-02,0.0044443207793491,0.341652743053132,0.3418532150998079,4.541294459105331,0.3236652877366051,0.0,0.0
2021-06-03,0.0082661379902377,0.3418532150998079,0.3422414648080997,4.541270258465239,0.5279974077885866,0.0,0.0
2021-06-04,-0.0064038256242984,0.3422414648080997,0.3419451724567842,4.5412640313344985,-0.24759665656356122,0.0,0.0
2021-06-07,-0.0060839428732268,0.3419451724567842,0.3416643216310016,4.541254558270001,-0.24118259563700867,0.0,0.0
2021-06-08,-0.0116414047624902,0.3416643216310016,0.3411451068289285,4.541133052579171,-0.5697492413049722,0.0,0.0
2021-06-09,-0.008291958318793,0.3411451068289285,0.3407793557540096,4.541022577207039,-0.409741118700217,0.0,0.0
2021-06-10,-0.0086947929370824,0.3407793557540096,0.3403846766015758,4.540969464492481,-0.4270970322369761,0.0,0.0
2021-06-11,-0.0017632890552956,0.3403846766015758,0.3403053260359497,4.540954824919224,-0.042223219286352594,0.0,0.0
2021-06-14,-0.0009104110686424,0.3403053260359497,0.3402657756455372,4.540939191365546,0.005711846135583996,0.0,0.0
2021-06-15,0.0060625726704612,0.3402657756455372,0.3405330627435081,4.541021688581911,0.37899306042615855,0.0,0.0
2021-06-16,0.0026002592336284,0.3405330627435081,0.3406468120471024,4.541062199866012,0.16798546796677297,0.0,0.0
2021-06-17,-0.0116993084600061,0.3406468120471024,0.3401266013351646,4.540927204981907,-0.6473164589120415,0.0,0.0
2021-06-18,0.0018672064409033,0.3401266013351646,0.3402093242326262,4.540950444452723,0.11254162044890655,0.0,0.0
2021-06-21,0.0051209757692474,0.3402093242326262,0.3404410178096844,4.540986883714134,0.289736417638715,0.0,0.0
2021-06-22,0.003312788109147,0.3404410178096844,0.3405877358919876,4.5410282539084745,0.16824037066967854,0.0,0.0
2021-06-23,0.0075344925861973,0.3405877358919876,0.3409136191702347,4.5411668455923,0.41168845564201423,0.0,0.0
2021-06-24,0.0191269461153495,0.3409136191702347,0.3417524129498194,4.541455141082412,1.0542000926106543,0.0,0.0
2021-06-25,0.020363331523165,0.3417524129498194,0.3426489707754205,4.5417424740149634,1.0903802347971785,0.0,0.0
2021-06-28,0.0107558807333143,0.3426489707754205,0.3431245222555889,4.5418830876508505,0.5415801078952158,0.0,0.0
2021-06-29,0.0133973531025137,0.3431245222555889,0.3436970478611879,4.542170277529913,0.7642893158257311,0.0,0.0
2021-06-30,0.0070064846990218,0.3436970478611879,0.3440011749222224,4.542294526924496,0.37454902484720504,0.0,0.0
2021-07-01,-0.0044226652834957,0.3440011749222224,0.3438041472821654,4.542244525948689,-0.3156468934018126,0.0,0.0
2021-07-02,-0.0073130474512144,0.3438041472821654,0.3434776045545454,4.542166402079934,-0.5191383866178069,0.0,0.0
2021-07-05,0.0016054469187007,0.3434776045545454,0.3435511462774197,4.542173030367303,-0.003830835272022421,0.0,0.0
2021-07-06,0.0222976034440192,0.3435511462774197,0.344602405040715,4.542094243268469,1.2680076989344196,0.0,0.0
2021-07-07,0.0180783189753244,0.344602405040715,0.3454517656869881,4.5420445201905455,0.9647782301616,0.0,0.0
2021-07-08,0.0065322782676826,0.3454517656869881,0.3457431838611107,4.5421136684129335,0.19357216838083088,0.0,0.0
2021-07-09,-0.0049950528290807,0.3457431838611107,0.3455234799284905,4.5420425810648215,-0.6799300333862872,0.0,0.0
2021-07-12,-0.0160607083866075,0.3455234799284905,0.3447995893217102,4.5419112790266665,-1.517974045389866,0.0,0.0
2021-07-13,-0.0047752642077574,0.3447995893217102,0.3445796703916576,4.541898808397813,-0.649164540940153,0.0,0.0
2021-07-14,-0.0054723835176302,0.3445796703916576,0.3443287099833631,4.541878880198279,-0.6829731680015434,0.0,0.0
2021-07-15,0.0099147464426767,0.3443287099833631,0.3447825848674164,4.541919246299953,0.43272597518573463,0.0,0.0
2021-07-16,0.0084104059638887,0.3447825848674164,0.3451658073425429,4.541963455433328,0.30358127717727856,0.0,0.0
2021-07-19,-0.0228815213529545,0.3451658073425429,0.3441647118223412,4.54160822594901,-1.9493308355701973,0.0,0.0
2021-07-20,-0.0317468520446855,0.3441647118223412,0.3428046562159303,4.540948507252883,-2.484224616698836,1.0,0.0
2021-07-22,-0.0202393210900213,0.3428046562159303,0.3419185358107011,4.54063309035323,-1.5916529833602282,1.0,1.0
2021-07-23,-0.0220143428247263,0.3419185358107011,0.3409239053574971,4.54046342752917,-1.6468398891851725,1.0,1.0
2021-07-26,-0.0252121195870342,0.3409239053574971,0.3397566615405185,4.54042983473036,-1.8049252039046118,1.0,1.0
2021-07-27,-0.0063050212186697,0.3397566615405185,0.339484172669164,4.54031238593552,-0.49732146900987356,0.0,1.0
2021-07-28,-0.0111775319089151,0.339484172669164,0.3390286923015775,4.539947345194672,-0.8369061493305328,0.0,0.0
2021-07-29,-0.0051970980452731,0.3390286923015775,0.3388145185044675,4.539790033948898,-0.43722969942014284,0.0,0.0
2021-07-30,-0.0007377891671636,0.3388145185044675,0.3387826436339105,4.539775885818727,-0.1706426843292118,0.0,0.0
2021-08-02,-0.0053084022384455,0.3387826436339105,0.3385467250509296,4.539711224606319,-0.5005228228971412,0.0,0.0
2021-08-03,0.0004072605452956,0.3385467250509296,0.3385654666397354,4.53971254352026,-0.12437411639856412,0.0,0.0
2021-08-04,0.0087266003106574,0.3385654666397354,0.339001420008878,4.539545771806475,0.447561968117156,0.0,0.0
2021-08-05,0.0153981261850146,0.339001420008878,0.3397708456333909,4.5392444771138445,0.8937105076526303,0.0,0.0
2021-08-06,0.0153816350800815,0.3397708456333909,0.3405237454661962,4.539028295248086,0.8669676760753613,0.0,0.0
2021-08-09,0.0179794603277247,0.3405237454661962,0.3413887403728604,4.538858799319174,1.0230423516873375,0.0,0.0
2021-08-10,0.009414966127478,0.3413887403728604,0.3418525257689684,4.538708035864328,0.41228576808217304,0.0,0.0
2021-08-11,0.0044170366931624,0.3418525257689684,0.3420563831131427,4.538714711342656,0.09608677536938846,0.0,0.0
2021-08-12,0.0061573073439333,0.3420563831131427,0.342341547648635,4.538719036522261,0.27791056765846606,0.0,0.0
2021-08-13,0.0208029995514618,0.342341547648635,0.3432985532789291,4.538771045801743,1.4062610017315873,0.0,0.0
2021-08-16,0.0190933405916107,0.3432985532789291,0.3441656064847759,4.538883613265335,1.2358350202340458,0.0,0.0
2021-08-17,0.0022568212497189,0.3441656064847759,0.3442687532225479,4.5388932645804925,0.012118185955865755,0.0,0.0
2021-08-18,0.0080730207581281,0.3442687532225479,0.3446169139282067,4.539046084394901,0.5370793816791898,0.0,0.0
2021-08-20,0.0162497888821855,0.3446169139282067,0.3452785063683073,4.53957833149481,1.2062256848889086,0.0,0.0
2021-08-23,0.0156586043401461,0.3452785063683073,0.3459489564153702,4.539908388727229,1.1296648817617616,0.0,0.0
2021-08-24,0.0360488856828178,0.3459489564153702,0.3474874799078177,4.540697321460859,2.737819749389173,-1.0,0.0
2021-08-25,0.0269356491356438,0.3474874799078177,0.3486417830893289,4.541261067473371,1.8619018339712412,-1.0,-1.0
2021-08-26,0.0179172672730256,0.3486417830893289,0.349421349204076,4.541570204552352,1.134419143494559,-1.0,-1.0
2021-08-27,0.0056872591453291,0.349421349204076,0.3496773915976229,4.5416197399566105,0.2125646817457464,0.0,-1.0
2021-08-30,0.0123287740439446,0.3496773915976229,0.3502506988851813,4.541622818900086,0.7005740071880587,0.0,0.0
2021-08-31,0.0137410169859881,0.3502506988851813,0.3509001166216645,4.541565153276928,0.7974720533313804,0.0,0.0
2021-09-01,0.009953397113084,0.3509001166216645,0.3513601027439675,4.5415809932185445,0.49379964605461774,0.0,0.0
2021-09-02,0.0075612846466448,0.3513601027439675,0.3517215303623264,4.541524841801223,0.2991459300919194,0.0,0.0
2021-09-03,-0.0057329753135899,0.3517215303623264,0.3514462790502833,4.541575131127319,-0.7098142224947345,0.0,0.0
2021-09-06,-0.0073444255107011,0.3514462790502833,0.3511075332238205,4.541561586368891,-0.8349443689414467,0.0,0.0
2021-09-07,-0.0011537394288749,0.3511075332238205,0.3510553389387434,4.541553620471276,-0.3758089647764809,0.0,0.0
2021-09-08,-0.0061979375492846,0.3510553389387434,0.350755683224963,4.541619919268385,-0.7533039799760506,0.0,0.0
2021-09-09,-0.0099420284241507,0.350755683224963,0.3502825825269018,4.54168498138012,-1.022499577304491,0.0,0.0
2021-09-13,-0.0198255116686594,0.3502825825269018,0.3493263845883204,4.541889236741925,-1.72343318962779,0.0,0.0
2021-09-14,-0.0241136931370116,0.3493263845883204,0.3481450241042126,4.542245449245231,-1.9641880031850185,0.0,0.0
2021-09-15,-0.0193433321696856,0.3481450241042126,0.347214224039842,4.54243789340497,-1.5702526952238822,0.0,0.0
2021-09-16,-0.0120095346734432,0.347214224039842,0.3466222011193772,4.542639182554135,-1.008433789400812,0.0,0.0
2021-09-17,-0.0124792890585787,0.3466222011193772,0.3459522735588508,4.543165797926333,-1.0129129725351846,0.0,0.0
2021-09-20,-0.0220652864656552,0.3459522735588508,0.3448303554026196,4.543747606918204,-1.6372943637325663,0.0,0.0
2021-09-21,-0.0226387768608686,0.3448303554026196,0.3437052976081435,4.544198076919288,-1.6093277934055232,0.0,0.0
2021-09-22,-0.0238066664620255,0.3437052976081435,0.3425861677038994,4.544303284246179,-1.6256668300967696,0.0,0.0
2021-09-23,-0.0003970157926227,0.3425861677038994,0.3425669091875716,4.54430844148961,-0.03434528552387895,0.0,0.0
2021-09-24,0.0189164140008148,0.3425669091875716,0.3434697763403828,4.544146654849569,1.2465866134674917,0.0,0.0
2021-09-27,0.0273688351015497,0.3434697763403828,0.344762485864541,4.54399078779362,1.7842444943962175,0.0,0.0
2021-09-28,0.0077005023491745,0.344762485864541,0.3451352291974251,4.543894381121411,0.46675152975450346,0.0,0.0
2021-09-29,-0.0013030651777619,0.3451352291974251,0.3450759748270179,4.543888623659041,-0.11955106937511052,0.0,0.0
2021-09-30,0.0040148152372267,0.3450759748270179,0.3452527403797562,4.543940533811279,0.21294060102238443,0.0,0.0
2021-10-01,-0.0027428840171106,0.3452527403797562,0.3451329480281238,4.543899004860043,-0.22048400200824866,0.0,0.0
2021-10-04,0.0003913297370017,0.3451329480281238,0.3451501338275321,4.543904422894685,0.006017632529844545,0.0,0.0
2021-10-05,0.0078754032315249,0.3451501338275321,0.3454947839545689,4.544020892930093,0.5159608644819743,0.0,0.0
2021-10-06,0.0224830737127197,0.3454947839545689,0.3464539885107204,4.5444975755161,1.4709346516826185,0.0,0.0
2021-10-07,0.0141410469733678,0.3464539885107204,0.347064159936331,4.544759065257583,0.8797374317643742,0.0,0.0
2021-10-08,0.0082282899734495,0.347064159936331,0.3474161801196346,4.544928998034081,0.46812250044361653,0.0,0.0
2021-10-11,0.0182753358211824,0.3474161801196346,0.3482490694278118,4.545012407257466,1.103009492523506,0.0,0.0
2021-10-12,0.0071853718613565,0.3482490694278118,0.3485830386227272,4.545006604074454,0.35789503862339206,0.0,0.0
2021-10-13,0.0087070734268914,0.3485830386227272,0.3489907219294586,4.544981019392228,0.45892283402342576,0.0,0.0
2021-10-14,0.0336836042172015,0.3489907219294586,0.3505655442903473,4.544891534285057,2.0608310054822203,-1.0,0.0
2021-10-18,0.0152227002338785,0.3505655442903473,0.3512646370631002,4.544923184924518,0.8054096189804337,-1.0,-1.0
2021-10-19,0.0178337174652112,0.3512646370631002,0.3521014751721615,4.544856696496745,0.9558200402336964,-1.0,-1.0
2021-10-20,0.0075015963445466,0.3521014751721615,0.3524414514596304,4.5448980315185485,0.23854994107225677,0.0,-1.0
2021-10-21,-0.0148659559014969,0.3524414514596304,0.351671309701291,4.545376969200711,-1.3175990580476271,0.0,0.0
2021-10-22,-0.0125356672428651,0.351671309701291,0.3510299308222549,4.545740468032412,-1.1943649123176194,0.0,0.0
2021-10-25,-0.0204946560436756,0.3510299308222549,0.3500350258853689,4.546026783308487,-1.730025831343205,0.0,0.0
2021-10-26,-0.0263710044687952,0.3500350258853689,0.3487105111396449,4.546656676819118,-2.0944527910355046,1.0,0.0
2021-10-27,-0.0213768735173642,0.3487105111396449,0.3476926041981803,4.546843913360608,-1.6747347912815573,1.0,1.0
2021-10-28,-0.0312229149222513,0.3476926041981803,0.3463672083353271,4.546169075963567,-2.25199366001639,1.0,1.0
2021-10-29,-0.0180180960895146,0.3463672083353271,0.3456516252423213,4.545485505997043,-1.3193624602764484,1.0,1.0
2021-11-01,-0.0065875848367706,0.3456516252423213,0.3453646065395555,4.545381559964718,-0.5811091695614028,1.0,1.0
2021-11-02,-0.0038763499403939,0.3453646065395555,0.3451941571547684,4.545329538671061,-0.3985431867710561,0.0,1.0
2021-11-03,-0.0121072650928066,0.3451941571547684,0.3446829434451117,4.545043822531187,-0.8863527151031882,0.0,0.0
2021-11-04,-0.0041525360484744,0.3446829434451117,0.3445001334503193,4.544988978702757,-0.3689365965814918,0.0,0.0
2021-11-08,-0.0092590517899049,0.3445001334503193,0.3440608363468659,4.54505203535139,-0.6648761743760025,0.0,0.0
2021-11-09,-0.020784902134836,0.3440608363468659,0.343112419621196,4.544978276213862,-1.3567923878224755,0.0,0.0
2021-11-10,-0.0223808329321881,0.343112419621196,0.3421196239143413,4.544733267549627,-1.4085892698133087,0.0,0.0
2021-11-11,-0.016996307251385,0.3421196239143413,0.3413819888850302,4.544450912296039,-1.0358843652236487,0.0,0.0
2021-11-12,-0.0126530730171001,0.3413819888850302,0.3408136193260411,4.54435164202473,-0.7409830038312809,0.0,0.0
2021-11-15,-0.010089312830793,0.3408136193260411,0.340348614602574,4.544341737088411,-0.5588857084820241,0.0,0.0
2021-11-16,-0.0108776788162341,0.340348614602574,0.3398588435278383,4.544264534397547,-0.5929054979937193,0.0,0.0
2021-11-17,-0.0141317312268967,0.3398588435278383,0.339244552180638,4.544035677756354,-0.7706837765325346,0.0,0.0
2021-11-18,0.0001610190266427,0.339244552180638,0.3392513777202893,4.544039315050066,0.12594911437404008,0.0,0.0
2021-11-22,-0.0038655197840444,0.3392513777202893,0.3390991892661965,4.543883697114863,-0.10438568885981468,0.0,0.0
2021-11-23,-0.0073969745894428,0.3390991892661965,0.3387849490631386,4.543717673662529,-0.2948800963563081,0.0,0.0
2021-11-24,-0.0085385082709814,0.3387849490631386,0.3384029306393363,4.543638082153689,-0.3425505552173675,0.0,0.0
2021-11-25,-0.0049428330319853,0.3384029306393363,0.3381751943638544,4.5436309568487925,-0.07447478578405896,0.0,0.0
2021-11-26,-0.0155018029821212,0.3381751943638544,0.3375255329868232,4.543236035364849,-0.7817357427398978,0.0,0.0
2021-11-29,-0.0130105392928232,0.3375255329868232,0.3369294497642897,4.543197263016744,-0.5839127782597051,0.0,0.0
2021-11-30,-0.0047725991761069,0.3369294497642897,0.3367270136166854,4.54308954747064,0.01104958493702022,0.0,0.0
2021-12-01,0.0054185021898494,0.3367270136166854,0.3369582532244297,4.543204408365987,0.740609310896674,0.0,0.0
2021-12-02,0.0159752713214507,0.3369582532244297,0.337660350694418,4.543426468737644,1.484046409241137,0.0,0.0
2021-12-03,0.0122489468837034,0.337660350694418,0.3381675386929612,4.5437764937502205,1.1763496348095805,0.0,0.0
2021-12-06,0.0075840941706672,0.3381675386929612,0.33847650090603,4.54402345768256,0.8237949312215236,0.0,0.0
2021-12-07,0.0107622396332809,0.33847650090603,0.3389603817284801,4.544113264251485,1.024729854426561,0.0,0.0
2021-12-08,0.0289756501375784,0.3389603817284801,0.3402357137775002,4.544508951837961,2.219252864953602,-1.0,0.0
2021-12-09,0.0042256195179763,0.3402357137775002,0.3404219093596133,4.5445653556664105,0.4957292169264249,0.0,-1.0
2021-12-10,0.0037416269477574,0.3404219093596133,0.3405835282545551,4.544634000532541,0.4420033614485414,0.0,0.0
2021-12-13,-0.0005284852180018,0.3405835282545551,0.3405611644632313,4.544621606563218,0.13577686059310565,0.0,0.0
2021-12-14,-0.0001594870897942,0.3405611644632313,0.3405546076685405,4.544616748869774,0.1409212874027286,0.0,0.0
2021-12-15,-0.0067078312111323,0.3405546076685405,0.3402604164890341,4.5445173030492025,-0.31074207248053476,0.0,0.0
2021-12-16,-0.0035864111718266,0.3402604164890341,0.340103365882272,4.544462978291097,-0.1083281468087579,0.0,0.0
2021-12-17,-0.0083371900110815,0.340103365882272,0.339769843174931,4.544156080187254,-0.4556999554253293,0.0,0.0
2021-12-20,-0.0289182009650135,0.339769843174931,0.3386676845696552,4.542774477088829,-1.9085421273140444,0.0,0.0
2021-12-21,-0.0086662187588375,0.3386676845696552,0.3383239751079596,4.542435175767517,-0.4914591735811089,0.0,0.0
2021-12-22,-0.0089611421263802,0.3383239751079596,0.3379398337929828,4.542247263097755,-0.5012779462759135,0.0,0.0
2021-12-23,-0.0098047688839839,0.3379398337929828,0.337505097306475,4.542124857594854,-0.5355025859432444,0.0,0.0
2021-12-24,-0.0055281463199827,0.337505097306475,0.3372686510544754,4.542007262624991,-0.20148137090713505,0.0,0.0
2021-12-27,-0.0005880398616069,0.3372686510544754,0.3372421529800206,4.542002395507436,0.17176273118437355,0.0,0.0
2021-12-28,0.0061656465170818,0.3372421529800206,0.3375206264201386,4.542049137989955,0.6605005808392722,0.0,0.0
2021-12-29,0.0017564998725623,0.3375206264201386,0.3375987082449233,4.542069459890203,0.3377323094289843,0.0,0.0
2021-12-30,0.0082437298335564,0.3375987082449233,0.3379618707280288,4.542183652522449,0.801128635475819,0.0,0.0
2021-12-31,0.0104003710060442,0.3379618707280288,0.3384507196243752,4.542153566395801,0.9429872412059751,0.0,0.0
2022-01-03,0.0290988499026543,0.3384507196243752,0.3398551003134538,4.5418556063162105,2.2796003118163597,-1.0,0.0
2022-01-04,0.0217526428388357,0.3398551003134538,0.3409235051655552,4.541522348532206,1.7164775453499364,-1.0,-1.0
2022-01-05,0.0266760666447716,0.3409235051655552,0.3423146227281926,4.540644116815852,2.0287370336755166,-1.0,-1.0
2022-01-06,0.0085400059026756,0.3423146227281926,0.3427274536957186,4.540546157658151,0.7216226383372806,-1.0,-1.0
2022-01-07,0.0109485520478376,0.3427274536957186,0.3432547347293695,4.540431816232601,0.9064728255255995,-1.0,-1.0
2022-01-10,0.0056744294733874,0.3432547347293695,0.3435375429382319,4.540317506016038,0.5389181792152217,-1.0,-1.0
2022-01-11,0.0103948032586194,0.3435375429382319,0.3440347958476466,4.540226176690505,0.866726767875062,-1.0,-1.0
2022-01-12,-0.0018992771445098,0.3440347958476466,0.3439432664243084,4.540246763766435,0.054241237475086634,0.0,-1.0
2022-01-13,-0.0145910876808006,0.3439432664243084,0.3432785178614025,4.540183984451171,-0.8484255413936591,0.0,0.0
2022-01-14,-0.0015168736968602,0.3432785178614025,0.3432085738020933,4.540182105119106,0.1450636688598675,0.0,0.0
2022-01-17,-0.0163898149510171,0.3432085738020933,0.3424584238776633,4.540129118453096,-0.9476680103387638,0.0,0.0
2022-01-18,-0.0076179116959025,0.3424584238776633,0.3421092323876691,4.540107329249396,-0.29374317594289634,0.0,0.0
2022-01-19,-0.0061121589508124,0.3421092323876691,0.3418434485396285,4.5400068060138,-0.1887302942784485,0.0,0.0
2022-01-20,-0.0083270576857996,0.3418434485396285,0.3414840806281785,4.539852953316271,-0.3763087252806606,0.0,0.0
2022-01-21,0.0020666444123103,0.3414840806281785,0.3415745212738165,4.539884148374913,0.3942979111037705,0.0,0.0
2022-01-24,-0.0102096498677557,0.3415745212738165,0.3411631273476945,4.539526246619114,-0.5946149045027673,0.0,0.0
2022-01-25,-0.0108804498553585,0.3411631273476945,0.3406941361628054,4.539317966616095,-0.7036884759153109,0.0,0.0
2022-01-27,-0.0230392838340174,0.3406941361628054,0.3396400475981068,4.539227628160229,-1.7270054589178856,0.0,0.0
2022-01-28,-0.0262844834662594,0.3396400475981068,0.3384285818682581,4.539179915787492,-1.9274187376514018,0.0,0.0
2022-01-31,0.0035787176519761,0.3384285818682581,0.3385835778033109,4.5392431996141225,0.5022568417380652,0.0,0.0
2022-02-01,0.0056397241849044,0.3385835778033109,0.338839247978791,4.539277976230581,0.64513687031244,0.0,0.0
2022-02-02,0.0159935824664172,0.338839247978791,0.3396201439090788,4.539054207155971,1.442120133543968,0.0,0.0
2022-02-03,0.0070756638649616,0.3396201439090788,0.3399440406266667,4.539077595764403,0.6996576356452894,0.0,0.0
2022-02-04,0.0152740606454848,0.3399440406266667,0.3406174664972516,4.539276805713263,1.3165755934299779,0.0,0.0
2022-02-07,-0.0160221976214538,0.3406174664972516,0.3399615376596028,4.5387760729181,-1.198448558163267,0.0,0.0
2022-02-08,-0.0139672155054437,0.3399615376596028,0.3393828426742332,4.53837584432027,-1.0387252575543668,0.0,0.0
2022-02-09,0.0108077303987172,0.3393828426742332,0.3398533766087705,4.538556565252331,0.925982957068436,0.0,0.0
2022-02-10,0.0201342711750971,0.3398533766087705,0.340778751366588,4.5386129065522285,1.6328055214093309,0.0,0.0
2022-02-11,0.0176781068502096,0.340778751366588,0.3415439104319069,4.538930997842176,1.3760425391144702,0.0,0.0
2022-02-14,-0.001774585236447,0.3415439104319069,0.3414755698115901,4.5388505666980015,-0.17634016062788035,0.0,0.0
2022-02-15,0.0154804366298479,0.3414755698115901,0.3421671397891292,4.539012293629708,1.1604395969391061,0.0,0.0
2022-02-16,0.0067100247699327,0.3421671397891292,0.3424748495099272,4.539035997584995,0.452768582010773,0.0,0.0
2022-02-17,0.0011443795186245,0.3424748495099272,0.3425261489252156,4.539046617014606,0.00872256659832402,0.0,0.0
2022-02-18,0.002968055047563,0.3425261489252156,0.3426611628284405,4.539062868355871,0.13683608536097064,0.0,0.0
2022-02-21,0.0084786576720716,0.3426611628284405,0.343046189399347,4.539112634631023,0.5522342450635923,0.0,0.0
2022-02-22,-0.0040992211648367,0.343046189399347,0.342856619599203,4.539108243047841,-0.45500497144437757,0.0,0.0
2022-02-23,-0.0176418559465965,0.342856619599203,0.341998187742677,4.5393347055442925,-1.539637024688025,0.0,0.0
2022-02-24,-0.0516495230881917,0.341998187742677,0.3398334370462676,4.538012378606512,-4.133718387511681,1.0,0.0
2022-02-25,-0.0235853051345404,0.3398334370462676,0.3387310846885574,4.538053391160089,-1.663263323680687,1.0,1.0
2022-02-28,-0.0352661244573555,0.3387310846885574,0.3371300762976089,4.537848184623295,-2.3867358785707604,1.0,1.0
2022-03-02,-0.0559547238146347,0.3371300762976089,0.3347253695929555,4.5367466648697015,-3.5871394129752865,1.0,1.0
2022-03-03,-0.0405092045259483,0.3347253695929555,0.3329962792281513,4.535875910742642,-2.2877708103764567,1.0,1.0
2022-03-04,-0.025227168939276,0.3329962792281513,0.3319692246217829,4.535047483748801,-1.2855521402280257,1.0,1.0
2022-03-07,-0.0416611520874576,0.3319692246217829,0.330336181306105,4.533314312236987,-2.2031757694936913,1.0,1.0
2022-03-08,-0.0302958770338728,0.330336181306105,0.3290754861858725,4.532464178171052,-1.4471571717454768,1.0,1.0
2022-03-09,0.006999940188014,0.3290754861858725,0.3293812236651298,4.53257856606665,0.6527257959701099,0.0,1.0
2022-03-10,0.01781633896005,0.3293812236651298,0.3301848378137366,4.532723541349531,1.2356179798251417,0.0,0.0
2022-03-11,0.014280402028274,0.3301848378137366,0.330837241762918,4.5327909219130245,1.0134213605501312,0.0,0.0
2022-03-14,0.0378202231166771,0.330837241762918,0.3326235905411404,4.532632497678313,2.2480815712344717,-1.0,0.0
2022-03-15,0.0249271664470853,0.3326235905411404,0.3336941747292787,4.53313153243824,1.459726914364453,-1.0,-1.0
2022-03-16,0.0298782672088515,0.3336941747292787,0.3350499226583839,4.533322330255284,1.6579464494905596,-1.0,-1.0
2022-03-17,0.0323950090349383,0.3350499226583839,0.3366442974805196,4.532819166155918,1.7231811015987206,-1.0,-1.0
2022-03-21,0.0358802787585226,0.3366442974805196,0.3382678897729453,4.533062921352776,1.8214804670834241,-1.0,-1.0
2022-03-22,0.0254367777036286,0.3382678897729453,0.3394694761810901,4.532949323295761,1.239831988880971,-1.0,-1.0
2022-03-23,0.0156853088708253,0.3394694761810901,0.3401617266602563,4.533155453398688,0.7368925611882663,-1.0,-1.0
2022-03-24,-0.0027765316230334,0.3401617266602563,0.340048917862001,4.53306330314619,-0.15354027945413037,0.0,-1.0
2022-03-25,-0.0118073730891943,0.340048917862001,0.3395477154167975,4.532790334848734,-0.5777446176135552,0.0,0.0
2022-03-28,-0.0078623440185268,0.3395477154167975,0.3392065009826077,4.532650449543855,-0.376749355784184,0.0,0.0
2022-03-29,0.0065014823133253,0.3392065009826077,0.3394939370759113,4.532736159615096,0.30651618402421116,0.0,0.0
2022-03-30,0.0154769720719247,0.3394939370759113,0.3402170466857129,4.532719040283851,0.7302108299312088,0.0,0.0
2022-03-31,0.0085664379153396,0.3402170466857129,0.3406080644183435,4.532760527595783,0.4001949926452071,0.0,0.0
2022-04-01,0.0257922428825283,0.3406080644183435,0.3418212298771682,4.532680575434407,1.242705502009442,0.0,0.0
2022-04-04,0.1029412089488701,0.3418212298771682,0.3470074013333765,4.530387070991333,4.89499119576243,-1.0,0.0
2022-04-05,0.0513403798629985,0.3470074013333765,0.3494047730518281,4.530306357876444,2.0354972073700064,-1.0,-1.0
2022-04-06,0.0054206629753279,0.3494047730518281,0.3496473680130086,4.530358033840156,0.14384673870178782,0.0,-1.0
2022-04-07,-0.0157344567822939,0.3496473680130086,0.3489550908733406,4.530138286733138,-0.6815270776836349,0.0,0.0
2022-04-08,-0.0163884846357724,0.3489550908733406,0.3482090432024048,4.53004990984467,-0.6906753459233633,0.0,0.0
2022-04-11,-0.0240023197426086,0.3482090432024048,0.3471207875362072,4.529895963468201,-0.967846987274206,0.0,0.0
2022-04-12,-0.0227925935515154,0.3471207875362072,0.3460610774717296,4.529899856289494,-0.8994612487803885,0.0,0.0
2022-04-13,-0.0315630223117624,0.3460610774717296,0.3446523247415256,4.529572738314662,-1.2282376714599819,0.0,0.0
2022-04-18,-0.065867294090232,0.3446523247415256,0.3418329959160682,4.528199620877719,-2.4982117596707303,1.0,0.0
2022-04-19,-0.0784128849879461,0.3418329959160682,0.3386586216851136,4.525520813687342,-2.8089507182255304,1.0,1.0
2022-04-20,-0.0509799049814398,0.3386586216851136,0.3364795465708854,4.524423074768326,-1.6653699561890414,1.0,1.0
2022-04-21,-0.0301090358026563,0.3364795465708854,0.3350906830746471,4.524352788508407,-0.9072721992382567,1.0,1.0
2022-04-22,-0.0292770509899895,0.3350906830746471,0.3338151811271978,4.523863541160042,-0.861725797882613,1.0,1.0
2022-04-25,-0.0140899242271137,0.3338151811271978,0.3331940826611108,4.523668519082544,-0.33922252099373873,0.0,1.0
2022-04-26,-0.0083229051736513,0.3331940826611108,0.3328167749053903,4.523612421608081,-0.1470346420422373,0.0,0.0
2022-04-27,-0.0054658155663931,0.3328167749053903,0.3325697560582755,4.523571567443864,-0.05439372138276986,0.0,0.0
2022-04-28,-0.0094349895014573,0.3325697560582755,0.3321279211245256,4.52358899354426,-0.19541348332718333,0.0,0.0
2022-04-29,-0.0019343417387327,0.3321279211245256,0.3320349978946025,4.523606111633975,0.0433496916511185,0.0,0.0
2022-05-02,0.015349844696618,0.3320349978946025,0.3327429244584866,4.523635563505483,0.6203854006262719,0.0,0.0
2022-05-04,-0.0236405205341814,0.3327429244584866,0.3316571205231975,4.523564370766882,-0.6780751432082205,0.0,0.0
2022-05-05,-0.0235329472553793,0.3316571205231975,0.3305468776755773,4.523660686485152,-0.6524751693227316,0.0,0.0
2022-05-06,-0.0394490097795428,0.3305468776755773,0.3287673382058543,4.523360258338083,-1.1599447430140157,0.0,0.0
2022-05-09,-0.0255512765397254,0.3287673382058543,0.3276279795429055,4.523088406910047,-0.6657425283353858,0.0,0.0
2022-05-10,-0.0081136291227217,0.3276279795429055,0.3272488036833103,4.523100573512373,-0.08837353134761364,0.0,0.0
2022-05-11,-0.0026042516071616,0.3272488036833103,0.3271260805299482,4.52311053608711,0.08870304221314318,0.0,0.0
2022-05-12,-0.0157035055760763,0.3271260805299482,0.3264465357920865,4.522827110982505,-0.33349658667732324,0.0,0.0
2022-05-13,-0.0238965028729625,0.3264465357920865,0.3253697688101024,4.522634993299475,-0.5857758782372233,0.0,0.0
2022-05-16,-0.0128234018174451,0.3253697688101024,0.3247633234027614,4.522695235137443,-0.1982403439461419,0.0,0.0
2022-05-17,-0.0073963269532217,0.3247633234027614,0.3244048733975267,4.522780589480028,-0.012698386889056902,0.0,0.0
2022-05-18,-0.0065850970628682,0.3244048733975267,0.324089241588026,4.522837743239795,0.02685846032772637,0.0,0.0
2022-05-19,-0.0141031987057935,0.324089241588026,0.3234831886811631,4.522561470589441,-0.21595483625112658,0.0,0.0
2022-05-20,0.007537049679998,0.3234831886811631,0.3238344399230853,4.522554489098669,0.5129832552939998,0.0,0.0
2022-05-23,-0.0118647200856125,0.3238344399230853,0.3232672980761875,4.522647827524233,-0.13542030441764075,0.0,0.0
2022-05-24,-0.0021017853358467,0.3232672980761875,0.3231646764040152,4.522677028660358,0.20104947396935513,0.0,0.0
2022-05-25,0.0016627327499323,0.3231646764040152,0.3232466752773489,4.522648938950039,0.3253851312498065,0.0,0.0
2022-05-26,0.0291401467133844,0.3232466752773489,0.3246506769961122,4.522341793067419,1.2305924096137157,0.0,0.0
2022-05-27,0.0331595492182295,0.3246506769961122,0.3262948916928656,4.521721729334968,1.328104793401041,0.0,0.0
2022-05-30,0.0380704874324822,0.3262948916928656,0.3280340839340469,4.521860328374723,1.4444208075122242,0.0,0.0
2022-05-31,0.028432719179543,0.3280340839340469,0.3292275263284491,4.522574647372112,1.0750864135823193,0.0,0.0
2022-06-01,0.0216688836697054,0.3292275263284491,0.3301813396427665,4.522870564929177,0.8194630705314848,0.0,0.0
2022-06-02,0.0100354092837546,0.3301813396427665,0.330621305144357,4.523018317399867,0.399466372024769,0.0,0.0
2022-06-03,0.0036362957236226,0.330621305144357,0.3307822169139007,4.523063449983103,0.16472327861406835,0.0,0.0
2022-06-06,-0.0005917280969551,0.3307822169139007,0.330755495404108,4.523059183734258,-0.003938927269530045,0.0,0.0
2022-06-07,-0.0100154621292194,0.330755495404108,0.3303105821278743,4.522945060261518,-0.34819704822961384,0.0,0.0
2022-06-08,-0.0014970399381155,0.3303105821278743,0.3302450198833033,4.522922572780706,-0.042711664528150506,0.0,0.0
2022-06-09,0.002910245144263,0.3302450198833033,0.3303771961677798,4.522939317111096,0.12174310721646323,0.0,0.0
2022-06-10,-0.0041212148113745,0.3303771961677798,0.3302101767617647,4.522800257514886,-0.11664562197029801,0.0,0.0
2022-06-13,-0.0111099452316034,0.3302101767617647,0.329787062940146,4.522268091138552,-0.3413855316345205,0.0,0.0
2022-06-14,-0.0196162396434331,0.329787062940146,0.3289985291008068,4.5215603356946446,-0.6257142766871873,0.0,0.0
2022-06-15,-0.0171936392444447,0.3289985291008068,0.3282876562572915,4.521051431345867,-0.5140600986909587,0.0,0.0
2022-06-16,-0.0210227745206541,0.3282876562572915,0.3274882195375022,4.520033566105528,-0.6295783459731267,0.0,0.0
2022-06-17,-0.008355943908219,0.3274882195375022,0.3271554438672418,4.519712935156791,-0.13597932502166463,0.0,0.0
2022-06-20,0.0176159091138812,0.3271554438672418,0.3278900147114126,4.520202396151816,0.8537294172209544,0.0,0.0
2022-06-21,0.0232400437595448,0.3278900147114126,0.3288850234396082,4.520700249753691,1.061546936663987,0.0,0.0
2022-06-22,0.0145481474917961,0.3288850234396082,0.3295045478382133,4.521029778073706,0.7143743017662161,0.0,0.0
2022-06-23,0.0114680729477862,0.3295045478382133,0.3300132201903737,4.521174654417463,0.5821555879720866,0.0,0.0
2022-06-24,0.0194463586332114,0.3300132201903737,0.3309003253082226,4.521279852953596,0.8619108070553301,0.0,0.0
2022-06-27,0.017319701953582,0.3309003253082226,0.3316794766304576,4.521433427986154,0.7719979520148776,0.0,0.0
2022-06-28,0.0094616865471399,0.3316794766304576,0.3320897014028105,4.521604191785415,0.48318659394683905,0.0,0.0
2022-06-29,0.0107442777012662,0.3320897014028105,0.3325396556474224,4.521888440157509,0.5293555691383072,0.0,0.0
2022-06-30,0.0071088166096586,0.3325396556474224,0.3328538602303475,4.521984407775283,0.40884281516406007,0.0,0.0
2022-07-01,0.0081163838717959,0.3328538602303475,0.3332188064490904,4.522058680039184,0.5879440408775936,0.0,0.0
2022-07-04,0.0066968883042966,0.3332188064490904,0.3335218738939913,4.522108603389989,0.5868840986676993,0.0,0.0
2022-07-05,0.0042051205474242,0.3335218738939913,0.333709608726401,4.522154242620706,0.47331891221783956,0.0,0.0
2022-07-06,0.0085484418826258,0.333709608726401,0.3341187003965818,4.522092147677495,0.6539034676759558,0.0,0.0
2022-07-07,0.0173724681118505,0.3341187003965818,0.3349794022715361,4.521796577033385,1.0310956648738354,0.0,0.0
2022-07-08,0.0123635684577418,0.3349794022715361,0.3355821879000716,4.521638418620691,0.7727008723595835,0.0,0.0
2022-07-11,0.016125413895649,0.3355821879000716,0.3363481843155761,4.521544701021235,0.9158861906374444,0.0,0.0
2022-07-12,0.0058164307936312,0.3363481843155761,0.3366114437474701,4.521584738422198,0.42000830405846257,0.0,0.0
2022-07-13,-0.0249488316125265,0.3366114437474701,0.3354416794967985,4.521640275640132,-1.1006997634693285,0.0,0.0
2022-07-14,-0.0285307498150571,0.3354416794967985,0.3340618658162911,4.521944319929093,-1.4856805263985267,0.0,0.0
2022-07-15,-0.0159469355010797,0.3340618658162911,0.3332856775284713,4.522144752009731,-0.8557075741137306,0.0,0.0
2022-07-18,-0.0329219752226963,0.3332856775284713,0.3315882276098612,4.523105534786189,-1.8753829239024336,0.0,0.0
2022-07-19,-0.0215562032858276,0.3315882276098612,0.3305313154421089,4.523429987613379,-1.2009710813878614,0.0,0.0
2022-07-20,-0.0018116837368022,0.3305313154421089,0.3304453395615635,4.523441058046297,-0.04850445534236653,0.0,0.0
2022-07-21,0.0004838544432921,0.3304453395615635,0.3304671049616046,4.523444961689479,0.07752646796752669,0.0,0.0
2022-07-22,0.0185791037415024,0.3304671049616046,0.3313367435000725,4.523403904897835,1.1158203981440658,0.0,0.0
2022-07-25,0.0222030272607414,0.3313367435000725,0.332318418965862,4.523683584124973,1.287621638161191,0.0,0.0
2022-07-26,0.0204519699431884,0.332318418965862,0.3331802135161803,4.524186160817795,1.1487391650661674,0.0,0.0
2022-07-27,0.0239322471140637,0.3331802135161803,0.3341961241442628,4.524735991116858,1.333938727726197,0.0,0.0
2022-07-28,0.0123761385910352,0.3341961241442628,0.3347935328265627,4.524610387917209,0.6407652487816872,0.0,0.0
2022-07-29,0.0244889119132256,0.3347935328265627,0.3359238330469162,4.524651184794146,1.3058689754058435,0.0,0.0
2022-08-01,0.0177702112067787,0.3359238330469162,0.3367922625539636,4.524403870876454,0.892770807845887,0.0,0.0
2022-08-02,-0.0033686287012892,0.3367922625539636,0.3366249659706873,4.524466845198496,-0.40519839483467196,0.0,0.0
2022-08-03,0.0059372056834492,0.3366249659706873,0.3368992710112893,4.524472616883657,0.1498691289814086,0.0,0.0
2022-08-04,0.005965705775889,0.3368992710112893,0.3371669748888081,4.524524281886795,0.14314604936397035,0.0,0.0
2022-08-05,0.0012443363054197,0.3371669748888081,0.3372227616279625,4.524535491272001,-0.16542917221698883,0.0,0.0
2022-08-08,0.023190619369493,0.3372227616279625,0.338280440432135,4.524642729583837,1.1780257725573997,0.0,0.0
2022-08-10,0.0227133680034619,0.338280440432135,0.3392887917018884,4.524905586223879,1.1092186327069495,0.0,0.0
2022-08-11,0.0248074001249989,0.3392887917018884,0.3404379799648423,4.524919634858597,1.202946674767101,0.0,0.0
2022-08-12,0.0198955654451378,0.3404379799648423,0.3413365801434352,4.52506162832987,0.8587981307639635,0.0,0.0
2022-08-16,0.0248749946953932,0.3413365801434352,0.3424680088182612,4.525194135661122,1.1400235302396178,0.0,0.0
2022-08-17,0.0244392227698462,0.3424680088182612,0.3435661747065878,4.525401223210801,1.083242788157595,0.0,0.0
2022-08-18,0.0070457455406378,0.3435661747065878,0.3439126016654485,4.525289669918793,-0.025526273237891053,0.0,0.0
2022-08-19,-0.0023119145200247,0.3439126016654485,0.3438056845951059,4.52528800526852,-0.6143867354563993,0.0,0.0
2022-08-22,-0.0086637666300832,0.3438056845951059,0.3434333232046473,4.525118968386623,-1.0014951358264952,0.0,0.0
2022-08-23,-0.0138111944916188,0.3434333232046473,0.3428098962945532,4.5250182142633815,-1.290128367882066,0.0,0.0
2022-08-24,-0.0074077012016999,0.3428098962945532,0.3424699246152878,4.524996390073177,-0.8511256622203803,0.0,0.0
2022-08-25,-0.0110305437582054,0.3424699246152878,0.3419654168730381,4.524954503817964,-1.062672703091694,0.0,0.0
2022-08-26,-0.013871037979289,0.3419654168730381,0.3413039356168834,4.52505792604628,-1.2166114704214155,0.0,0.0
2022-08-29,-0.0182735865524286,0.3413039356168834,0.3405075311145271,4.5247649563575685,-1.4640264174713855,0.0,0.0
2022-08-30,0.0068170224329895,0.3405075311145271,0.3408362387900618,4.524693353849215,0.20351456235301266,0.0,0.0
2022-09-01,-0.002247517174025,0.3408362387900618,0.3407316764118826,4.524695444171222,-0.38276182908475026,0.0,0.0
2022-09-02,0.0045458547129015,0.3407316764118826,0.3409458888454431,4.52467538497077,0.05575420108299913,0.0,0.0
2022-09-05,0.0063320808678257,0.3409458888454431,0.3412481016961122,4.524624890480203,0.15597806634926253,0.0,0.0
2022-09-06,0.0046941821542469,0.3412481016961122,0.3414620751285905,4.52464517805157,0.04162051184260379,0.0,0.0
2022-09-07,-1.254603528533238e-05,0.3414620751285905,0.3414615109530824,4.524645078532424,-0.2650493213102017,0.0,0.0
2022-09-08,0.0063809819921649,0.3414615109530824,0.3417573682698301,4.524644621703681,0.14473965979207112,0.0,0.0
2022-09-09,0.0059435528904385,0.3417573682698301,0.3420293536333288,4.524664646537269,0.09827711341311528,0.0,0.0
2022-09-12,0.001347132231297,0.3420293536333288,0.3420905324052446,4.524671889568927,-0.23530360547810036,0.0,0.0
2022-09-13,0.0140872901774526,0.3420905324052446,0.3427283281573092,4.5247592115360025,0.606838438019355,0.0,0.0
2022-09-14,0.0148974510174939,0.3427283281573092,0.343430798329185,4.524689792436369,0.6380952803609082,0.0,0.0
2022-09-15,0.0091917173905216,0.343430798329185,0.3438470048646894,4.524745573384041,0.2136301057253846,0.0,0.0
2022-09-16,-0.0112081618824815,0.3438470048646894,0.3433429066287586,4.5246573634795135,-1.2149806759246955,0.0,0.0
2022-09-19,-0.0013998113032549,0.3433429066287586,0.3432799894836575,4.524646058707669,-0.4826973921193954,0.0,0.0
2022-09-20,0.0091409955030137,0.3432799894836575,0.3436969432449937,4.5246848156543145,0.2810668158691586,0.0,0.0
2022-09-21,0.0088574436990889,0.3436969432449937,0.3440877436837341,4.524798608155625,0.26401780041438605,0.0,0.0
2022-09-22,-0.0104668300500758,0.3440877436837341,0.3436403218853762,4.524580300714494,-1.101187288347628,0.0,0.0
2022-09-23,-0.0292774131689599,0.3436403218853762,0.3424267967685847,4.523747241532316,-2.4039652073828885,1.0,0.0
2022-09-26,-0.028587515209181,0.3424267967685847,0.3412767723015009,4.522729188132258,-2.2077890202527835,1.0,1.0
2022-09-27,-0.0242107065048653,0.3412767723015009,0.3403188592548684,4.521771705399887,-1.797426076514552,1.0,1.0
2022-09-28,-0.0336850068544807,0.3403188592548684,0.3389499083327623,4.520643122995545,-2.324525196595179,1.0,1.0
2022-09-29,-0.0245019879847117,0.3389499083327623,0.3379705844388458,4.51972758857624,-1.6232339405906933,1.0,1.0
2022-09-30,-0.0001868106088522,0.3379705844388458,0.3379621546328186,4.5197261050401485,-0.09832811493877787,0.0,1.0
2022-10-03,0.0007361176640579,0.3379621546328186,0.337993566390406,4.51974213259352,-0.03850278419745349,0.0,0.0
2022-10-04,0.0211204539837526,0.337993566390406,0.3389648679541847,4.519801755826938,1.1957865273635686,0.0,0.0
2022-10-06,0.0048854561158897,0.3389648679541847,0.3391871688454287,4.519828370076365,0.21429171386275508,0.0,0.0
2022-10-07,-0.0019851092605547,0.3391871688454287,0.3390961942283823,4.519821387857263,-0.19058180404723213,0.0,0.0
2022-10-10,-0.0093448721976177,0.3390961942283823,0.338680810869038,4.519715279642721,-0.619097667410859,0.0,0.0
2022-10-11,-0.0131531551258348,0.338680810869038,0.338112261529888,4.519473156710897,-0.8323498807592442,0.0,0.0
2022-10-12,-0.007249664899759,0.338112261529888,0.3377838730601638,4.5194249300264495,-0.49490929497399494,0.0,0.0
2022-10-13,-0.0151979541374789,0.3377838730601638,0.3371054365351434,4.519267489762848,-1.0304186261934383,0.0,0.0
2022-10-14,0.0149821424722507,0.3371054365351434,0.3378094958440068,4.519220952549124,0.8681431193263629,0.0,0.0
2022-10-17,0.01168717983973,0.3378094958440068,0.3383713714848325,4.519110431728566,0.6322904180227453,0.0,0.0
2022-10-18,0.0063239079303327,0.3383713714848325,0.3386707115141185,4.51907652017607,0.2507349974971864,0.0,0.0
2022-10-19,0.0130323400763074,0.3386707115141185,0.3392876890097986,4.519005190672528,0.6871570343311553,0.0,0.0
2022-10-20,0.0037294205308784,0.3392876890097986,0.3394604492647348,4.519006399764159,0.05545001625499431,0.0,0.0
2022-10-21,-0.0114081283972709,0.3394604492647348,0.33890675746615,4.519147752865776,-0.9381374577688988,0.0,0.0
2022-10-24,0.0084459803667771,0.33890675746615,0.3393046558265355,4.519111117488648,0.4280957725868388,0.0,0.0
2022-10-25,0.0080716623361185,0.3393046558265355,0.3396541256405158,4.519253263582184,0.4212391877077439,0.0,0.0
2022-10-27,0.0049064104034819,0.3396541256405158,0.3398750647000601,4.519291684184571,0.22785627695265093,0.0,0.0
2022-10-28,0.0030225539245538,0.3398750647000601,0.3400150428709035,4.519293130444795,0.10637226888005431,0.0,0.0
2022-10-31,0.0247291226883863,0.3400150428709035,0.3411800440339106,4.519189351998648,1.6795607823207965,0.0,0.0
2022-11-01,0.0276138267477064,0.3411800440339106,0.3424778528989821,4.519088544872234,1.8545666187087793,0.0,0.0
2022-11-02,0.0204961328499724,0.3424778528989821,0.3434309173567639,4.519071396826658,1.2825924209772375,0.0,0.0
2022-11-03,0.0122152814475784,0.3434309173567639,0.3439862577364733,4.519134053326473,0.6898438986754978,0.0,0.0
2022-11-04,0.0019691646818786,0.3439862577364733,0.3440755390812292,4.519145633826678,-0.009884677664462833,0.0,0.0
2022-11-07,0.0123354271975273,0.3440755390812292,0.3446199330418538,4.5193044092000685,0.6877918126584086,0.0,0.0
2022-11-09,0.0066796788795979,0.3446199330418538,0.3449212059672077,4.519353551185573,0.3231649287188157,0.0,0.0
2022-11-10,0.0122582460037774,0.3449212059672077,0.3454888107760462,4.519358688629141,0.7344286200244903,0.0,0.0
2022-11-11,0.0663632375148939,0.3454888107760462,0.3484822031145159,4.519840344219578,4.58571999474354,-1.0,0.0
2022-11-14,0.0462066157721032,0.3484822031145159,0.350636372485292,4.519772616811015,2.6992045375357656,-1.0,-1.0
2022-11-15,0.0378035359851178,0.350636372485292,0.3523567473023538,4.519957033549604,2.070010979986519,-1.0,-1.0
2022-11-16,0.0262209483750011,0.3523567473023538,0.3536354085459381,4.519591190235886,1.3462028479780404,-1.0,-1.0
2022-11-17,0.012649686166231,0.3536354085459381,0.3542266973576742,4.519560145420299,0.5391187398219011,-1.0,-1.0
2022-11-18,0.0048940039443783,0.3542266973576742,0.3544558686046166,4.5195456830664265,0.08502753611809415,0.0,-1.0
2022-11-21,-0.0039610171860573,0.3544558686046166,0.3542762252646584,4.519523658288685,-0.4308654906968566,0.0,0.0
2022-11-22,-0.0035470029816178,0.3542762252646584,0.354116632674704,4.519496337480423,-0.4195210358209556,0.0,0.0
2022-11-23,-0.0024444124338662,0.354116632674704,0.3540045185689013,4.519489733784285,-0.36081372079881285,0.0,0.0
2022-11-24,0.0159024794159865,0.3540045185689013,0.3547216544088346,4.51960324026629,0.6867224657942411,0.0,0.0
2022-11-25,0.0099020678180297,0.3547216544088346,0.3551577149795805,4.519734904319195,0.31391284371284767,0.0,0.0
2022-11-28,-0.0035935865239986,0.3551577149795805,0.3549984954489855,4.519692457500448,-0.502761491513408,0.0,0.0
2022-11-29,-0.003625441095779,0.3549984954489855,0.3548377155149136,4.519650384523773,-0.4934512821043542,0.0,0.0
2022-11-30,4.522330239620232e-05,0.3548377155149136,0.3548397916800969,4.5196505012805295,-0.27649800579845235,0.0,0.0
2022-12-01,0.0092105600199223,0.3548397916800969,0.3552528941424986,4.519730036440655,0.26532005804155184,0.0,0.0
2022-12-02,-0.0003716844296057,0.3552528941424986,0.3552362867370296,4.51972645637491,-0.2990217708120225,0.0,0.0
2022-12-05,0.0019595239508038,0.3552362867370296,0.3553249951368374,4.519738685471497,-0.15737944179114507,0.0,0.0
2022-12-06,0.0008893331517842,0.3553249951368374,0.3553650153382425,4.5197456079749605,-0.22205013822118097,0.0,0.0
2022-12-07,0.0046068910618304,0.3553650153382425,0.3555653344584348,4.519821952699015,0.0010406500327946294,0.0,0.0
2022-12-08,0.0116419864008046,0.3555653344584348,0.3560657556160414,4.520049415298509,0.41426856099020415,0.0,0.0
2022-12-09,0.0172347486110107,0.3560657556160414,0.3568064780509173,4.520388101694932,0.730888155320396,0.0,0.0
2022-12-12,0.0244986078330464,0.3568064780509173,0.3578373799794859,4.520997817860511,1.150385013897109,0.0,0.0
2022-12-13,0.0200243167761424,0.3578373799794859,0.358700423814581,4.5213801565625324,0.8727240773221088,0.0,0.0
2022-12-14,0.0220588914846846,0.358700423814581,0.359670172233192,4.521691956691156,0.9743488508253517,0.0,0.0
2022-12-15,-0.0005597247317101,0.359670172233192,0.359645769600877,4.521682886934787,-0.3594882225607963,0.0,0.0
2022-12-16,0.0087916464665269,0.359645769600877,0.3600191722777662,4.521882362155682,0.17801269365900332,0.0,0.0
2022-12-19,0.006066354191172,0.3600191722777662,0.3602885031783588,4.5219532630052335,0.02143620960315758,0.0,0.0
2022-12-20,-0.0003732859040574,0.3602885031783588,0.3602721410099679,4.52194770569317,-0.34677915417014993,0.0,0.0
2022-12-21,-0.0035956601751907,0.3602721410099679,0.3601213435146478,4.521855019672531,-0.5455293919590708,0.0,0.0
2022-12-22,-0.0083167565845814,0.3601213435146478,0.3597586058692804,4.52171977732288,-0.8731733498079746,0.0,0.0
2022-12-23,-0.0142065347567594,0.3597586058692804,0.3591372246431319,4.521499018927654,-1.2867933050376132,0.0,0.0
2022-12-26,0.0110456517466923,0.3591372246431319,0.3596180215306931,4.5216839789981575,0.2705889815436561,0.0,0.0
2022-12-27,0.0075861215507577,0.3596180215306931,0.3599554337499824,4.521769838138637,0.006158359914739982,0.0,0.0
2022-12-28,0.0048722470120896,0.3599554337499824,0.3601726923837788,4.52182165408776,-0.21959746426046975,0.0,0.0
2022-12-29,0.0108385269614563,0.3601726923837788,0.3606564772333132,4.521933938957847,0.1900683971533372,0.0,0.0
2022-12-30,-0.0018508276647537,0.3606564772333132,0.3605725316376993,4.521922424926268,-0.7080118600568712,0.0,0.0
2023-01-02,-0.000571998891,0.3605725316376993,0.3605467188695891,4.521918141463947,-0.5936440159848518,0.0,0.0
2023-01-03,0.0045644815938263,0.3605467188695891,0.3607551320537399,4.521938325664091,-0.2267014731382595,0.0,0.0
2023-01-04,-0.0123305901271413,0.3607551320537399,0.3602044802885669,4.521813343458015,-1.420416563435087,0.0,0.0
2023-01-05,-0.0153199188135904,0.3602044802885669,0.3595189139485167,4.521665694514895,-1.6191017504684193,0.0,0.0
2023-01-06,-0.0077719000976435,0.3595189139485167,0.3591888084950659,4.521489333208159,-1.0852312509094455,0.0,0.0
2023-01-09,-0.0087240340634719,0.3591888084950659,0.3587962639568812,4.52141619937405,-1.1500952844505288,0.0,0.0
2023-01-10,-0.0215343197823179,0.3587962639568812,0.3578517241550628,4.521096914604352,-2.0698976542345426,1.0,0.0
2023-01-11,-0.0026064336117075,0.3578517241550628,0.3577353260766772,4.521070052085795,-0.6753170635424797,1.0,1.0
2023-01-12,0.0078990547313821,0.3577353260766772,0.3580763990611907,4.521218182738599,0.05532960967622633,0.0,1.0
2023-01-13,0.0063686278909536,0.3580763990611907,0.3583551946657975,4.521316314457481,-0.05024454054722514,0.0,0.0
2023-01-16,-0.0059074394861768,0.3583551946657975,0.3580924745902432,4.521248694936848,-0.8764815365763101,0.0,0.0
2023-01-17,0.0079117443170479,0.3580924745902432,0.3584530281847498,4.521289375796963,0.07249909402491855,0.0,0.0
2023-01-18,0.0229591331710983,0.3584530281847498,0.3594986641979652,4.521409634639283,1.0807739003424084,0.0,0.0
2023-01-19,0.0272435288285946,0.3594986641979652,0.3606734606588315,4.521928465083783,1.344337458344351,0.0,0.0
2023-01-20,0.0309307378918441,0.3606734606588315,0.3620145691709693,4.522479006400673,1.5493467488653,0.0,0.0
2023-01-23,0.025550215153987,0.3620145691709693,0.3631737742661794,4.522641750704791,1.1390858655159832,0.0,0.0
2023-01-24,0.0366943409083289,0.3631737742661794,0.3647728913369331,4.523248178942818,1.8265563099561486,0.0,0.0
2023-01-25,0.0008669910019767,0.3647728913369331,0.3648103774592162,4.523264249829751,-0.5005988402110848,0.0,0.0
2023-01-27,-0.0117622047766809,0.3648103774592162,0.3643281404387916,4.522895657575472,-1.2899350962240952,0.0,0.0
2023-01-30,-0.0123881897764821,0.3643281404387916,0.3637936321401389,4.522657039920011,-1.2850497662817668,0.0,0.0
2023-01-31,-0.0166467846773255,0.3637936321401389,0.363060262480152,4.522422499385148,-1.5112192773230173,0.0,0.0
2023-02-01,-0.0001015091617961,0.363060262480152,0.3630556558163302,4.522421839641832,-0.4411692019948077,0.0,0.0
2023-02-02,-0.0185852212823363,0.3630556558163302,0.3621900088660571,4.5224291932840925,-1.571382819585082,0.0,0.0
2023-02-03,0.0166870291366842,0.3621900088660571,0.3629831837606412,4.522329696690436,0.6237438432270506,0.0,0.0
2023-02-06,0.0147236718130612,0.3629831837606412,0.3636368834933496,4.522503171806254,0.4991437571877427,0.0,0.0
2023-02-07,0.006342190962747,0.3636368834933496,0.3639331231101049,4.522494883565461,0.05011657350841889,0.0,0.0
2023-02-08,0.0065258830382903,0.3639331231101049,0.3642302996052902,4.522529454944392,0.11625934021340091,0.0,0.0
2023-02-09,0.0015484961718579,0.3642302996052902,0.3643012576839273,4.522535154679814,-0.22325708476524644,0.0,0.0
2023-02-10,0.0048505094300619,0.3643012576839273,0.3645229981884377,4.522555966462492,0.06656331571824778,0.0,0.0
2023-02-13,0.0039228091410992,0.3645229981884377,0.3647021931395439,4.522573551616746,0.0031014214056627313,0.0,0.0
2023-02-14,0.0127773326183273,0.3647021931395439,0.3652806569420989,4.522660494757526,0.7118402445323516,0.0,0.0
2023-02-15,0.0041508447625409,0.3652806569420989,0.365473019058322,4.5226634362873375,0.0003249323141307825,0.0,0.0
2023-02-16,-0.001112153945292,0.365473019058322,0.365421660810439,4.522661667976965,-0.43151348276130763,0.0,0.0
2023-02-17,7.491451073526889e-05,0.365421660810439,0.3654249400901703,4.522662814252467,-0.3385061268109969,0.0,0.0
2023-02-20,-0.0047925087888511,0.3654249400901703,0.36522120991596,4.52255444018098,-0.7122895532898762,0.0,0.0
2023-02-21,0.001745078514018,0.36522120991596,0.3652957305768696,4.522592200143389,-0.164555873835017,0.0,0.0
2023-02-22,-0.0122262213081549,0.3652957305768696,0.3647932429229592,4.522215267402824,-1.300418014774821,0.0,0.0
2023-02-23,-0.0171414320718268,0.3647932429229592,0.3640607725650074,4.521843661523947,-1.6672663883048748,0.0,0.0
2023-02-24,-0.0193523449303096,0.3640607725650074,0.3632357789180866,4.521412937920033,-1.7812334081286554,0.0,0.0
2023-02-27,-0.0177137835944982,0.3632357789180866,0.3624290764599747,4.521311102912184,-1.5778866723731728,0.0,0.0
2023-02-28,-0.0093950584014299,0.3624290764599747,0.361999939722764,4.521265530664872,-0.9031358354680958,0.0,0.0
2023-03-01,-0.0110729303875229,0.361999939722764,0.3614826683123933,4.521278069854478,-1.0076364136791345,0.0,0.0
2023-03-02,-0.0117667641623731,0.3614826683123933,0.360958978365999,4.521144771000144,-1.035726607942532,0.0,0.0
2023-03-03,0.0049877477733311,0.360958978365999,0.3611929822947952,4.5211331719711145,0.21665562697642352,0.0,0.0
2023-03-06,0.0106593447320619,0.3611929822947952,0.3616877714371945,4.521137473467744,0.6414187094376043,0.0,0.0
2023-03-08,0.0119906803563027,0.3616877714371945,0.362230304336788,4.521221867340989,0.7525272345759781,0.0,0.0
2023-03-09,0.0137499011706925,0.362230304336788,0.3628273337273605,4.521461939082153,0.9155274879570391,0.0,0.0
2023-03-10,-0.012402668030008,0.3628273337273605,0.3622995978981099,4.521182676729026,-1.0558184661292358,0.0,0.0
2023-03-13,-0.0163257618740644,0.3622995978981099,0.3616259370289245,4.5206941989949545,-1.3267023065917563,0.0,0.0
2023-03-14,-0.0090200788412717,0.3616259370289245,0.3612627011051865,4.520372475252521,-0.7336072779870254,0.0,0.0
2023-03-15,-0.0249072310195037,0.3612627011051865,0.3601903676193124,4.51987313002533,-1.9142324379425502,0.0,0.0
2023-03-16,-0.0111984342624946,0.3601903676193124,0.3597039303857107,4.5196734389737605,-0.8132759257898899,0.0,0.0
2023-03-17,-0.0012266748032727,0.3597039303857107,0.3596471658060239,4.51967129199924,-0.06476557707377543,0.0,0.0
2023-03-20,-0.0092377986892415,0.3596471658060239,0.359217816472419,4.519667156175578,-0.6550976314339035,0.0,0.0
2023-03-21,0.003018618760171,0.359217816472419,0.3593587115743413,4.519664804704857,0.2445440431887276,0.0,0.0
2023-03-22,0.0002442060767773,0.3593587115743413,0.3593699746044104,4.519665363162269,0.020395969135673098,0.0,0.0
2023-03-23,-0.0024778058396695,0.3593699746044104,0.3592613451791211,4.519627727811467,-0.16843689872476553,0.0,0.0
2023-03-24,-0.006062348113212,0.3592613451791211,0.3589873022695504,4.519581832384949,-0.4235550011910893,0.0,0.0
2023-03-27,-0.0028313696175681,0.3589873022695504,0.3588564267251741,4.519576779663088,-0.169136925561319,0.0,0.0
2023-03-28,0.0073661312884718,0.3588564267251741,0.3591910836010628,4.5196225414569104,0.6114840374396102,0.0,0.0
2023-03-29,0.005516145641307,0.3591910836010628,0.3594508549560962,4.519604841423683,0.45986283910090714,0.0,0.0
2023-03-31,0.0151663501369538,0.3594508549560962,0.3601707311338846,4.5195226118672895,1.1715525737944752,0.0,0.0
2023-04-03,0.0090009290841202,0.3601707311338846,0.3606010256424034,4.519455563740975,0.6912279143959627,0.0,0.0
2023-04-05,0.0317410058784846,0.3606010256424034,0.3621098873712949,4.51926479869029,2.351423397134489,-1.0,0.0
2023-04-06,0.0296128494813725,0.3621098873712949,0.3635095512798555,4.519130902954615,2.066122952658203,-1.0,-1.0
2023-04-10,0.0163393412312018,0.3635095512798555,0.3642749147326266,4.519095911313643,1.0375757771365937,-1.0,-1.0
2023-04-11,-0.002812877054386,0.3642749147326266,0.3641265410011,4.519196919849022,-0.3206345730941211,0.0,-1.0
2023-04-12,0.011348796126553,0.3641265410011,0.3646986393311214,4.518936432883055,0.6514390052022718,0.0,0.0
2023-04-13,0.0077018460406836,0.3646986393311214,0.3650891936056489,4.518745167724164,0.3762077514816996,0.0,0.0
2023-04-17,-0.0147558288622082,0.3650891936056489,0.3643381466625199,4.519130291025137,-1.207497747264338,0.0,0.0
2023-04-18,-0.0136035436232733,0.3643381466625199,0.3636744409006386,4.5193223620509375,-1.0890833577221395,0.0,0.0
2023-04-19,-0.0055350485425185,0.3636744409006386,0.3634114260199472,4.519360008003538,-0.5136157497016519,0.0,0.0
2023-04-20,-0.000124422641945,0.3634114260199472,0.3634056059029538,4.519360317384192,-0.12343897601675713,0.0,0.0
2023-04-21,-0.0003331846414704,0.3634056059029538,0.3633899574821487,4.519361494304546,-0.1133977787226223,0.0,0.0
2023-04-24,0.0071271940830524,0.3633899574821487,0.3637226662590575,4.519348012774916,0.4584862737128281,0.0,0.0
2023-04-25,-0.0076255857917209,0.3637226662590575,0.3633742804981087,4.519318618761433,-0.6086723934990927,0.0,0.0
2023-04-26,0.0011204312475525,0.3633742804981087,0.3634244532605726,4.519328851976504,0.09775455182437005,0.0,0.0
2023-04-27,0.0005430051694643,0.3634244532605726,0.3634499292275947,4.519327150453647,0.10680767149543945,0.0,0.0
2023-04-28,-0.0012532205421411,0.3634499292275947,0.3633893159794928,4.51934169572853,-0.043782815049988086,0.0,0.0
2023-05-02,0.0020684879224566,0.3633893159794928,0.3634850807315177,4.5193421415104735,0.22247062551860103,0.0,0.0
2023-05-03,0.0031396792801396,0.3634850807315177,0.3636314068267475,4.519337260247538,0.2952730766702626,0.0,0.0
2023-05-04,0.0194096335268945,0.3636314068267475,0.3645489459029011,4.519231641473204,1.684550660766258,0.0,0.0
2023-05-05,-0.0433411934208658,0.3645489459029011,0.3625818061657281,4.518996741340424,-3.7069049365428453,1.0,0.0
2023-05-08,-0.0255235930333457,0.3625818061657281,0.3613747912544749,4.519138538160349,-1.981589551765799,1.0,1.0
2023-05-09,-0.0175917238459257,0.3613747912544749,0.3605593640007223,4.519142112139254,-1.2871079336470692,1.0,1.0
2023-05-10,-0.008931008797556,0.3605593640007223,0.3601461138270603,4.519139779851387,-0.5821842589842035,1.0,1.0
2023-05-11,-0.0056590487480923,0.3601461138270603,0.3598865111944058,4.519125300160533,-0.3126372577559553,0.0,1.0
2023-05-12,0.0042103607822161,0.3598865111944058,0.360079395133073,4.519137625977493,0.4587913200388766,0.0,0.0
2023-05-15,0.0055618410505333,0.360079395133073,0.3603374711645322,4.519134859524281,0.5583185893756688,0.0,0.0
2023-05-16,0.0030430372692622,0.3603374711645322,0.3604723134436006,4.519170169719612,0.3643601732385206,0.0,0.0
2023-05-17,0.0039028949097028,0.3604723134436006,0.3606361650515114,4.519268539242501,0.43148830367056046,0.0,0.0
2023-05-18,0.0033895234086802,0.3606361650515114,0.3607855651982292,4.519313383717077,0.4071643107932375,0.0,0.0
2023-05-19,0.0009522987423062,0.3607855651982292,0.3608287018055792,4.519319243551523,0.21992900279475916,0.0,0.0
2023-05-22,-0.002599450544622,0.3608287018055792,0.3607114049560784,4.519300788591138,-0.057253834521186264,0.0,0.0
2023-05-23,-0.0007376121461346,0.3607114049560784,0.3606790642702028,4.519290100955391,0.09006855611280183,0.0,0.0
2023-05-24,-0.0115927200674805,0.3606790642702028,0.3601756101877232,4.519093507224716,-0.7543402289459221,0.0,0.0
2023-05-25,-0.0159252956104181,0.3601756101877232,0.3594556626882033,4.518986660402207,-1.067822256170754,0.0,0.0
2023-05-26,-0.0104898220887124,0.3594556626882033,0.3589713836745292,4.518975176232219,-0.6416814008099297,0.0,0.0
2023-05-29,0.0030255963680954,0.3589713836745292,0.3591117257665744,4.518974391076232,0.3889633783065706,0.0,0.0
2023-05-30,-0.000978072008948,0.3591117257665744,0.3590653512829574,4.518980560595292,0.05154932305413272,0.0,0.0
2023-05-31,-0.023795980338412,0.3590653512829574,0.3578924529227171,4.519393177827218,-1.7837934807370313,0.0,0.0
2023-06-01,-0.0061377494943544,0.3578924529227171,0.35763121233214,4.519260669281704,-0.35285310906627765,0.0,0.0
2023-06-02,-0.0045011542523587,0.35763121233214,0.3574338278126822,4.519196076608773,-0.23290714654065856,0.0,0.0
2023-06-05,-0.0020061379753384,0.3574338278126822,0.3573470468498983,4.519160216887337,-0.04802735731487186,0.0,0.0
2023-06-06,-0.0108594473592606,0.3573470468498983,0.3568470810864074,4.519140561623302,-0.7343355017284738,0.0,0.0
2023-06-07,0.000917265016616,0.3568470810864074,0.3568878480520177,4.5191506292692685,0.21959132106318313,0.0,0.0
2023-06-08,0.0111560130913757,0.3568878480520177,0.3573453485827195,4.519495470867712,1.0515759356820376,0.0,0.0
2023-06-09,0.0120358909236442,0.3573453485827195,0.357840447301179,4.519860900318612,1.1296464893205245,0.0,0.0
2023-06-12,0.0012138338918568,0.357840447301179,0.3578923435860923,4.519886529300382,0.2309951151474727,0.0,0.0
2023-06-13,0.0070689949441531,0.3578923435860923,0.3581874115466457,4.520077101571094,0.6814142542491144,0.0,0.0
2023-06-14,0.0023664141661035,0.3581874115466457,0.3582898427861318,4.520119952199894,0.2811715130096637,0.0,0.0
2023-06-15,-0.0046219534201492,0.3582898427861318,0.3580977828445352,4.51999026520074,-0.32795217992314196,0.0,0.0
2023-06-16,0.0050028905781864,0.3580977828445352,0.3583191618576761,4.520053328621868,0.4650820518906573,0.0,0.0
2023-06-19,0.0108974808809971,0.3583191618576761,0.3587780538708843,4.52032417201544,0.947160157578691,0.0,0.0
2023-06-20,0.0062026247831861,0.3587780538708843,0.3590531238440509,4.520398926069291,0.5262653104487299,0.0,0.0
2023-06-21,0.0215308454885798,0.3590531238440509,0.3600146747771979,4.520618520839418,1.7935479527069202,0.0,0.0
2023-06-22,0.0223577024807104,0.3600146747771979,0.3610004748262073,4.520918540618891,1.7854907383872642,0.0,0.0
2023-06-23,0.0176652102170082,0.3610004748262073,0.3617745719840789,4.521183361668656,1.3380845415284834,0.0,0.0
2023-06-26,0.00909491140564,0.3617745719840789,0.362172613097387,4.521322811379873,0.6234639137077649,0.0,0.0
2023-06-27,0.0163079503800025,0.362172613097387,0.3629181355091208,4.521390428899071,1.167150623135522,0.0,0.0
2023-06-28,0.0231791108196564,0.3629181355091208,0.3639666431510804,4.521548632131847,1.6736417650815745,0.0,0.0
2023-06-30,0.0305964901981292,0.3639666431510804,0.3653626397994763,4.521687945911308,2.1733607609009145,-1.0,0.0
2023-07-03,0.0334801843346559,0.3653626397994763,0.3668788194810823,4.521904752192312,2.3005209246510088,-1.0,-1.0
2023-07-04,0.0256646558044231,0.3668788194810823,0.368072359055074,4.521890717496251,1.6322696533453407,-1.0,-1.0
2023-07-05,-0.0142879140750205,0.368072359055074,0.3674104243277595,4.5218850250976415,-1.1795515467134405,0.0,-1.0
2023-07-06,-0.0117939724502686,0.3674104243277595,0.3668577453458337,4.521917035137255,-0.9713331943435906,0.0,0.0
2023-07-07,-0.0126252666844548,0.3668577453458337,0.3662938629514365,4.521792118322804,-1.0000537617464211,0.0,0.0
2023-07-10,-0.0141869491129673,0.3662938629514365,0.3656449160367653,4.521738913546477,-1.093537865267674,0.0,0.0
2023-07-11,-0.0151051800077866,0.3656449160367653,0.3649571089392008,4.521664392187622,-1.1237328829815831,0.0,0.0
2023-07-12,-0.0226177669566078,0.3649571089392008,0.3639116501984484,4.521642642641712,-1.624039407490578,0.0,0.0
2023-07-13,-0.0097913359292416,0.3639116501984484,0.3634680702003044,4.521581714319848,-0.6901669099752386,0.0,0.0
2023-07-14,-0.0048981536200392,0.3634680702003044,0.363246718628139,4.521547958742943,-0.35097383562303697,0.0,0.0
2023-07-17,0.011737477700259,0.363246718628139,0.3637999955477416,4.5214971370045625,0.8258606918747878,0.0,0.0
2023-07-18,0.0088610381404601,0.3637999955477416,0.3642086437626202,4.521510047171817,0.6048083413517461,0.0,0.0
2023-07-19,0.007923012688324,0.3642086437626202,0.3645804107478925,4.521484617151667,0.526399365300005,0.0,0.0
2023-07-20,-0.0015900722645447,0.3645804107478925,0.3645011735743985,4.521516621596302,-0.14211523464349077,0.0,0.0
2023-07-21,-0.0113459883402571,0.3645011735743985,0.363941141109027,4.521716687737085,-0.8356879732801106,0.0,0.0
2023-07-24,0.0071107419908855,0.363941141109027,0.3642480688414929,4.521845781042964,0.474243552306614,0.0,0.0
2023-07-25,0.0201449435829204,0.3642480688414929,0.3650977139609886,4.522331382885233,1.3754404243335219,0.0,0.0
2023-07-26,0.0073081270371897,0.3650977139609886,0.3654220902759572,4.522415577270045,0.4476725258271121,0.0,0.0
2023-07-27,-0.0009568504193246,0.3654220902759572,0.3653808947843432,4.522397180407246,-0.1261873799491987,0.0,0.0
2023-07-28,-0.0191785497807854,0.3653808947843432,0.3645401523589274,4.522113936018339,-1.3719920494795623,0.0,0.0
2023-07-31,-0.0052754526611797,0.3645401523589274,0.3643147393710569,4.522002200102645,-0.37331114029783263,0.0,0.0
2023-08-01,0.004126775416263,0.3643147393710569,0.3644918234347966,4.52208553771792,0.24701331218794606,0.0,0.0
2023-08-02,-0.0049553153119301,0.3644918234347966,0.3642857204020745,4.521947654205482,-0.4810891685190513,0.0,0.0
2023-08-03,-0.0107619629897044,0.3642857204020745,0.3638279868315072,4.521705454456602,-0.9594638491225559,0.0,0.0
2023-08-04,0.0032052375186397,0.3638279868315072,0.3639705379550429,4.521741850954607,0.13464792138631715,0.0,0.0
2023-08-07,0.0031304120241477,0.3639705379550429,0.3641086808364307,4.521783391551275,0.11758358223389163,0.0,0.0
2023-08-08,0.0021622216199572,0.3641086808364307,0.3642041053783333,4.52181200687046,0.04327365243741786,0.0,0.0
2023-08-09,0.0012376749506559,0.3642041053783333,0.3642593751125454,4.52182465688523,-0.024644127732615616,0.0,0.0
2023-08-10,-0.0018694521877051,0.3642593751125454,0.3641799384134458,4.521782344679976,-0.26559607516664346,0.0,0.0
2023-08-11,-0.009931144181821,0.3641799384134458,0.3637577757881217,4.5215576065011245,-0.889093924449754,0.0,0.0
2023-08-14,-0.0126542212296936,0.3637577757881217,0.3632081827075915,4.521337422220952,-1.0780685038430458,0.0,0.0
2023-08-16,-0.0105212838270576,0.3632081827075915,0.3627526745150322,4.52114603113253,-0.8859597497802504,0.0,0.0
2023-08-17,-0.0090223293665587,0.3627526745150322,0.3623717459799481,4.520926312891812,-0.7558057460709646,0.0,0.0
2023-08-18,-0.0076068637127182,0.3623717459799481,0.3620533024154063,4.52072500380314,-0.6338663461845502,0.0,0.0
2023-08-21,-0.0082963207224171,0.3620533024154063,0.3616923122452716,4.520583133346262,-0.6943201198725141,0.0,0.0
2023-08-22,-0.0108903687660726,0.3616923122452716,0.36121129316374,4.520438102432202,-0.9116199878933451,0.0,0.0
2023-08-23,-0.0089199833546116,0.36121129316374,0.3608032702889099,4.520399895250171,-0.758409577614398,0.0,0.0
2023-08-24,-0.0112794361397678,0.3608032702889099,0.3602885551257655,4.5203456080620095,-0.9211981804663916,0.0,0.0
2023-08-25,-0.0191118856812204,0.3602885551257655,0.3594222913705486,4.520220996631828,-1.5001326002959041,0.0,0.0
2023-08-28,-0.0058638138959787,0.3594222913705486,0.3591516696768123,4.520210543270378,-0.49906233098379216,0.0,0.0
2023-08-29,0.0051177680013196,0.3591516696768123,0.3593835299946549,4.52024418352378,0.34833473505600865,0.0,0.0
2023-08-30,-0.0019424738642079,0.3593835299946549,0.359296854186172,4.520223796350627,-0.20921030678907368,0.0,0.0
2023-08-31,-0.0027319643829155,0.359296854186172,0.3591780014665096,4.520177565583575,-0.27027259132015946,0.0,0.0
2023-09-01,-0.0024365287723639,0.3591780014665096,0.3590685515034613,4.520155864172998,-0.259549314490236,0.0,0.0
2023-09-04,0.0062720900608592,0.3590685515034613,0.3593462872970457,4.520234530424578,0.4214304351034779,0.0,0.0
2023-09-05,-0.0033437473149149,0.3593462872970457,0.3591951288821704,4.52021019639729,-0.3204803940901064,0.0,0.0
2023-09-06,0.0107150336322385,0.3591951288821704,0.3596786245941138,4.520292950935828,0.8006686829303062,0.0,0.0
2023-09-07,0.0135908872514347,0.3596786245941138,0.3603115390532618,4.520285323235009,1.0085027999437055,0.0,0.0
2023-09-08,0.0167942381649464,0.3603115390532618,0.3610921986200978,4.520282640474259,1.2419941621019188,0.0,0.0
2023-09-11,0.0144196938177385,0.3610921986200978,0.3617731260743286,4.520218563400636,1.026214035445019,0.0,0.0
2023-09-12,0.0129349677486052,0.3617731260743286,0.3623795277799465,4.520185324104208,0.8820430299778206,0.0,0.0
2023-09-13,0.0109925433699986,0.3623795277799465,0.3629005244239735,4.520124140932172,0.7200808645785157,0.0,0.0
2023-09-14,0.0079797966850652,0.3629005244239735,0.3632717861924024,4.520119063096416,0.4921875413309663,0.0,0.0
2023-09-15,0.0187331580510612,0.3632717861924024,0.3641251504415164,4.52021157486211,1.3014587098719077,0.0,0.0
2023-09-18,-0.0031262820190978,0.3641251504415164,0.3639868115678734,4.5201726215879,-0.3473748119897544,0.0,0.0
2023-09-20,-0.0414098438880845,0.3639868115678734,0.362172607672134,4.519548744040739,-3.289906011636812,1.0,0.0
2023-09-21,-0.0298670340531392,0.362172607672134,0.3609317303176806,4.518709361637487,-2.1628411009326474,1.0,1.0
2023-09-22,-0.0372864867076634,0.3609317303176806,0.3593433128163217,4.517880711396803,-2.5644568057951203,1.0,1.0
2023-09-25,-0.0319417363917988,0.3593433128163217,0.3578904985843426,4.517696097135747,-2.0443885380942577,1.0,1.0
2023-09-26,-0.0147924743503207,0.3578904985843426,0.3572427061504333,4.517468963339235,-0.8226003000393599,1.0,1.0
2023-09-27,-0.018028058407479,0.3572427061504333,0.3564450772830115,4.517238221101199,-1.0254390533227276,1.0,1.0
2023-09-28,-0.0086740744055147,0.3564450772830115,0.3560812272810215,4.517013381910078,-0.336590560966041,0.0,1.0
2023-09-29,-0.0051303695210549,0.3560812272810215,0.3558604573672889,4.516911607331092,-0.039554810066858466,0.0,0.0
2023-10-03,-0.0139889640281527,0.3558604573672889,0.3552601222806572,4.5166244355536,-0.7239443295049587,0.0,0.0
2023-10-04,0.004991916612381,0.3552601222806572,0.3554753896642182,4.516721122530707,0.7187228068386078,0.0,0.0
2023-10-05,0.005173895979011,0.3554753896642182,0.3557064987073092,4.516775863920913,0.7096196601662572,0.0,0.0
2023-10-06,0.0006865919575371,0.3557064987073092,0.3557377873824977,4.51677955651497,0.34569894081000324,0.0,0.0
2023-10-09,-0.006117485004637,0.3557377873824977,0.3554719401334047,4.516673385133957,-0.19095158830270337,0.0,0.0
2023-10-10,-0.0063317343798674,0.3554719401334047,0.3551750349872736,4.516687056756338,-0.23237893193351045,0.0,0.0
2023-10-11,0.0019397378855323,0.3551750349872736,0.3552673812919645,4.5166746711510175,0.40554647977983943,0.0,0.0
2023-10-12,0.0095632792032711,0.3552673812919645,0.3557103358959193,4.516682827286386,0.987930559646305,0.0,0.0
2023-10-13,-0.0018081713876245,0.3557103358959193,0.3556274438133837,4.516676403500463,0.1084482228126274,0.0,0.0
2023-10-16,-0.0028472979212432,0.3556274438133837,0.3555002482537881,4.516647222593711,0.041701904852431415,0.0,0.0
2023-10-17,0.0010798904211828,0.3555002482537881,0.3555504991885375,4.51664687551884,0.3663348385053404,0.0,0.0
2023-10-18,-0.0095685787364878,0.3555504991885375,0.3551227627858649,4.516550422706532,-0.477758775600917,0.0,0.0
2023-10-19,-0.0070892378934956,0.3551227627858649,0.3548134953061086,4.516434987040621,-0.2848298433205412,0.0,0.0
2023-10-20,-0.0062978870033374,0.3548134953061086,0.3545204344838358,4.516436494768232,-0.20472001007626428,0.0,0.0
2023-10-23,-0.0098129616212716,0.3545204344838358,0.3540902638846193,4.516288653778664,-0.4634245934596855,0.0,0.0
2023-10-25,-0.0109168938748629,0.3540902638846193,0.353618970327469,4.516081874944144,-0.5337390036756362,0.0,0.0
2023-10-26,-0.0234629353864868,0.353618970327469,0.3526574510367333,4.515342917804043,-1.5525350351928693,0.0,0.0
2023-10-27,-0.0148324970532769,0.3526574510367333,0.3520228053305571,4.515026143199189,-0.8290444594894758,0.0,0.0
2023-10-30,-0.0030653861291973,0.3520228053305571,0.3518858981424967,4.514993324334747,0.14445551434654733,0.0,0.0
2023-10-31,-0.0124997288237267,0.3518858981424967,0.3513036561202837,4.5149968947868215,-0.6148668473384731,0.0,0.0
2023-11-01,-0.0074102086717742,0.3513036561202837,0.3509705440338727,4.514931300504117,-0.18876554510567228,0.0,0.0
2023-11-02,-0.0065707531818315,0.3509705440338727,0.3506676850923408,4.5149157469035535,-0.1252230376519982,0.0,0.0
2023-11-03,0.0008443096549601,0.3506676850923408,0.3507060717578823,4.514920714139002,0.49392052124255204,0.0,0.0
2023-11-06,0.0064304963686474,0.3507060717578823,0.3510014997800535,4.514941052302744,0.9555780369648098,0.0,0.0
2023-11-07,-0.0024029058889887,0.3510014997800535,0.3508894955964451,4.514942710903458,0.22509612793491765,0.0,0.0
2023-11-08,0.0021417167793522,0.3508894955964451,0.350987583087773,4.514951048880344,0.6017678119698162,0.0,0.0
2023-11-09,-0.0021426070042185,0.350987583087773,0.3508900688879498,4.514939199002639,0.24569138456536865,0.0,0.0
2023-11-10,0.0022691526108697,0.3508900688879498,0.3509932030149735,4.5149525710252325,0.5951696666089891,0.0,0.0
2023-11-13,-0.0007123249188163,0.3509932030149735,0.3509607300913734,4.514948924151477,0.3318471160410544,0.0,0.0
2023-11-15,0.0056550080441697,0.3509607300913734,0.3512274717022082,4.514926754742072,0.8389908689144119,0.0,0.0
2023-11-16,0.0060700149143446,0.3512274717022082,0.3515119437696394,4.51491293196252,0.8489597870919436,0.0,0.0
2023-11-17,0.0038969672536817,0.3515119437696394,0.3516901341310306,4.514929261171573,0.6502586929628255,0.0,0.0
2023-11-20,0.0017183180124069,0.3516901341310306,0.3517692390065647,4.514933447011052,0.4564722637524164,0.0,0.0
2023-11-21,0.010351187815587,0.3517692390065647,0.3522404033582547,4.514989258220679,1.1372229509406728,0.0,0.0
2023-11-22,0.008289804128795,0.3522404033582547,0.3526025054160505,4.515121154833047,0.9362835150579751,0.0,0.0
2023-11-23,0.0130917682294002,0.3526025054160505,0.3531729369508584,4.515338844133877,1.2897356011876162,0.0,0.0
2023-11-24,0.0156583004429711,0.3531729369508584,0.3538679925886221,4.515527184962176,1.4525895992786941,0.0,0.0
2023-11-28,0.0095031352459038,0.3538679925886221,0.3542904347346634,4.515638058808992,0.9174499679696023,0.0,0.0
2023-11-29,0.0244060721438073,0.3542904347346634,0.3554021069566888,4.515770169497784,2.0724042838354104,-1.0,0.0
2023-11-30,0.0171326299815675,0.3554021069566888,0.3561832267103885,4.515857796554737,1.4197478952088507,-1.0,-1.0
2023-12-01,0.0112906890318438,0.3561832267103885,0.356692029345374,4.515949275386216,0.9381919051208178,-1.0,-1.0
2023-12-04,0.0287449113482729,0.356692029345374,0.3581424721391936,4.515295095501706,2.2014398658607366,-1.0,-1.0
2023-12-05,0.0277516802581736,0.3581424721391936,0.3595220330096877,4.514773627775015,2.0247352483904772,-1.0,-1.0
2023-12-06,0.0240451908697076,0.3595220330096877,0.3606732736335683,4.514570539461339,1.6690745175401223,-1.0,-1.0
2023-12-07,0.0180099382019074,0.3606732736335683,0.3615291960459386,4.514454490960127,1.2161600106065005,-1.0,-1.0
2023-12-08,0.024645578140376,0.3615291960459386,0.362705662693533,4.514265431180276,1.650425662370636,-1.0,-1.0
2023-12-11,0.0154528623887078,0.362705662693533,0.3634384889848604,4.5141739659808815,1.011747630285231,-1.0,-1.0
2023-12-12,0.0051351973572772,0.3634384889848604,0.363670979722959,4.514206945324436,0.32561786032618717,0.0,-1.0
2023-12-13,0.0010964558740411,0.363670979722959,0.3637207285670645,4.514213461455587,0.06689687418357755,0.0,0.0
2023-12-14,0.0070649149972021,0.3637207285670645,0.3640555757627337,4.514173449248769,0.47767367518411397,0.0,0.0
2023-12-15,0.0096346529390141,0.3640555757627337,0.364503610426397,4.514167559905214,0.6510163566878526,0.0,0.0
2023-12-18,0.0071981925734547,0.364503610426397,0.3648335195659651,4.5141908265721264,0.5030405699584651,0.0,0.0
2023-12-19,0.003611964904004,0.3648335195659651,0.3649982100451986,4.514207481996763,0.24841597290485806,0.0,0.0
2023-12-20,0.0090843032938812,0.3649982100451986,0.3653972802227796,4.514336694857541,0.609397168407426,0.0,0.0
2023-12-21,0.0191622089477725,0.3653972802227796,0.3662834912449568,4.51435516591646,1.3477811693572177,0.0,0.0
2023-12-22,0.0029235391914763,0.3662834912449568,0.3664194515908832,4.514353448738345,0.05238736262894336,0.0,0.0
2023-12-26,0.0038861922683315,0.3664194515908832,0.366606225749722,4.514316041174222,0.08914890729034665,0.0,0.0
2023-12-27,0.0121331237906501,0.366606225749722,0.3671928848818022,4.514177173765887,0.7905311621030702,0.0,0.0
2023-12-28,0.0062827031693988,0.3671928848818022,0.3674994778179003,4.514088224020125,0.23654652478406965,0.0,0.0
2023-12-29,0.0094337348344408,0.3674994778179003,0.3679408646267201,4.514063415328562,0.5043134418885441,0.0,0.0
2024-01-01,8.854566719040946e-05,0.3679408646267201,0.3679449716117259,4.514063392372305,-0.373678025734588,0.0,0.0
2024-01-02,0.0092518894381914,0.3679449716117259,0.3683406953792847,4.514254509574948,0.45620053671657207,0.0,0.0
2024-01-03,-0.0089895431889983,0.3683406953792847,0.36794977934578,4.51410421699958,-1.2615873381370593,0.0,0.0
2024-01-04,0.0046014640241294,0.36794977934578,0.3681511346379494,4.51417423205555,0.03441264190093806,0.0,0.0
2024-01-05,0.001385199801696,0.3681511346379494,0.3682105904805778,4.514202049631978,-0.2695328413128974,0.0,0.0
2024-01-08,-0.0058928697975426,0.3682105904805778,0.3679637697657157,4.51404808236245,-0.9623943120037148,0.0,0.0
2024-01-09,-0.0122092705354495,0.3679637697657157,0.3674409795572869,4.513793716817715,-1.5535869532372943,0.0,0.0
2024-01-10,-0.0043960107373264,0.3674409795572869,0.3672519608834084,4.513706566154736,-0.786545974009164,0.0,0.0
2024-01-11,-0.0078135250273181,0.3672519608834084,0.3669102227378762,4.513584788384542,-1.075077978893071,0.0,0.0
2024-01-12,-0.0125055469441317,0.3669102227378762,0.3663485747164458,4.513474676292393,-1.4834857865248317,0.0,0.0
2024-01-15,0.0063618018382136,0.3663485747164458,0.3666434402238832,4.513477639649567,0.23787390649403306,0.0,0.0
2024-01-16,0.0090981152225078,0.3666434402238832,0.3670594480832357,4.5135136620792204,0.47434265113461643,0.0,0.0
2024-01-17,-0.0676931236299154,0.3670594480832357,0.3643366467059237,4.511104922524079,-6.478747662173096,1.0,0.0
2024-01-18,-0.0827718935664298,0.3643366467059237,0.3609105706228034,4.508696742416412,-5.9678899629468685,0.0,1.0
2024-01-19,-0.0680937900708018,0.3609105706228034,0.3580927426453983,4.506705839446862,-3.8553397009189747,1.0,0.0
2024-01-23,-0.0835411360599538,0.3580927426453983,0.3544138426007402,4.505529527610505,-4.175707476307631,0.0,1.0
2024-01-24,-0.0417592636201353,0.3544138426007402,0.3525490318960574,4.505092696632123,-1.80603989436754,0.0,0.0
2024-01-25,-0.0408867593218369,0.3525490318960574,0.3507844264070293,4.50431648981441,-1.7223326921634823,0.0,0.0
2024-01-29,-0.0267364489800732,0.3507844264070293,0.3495004661496589,4.50455363947113,-1.0744394365201706,0.0,0.0
2024-01-30,-0.0266774239729947,0.3495004661496589,0.3482399249926722,4.504678003298187,-1.045449494285843,0.0,0.0
2024-01-31,-0.0071267453370573,0.3482399249926722,0.3479065639439307,4.504692475543176,-0.22207634081912564,0.0,0.0
2024-02-01,-0.0021035982564603,0.3479065639439307,0.3478095592210097,4.504688828200364,-0.015203577727901513,0.0,0.0
2024-02-02,-0.015437495458519,0.3478095592210097,0.3471017805529788,4.50463847081828,-0.5681513066844202,0.0,0.0
2024-02-05,-0.0093219949797296,0.3471017805529788,0.3466869618710473,4.504535694012888,-0.30398180037084044,0.0,0.0
2024-02-06,-0.0031782941542655,0.3466869618710473,0.3465503623253971,4.504472694962491,-0.04048750837953133,0.0,0.0
2024-02-07,-0.0132436450935937,0.3465503623253971,0.3459673619332563,4.504287930443664,-0.4540796548210189,0.0,0.0
2024-02-08,-0.0162643992225639,0.3459673619332563,0.3453297759258302,4.503611624588576,-0.5670098255061252,0.0,0.0
2024-02-09,-0.0140062693288189,0.3453297759258302,0.3447429050898502,4.503242440297623,-0.46332595195587817,0.0,0.0
2024-02-12,-0.0133681674647903,0.3447429050898502,0.3442076929679583,4.50274750045621,-0.42546678866377086,0.0,0.0
2024-02-13,-0.0120681834030378,0.3442076929679583,0.3436795791429572,4.502555973197497,-0.36312599051479344,0.0,0.0
2024-02-14,-0.0186006627856736,0.3436795791429572,0.3428404704954565,4.502405857988868,-0.6180127457447996,0.0,0.0
2024-02-15,0.0098130707960155,0.3428404704954565,0.3432752621982888,4.502529116523258,0.5588440993606222,0.0,0.0
2024-02-16,0.0120653686922453,0.3432752621982888,0.3438085735903969,4.502687739692451,0.6455410416688945,0.0,0.0
2024-02-19,0.0075782117728744,0.3438085735903969,0.3441430630746352,4.502790122821453,0.45441989518681586,0.0,0.0
2024-02-20,0.0253061191879826,0.3441430630746352,0.3453322295879077,4.502720022306736,1.1770528146116241,0.0,0.0
2024-02-21,0.0111606539702782,0.3453322295879077,0.3458357680616635,4.502807094086848,0.5851444953763946,0.0,0.0
2024-02-22,-0.0013318496665633,0.3458357680616635,0.3457780466998884,4.502783170638754,0.08376064088977567,0.0,0.0
2024-02-23,-8.110088185997455e-05,0.3457780466998884,0.345774496251481,4.502781909588149,0.14627658693768825,0.0,0.0
2024-02-26,0.0047052351464005,0.345774496251481,0.3459751888046368,4.502885413608937,0.3472804031350642,0.0,0.0
2024-02-27,0.001827574621469,0.3459751888046368,0.3460544732761243,4.50291816408632,0.2463778823230254,0.0,0.0
2024-02-28,-0.0015398881412211,0.3460544732761243,0.3459899969270732,4.502877298348717,0.11951367391685866,0.0,0.0
2024-02-29,-0.0065902578549357,0.3459899969270732,0.3457047280957728,4.502754895438482,-0.08023136608290729,0.0,0.0
2024-03-01,0.0067537367508831,0.3457047280957728,0.346022673121973,4.502734683918066,0.5047596778705994,0.0,0.0
2024-03-04,0.0063784012955565,0.346022673121973,0.3463192181579323,4.50273569575613,0.5110466425781637,0.0,0.0
2024-03-05,0.0126307517342691,0.3463192181579323,0.346889389519205,4.502833874014475,0.7997799504878793,0.0,0.0
2024-03-06,0.0016251555115731,0.346889389519205,0.3469687647848458,4.50281224949494,0.329462818427915,0.0,0.0
2024-03-07,0.0059194453056514,0.3469687647848458,0.3472460049224151,4.502800131180808,0.5399574460333711,0.0,0.0
2024-03-11,-0.0047525247180866,0.3472460049224151,0.3470329731984476,4.502755431887039,0.07802600345707145,0.0,0.0
2024-03-12,0.0204013682376098,0.3470329731984476,0.3479333094205082,4.503029653579666,1.200186012920679,0.0,0.0
2024-03-13,0.013596893490483,0.3479333094205082,0.3485478316937909,4.5031309508344055,0.874737176347333,0.0,0.0
2024-03-14,0.0039291308336784,0.3485478316937909,0.3487296032565165,4.503136297075173,0.4446489389139653,0.0,0.0
2024-03-15,0.0017560534341738,0.3487296032565165,0.348809690198621,4.503145163555124,0.35474680369587447,0.0,0.0
2024-03-18,-0.0031946197184939,0.348809690198621,0.3486645113919742,4.503126104710795,0.14223963409366833,0.0,0.0
2024-03-19,-0.0023964229210635,0.3486645113919742,0.3485534488973333,4.503124118569978,0.18250202300979365,0.0,0.0
2024-03-20,-0.0175743700969697,0.3485534488973333,0.3477219293675762,4.503207731601064,-0.47768675804438976,0.0,0.0
2024-03-21,-0.0038889080048454,0.3477219293675762,0.3475381372785575,4.503225382877213,0.15428523403882843,0.0,0.0
2024-03-22,-0.0056683247170914,0.3475381372785575,0.347271638588804,4.5032435086577145,0.0802433465149603,0.0,0.0
2024-03-26,-0.0118235124727199,0.347271638588804,0.3467440715903196,4.503119683676079,-0.1875389123839725,0.0,0.0
2024-03-27,-0.0022360676833006,0.3467440715903196,0.3466399299202938,4.503121050894557,0.26045227166280266,0.0,0.0
2024-03-28,0.0014317001273287,0.3466399299202938,0.3467071874099089,4.503116794020231,0.4331025317034814,0.0,0.0
2024-04-01,0.0155207153774652,0.3467071874099089,0.3474348253801526,4.503078225839264,1.0788234677544213,0.0,0.0
2024-04-02,0.0243445841585598,0.3474348253801526,0.3484977769958863,4.503465690598277,1.454363097872816,0.0,0.0
2024-04-03,0.0244244510789792,0.3484977769958863,0.3495205868393082,4.504106952622065,1.428556925969385,0.0,0.0
2024-04-04,0.0442925578366866,0.3495205868393082,0.3514825581286608,4.50466430103569,2.2470460991390695,-1.0,0.0
2024-04-05,0.0393536314523785,0.3514825581286608,0.3533516839302845,4.504438561427942,1.927023578535383,-1.0,-1.0
2024-04-08,0.0260489008027393,0.3533516839302845,0.354578370939219,4.504345017076547,1.303495334339518,-1.0,-1.0
2024-04-09,0.0217426042478123,0.354578370939219,0.3555764575472721,4.504412973104008,1.0909975933481897,-1.0,-1.0
2024-04-10,-0.0010394978655767,0.3555764575472721,0.3555251734173282,4.504430183624918,0.15146108788681426,0.0,-1.0
2024-04-12,-0.0096236573763537,0.3555251734173282,0.3550716931178727,4.504469045298447,-0.19252494187850736,0.0,0.0
2024-04-15,-0.02015484478928,0.3550716931178727,0.3541573407507865,4.504347590106952,-0.6104481263559441,0.0,0.0
2024-04-16,-0.0038722833868218,0.3541573407507865,0.3539836625681289,4.5043125419176695,0.04260194304025676,0.0,0.0
2024-04-18,-0.0113463066787167,0.3539836625681289,0.3534792895754746,4.504183169732648,-0.24783357137704587,0.0,0.0
2024-04-19,0.0147733413691355,0.3534792895754746,0.3541458373394501,4.5042959875430855,0.8065211609286773,0.0,0.0
2024-04-22,-0.005211543978107,0.3541458373394501,0.3539034414946796,4.50429787175822,-0.0473726620202634,0.0,0.0
2024-04-23,-0.0074379354504054,0.3539034414946796,0.3535585789941942,4.504294866982074,-0.21629969017177245,0.0,0.0
2024-04-24,-0.0084419586469843,0.3535585789941942,0.3531502582158125,4.504389062542078,-0.3378871473333634,0.0,0.0
2024-04-25,0.0338939759613801,0.3531502582158125,0.3541871578035379,4.507457523209126,2.076485449724162,-1.0,0.0
2024-04-26,0.0315883808246333,0.3541871578035379,0.3551810038590603,4.510174306085779,1.8974137411884235,-1.0,-1.0
2024-04-29,0.0291243733603963,0.3551810038590603,0.3562914482128427,4.51158400314358,1.7201328466097376,-1.0,-1.0
2024-04-30,0.0187101831605378,0.3562914482128427,0.357012425971065,4.512445019546025,1.0068370875980723,-1.0,-1.0
2024-05-02,0.0324219476798441,0.357012425971065,0.3581727821353722,4.514437652918289,1.8730837717078785,-1.0,-1.0
2024-05-03,0.0221083781527147,0.3581727821353722,0.3589581432102428,4.515830094590791,1.1316980774505676,-1.0,-1.0
2024-05-06,0.0006469668617636,0.3589581432102428,0.3589876270187209,4.515834276719184,-0.2545932381570957,0.0,-1.0
2024-05-07,-0.0147291713872537,0.3589876270187209,0.3582915870785437,4.515884022056883,-1.2558722197697898,0.0,0.0
2024-05-08,-0.0274407745624412,0.3582915870785437,0.3569996486265786,4.515957036434555,-2.0480256324857766,1.0,0.0
2024-05-09,-0.0428802203914218,0.3569996486265786,0.3550239367831162,4.515833843615567,-2.9066188954053485,1.0,1.0
2024-05-10,-0.0211149462291677,0.3550239367831162,0.3540856711331104,4.515578544942628,-1.453817338843036,1.0,1.0
2024-05-13,-0.0063095506022001,0.3540856711331104,0.3537962440339248,4.515553093730009,-0.5874792597875326,1.0,1.0
2024-05-14,-0.0017964187844539,0.3537962440339248,0.3537133350902667,4.515548769420483,-0.3370070472162599,0.0,1.0
2024-05-15,-0.0177631748671354,0.3537133350902667,0.3528909104816131,4.515521475859737,-1.2833486746715097,0.0,0.0
2024-05-16,-0.0024749365683058,0.3528909104816131,0.3527723190551753,4.515540421209955,-0.38258339498585325,0.0,0.0
2024-05-17,-0.0043033384717734,0.3527723190551753,0.3525600017047793,4.515608534385097,-0.5113041767839513,0.0,0.0
2024-05-21,-0.0071143622611096,0.3525600017047793,0.352216151454821,4.515681707659024,-0.6620390828961932,0.0,0.0
2024-05-22,-0.0051797907764177,0.352216151454821,0.351969730202494,4.515713027394235,-0.5286608662245293,0.0,0.0
2024-05-23,0.0168939281686073,0.351969730202494,0.3527763017127313,4.515594234471074,0.7774075143098603,0.0,0.0
2024-05-24,0.0298136111783113,0.3527763017127313,0.3541639152818215,4.515586949425068,1.5555951447685077,0.0,0.0
2024-05-27,0.0270634214572655,0.3541639152818215,0.3554311700380793,4.51553750951694,1.3499149309172411,0.0,0.0
2024-05-28,0.0230821285406017,0.3554311700380793,0.3564866220166414,4.515639468185446,1.0762555059458636,0.0,0.0
2024-05-29,0.0055383141802449,0.3564866220166414,0.356731320583242,4.515712745654553,0.0504378069890545,0.0,0.0
2024-05-30,0.0078990976616104,0.356731320583242,0.3570840794681471,4.515796642367624,0.1834492804065165,0.0,0.0
2024-05-31,0.0187810202937059,0.3570840794681471,0.35790928440207,4.516073538863443,0.794417090826963,0.0,0.0
2024-06-03,0.0319704845366999,0.35790928440207,0.3594307949711362,4.515882681561711,1.5165360614888619,0.0,0.0
2024-06-04,-0.017866958977482,0.3594307949711362,0.3587205588516142,4.5151961853566975,-1.3130085009011638,0.0,0.0
2024-06-05,0.0150414795659417,0.3587205588516142,0.3594488563916314,4.515037965469657,0.5322208640438316,0.0,0.0
2024-06-06,0.0125699397261298,0.3594488563916314,0.3600639916827502,4.514865532272165,0.3878863782442788,0.0,0.0
2024-06-07,0.0139370368466016,0.3600639916827502,0.3607538455917891,4.514627034567633,0.46273319567317434,0.0,0.0
2024-06-10,0.0041061841610501,0.3607538455917891,0.3609493072492803,4.514600507618243,-0.08613989235192003,0.0,0.0
2024-06-11,0.0105707479404788,0.3609493072492803,0.3614220578172214,4.51470566903748,0.26863405994769823,0.0,0.0
2024-06-12,0.0145570465444562,0.3614220578172214,0.3620695520680183,4.514872368289007,0.4734847244505384,0.0,0.0
2024-06-13,0.0125655853562482,0.3620695520680183,0.3626423919858599,4.514937863940842,0.37107581485126495,0.0,0.0
2024-06-14,0.0212455825273387,0.3626423919858599,0.3635915298314972,4.51515907465558,0.8491855578838569,0.0,0.0
2024-06-18,0.0218215194990643,0.3635915298314972,0.364573486296334,4.51534669279557,0.8599224321168725,0.0,0.0
2024-06-19,0.040812814083492,0.364573486296334,0.3665075305362745,4.5151417857198375,1.8687692027983702,0.0,0.0
2024-06-20,0.0325296368023364,0.3665075305362745,0.368082371371573,4.514784129580368,1.3437679195617376,0.0,0.0
2024-06-21,0.0195384148877453,0.368082371371573,0.3690257446929286,4.5145809943749375,0.6173385619612112,0.0,0.0
2024-06-24,0.0188327246755557,0.3690257446929286,0.3699136386801823,4.514505915929327,0.5548734126048108,0.0,0.0
2024-06-25,0.034773906813001,0.3699136386801823,0.3715607420927763,4.514323029476976,1.3802823545261826,0.0,0.0
2024-06-26,0.016136797599275,0.3715607420927763,0.3723366534480066,4.514171216494761,0.3531352933027455,0.0,0.0
2024-06-27,0.0019255535862692,0.3723366534480066,0.3724327017179039,4.514133067510826,-0.42075209843265915,0.0,0.0
2024-06-28,-0.0001597864345717,0.3724327017179039,0.3724253076742367,4.51413294948366,-0.5359438427465318,0.0,0.0
2024-07-01,0.0113577372839088,0.3724253076742367,0.3729524617843321,4.5141330568692295,0.07665424669933014,0.0,0.0
2024-07-02,0.0310664370701134,0.3729524617843321,0.3742845837611111,4.51476430506305,1.1263497650254017,0.0,0.0
2024-07-03,0.0357747121816789,0.3742845837611111,0.3759622628477864,4.5146729473023255,1.3625136279229653,0.0,0.0
2024-07-04,-0.0025351780896265,0.3759622628477864,0.3758399180102948,4.514699536069077,-0.662019088808428,0.0,0.0
2024-07-05,-0.0525328412240195,0.3758399180102948,0.3732727530888982,4.515442355092784,-3.312486201541235,1.0,0.0
2024-07-08,-0.0459637307945923,0.3732727530888982,0.3710735281960584,4.515828286310499,-2.7017598942574095,1.0,1.0
2024-07-09,-0.0315698326589934,0.3710735281960584,0.3696006578115495,4.515877767833787,-1.8244655166842951,1.0,1.0
2024-07-10,-0.0256718022025559,0.3696006578115495,0.3684508697990853,4.515641303565155,-1.467155848381464,1.0,1.0
2024-07-11,-0.0241756055342161,0.3684508697990853,0.3673376707619786,4.515591678386766,-1.3549926946176571,1.0,1.0
2024-07-12,-0.014728273588366,0.3673376707619786,0.3666770842300085,4.515460158927393,-0.8997600180000423,1.0,1.0
2024-07-15,-0.0132022519383809,0.3666770842300085,0.3660727672358699,4.515411819745822,-0.8381805649137013,1.0,1.0
2024-07-16,-0.0033584157976784,0.3660727672358699,0.3659300235242316,4.515336304519859,-0.3805571953124137,0.0,1.0
2024-07-18,-0.0098254112511941,0.3659300235242316,0.3654881997338891,4.515253393833873,-0.6825236218921442,0.0,0.0
2024-07-19,-0.0111602967004085,0.3654881997338891,0.3649888148652406,4.515145320775796,-0.7231041016208505,0.0,0.0
2024-07-22,0.0266513221003474,0.3649888148652406,0.3660429491664546,4.516199084126094,0.9973808925599037,0.0,0.0
2024-07-23,0.0022510491111322,0.3660429491664546,0.366137611484094,4.51625627472277,-0.1337354681615034,0.0,0.0
2024-07-24,-0.0025388700922963,0.366137611484094,0.3660335765612686,4.516176041392787,-0.35882146488482675,0.0,0.0
2024-07-25,-7.479250344122335e-05,0.3660335765612686,0.3660302429993191,4.516175212596545,-0.22293105163396248,0.0,0.0
2024-07-26,-0.0069900727514289,0.3660302429993191,0.3656953319492597,4.516232520902707,-0.5223903051120952,0.0,0.0
2024-07-29,-0.0091581190780534,0.3656953319492597,0.3652788080482033,4.516181744276843,-0.6007688787394452,0.0,0.0
2024-07-30,0.0014548067377173,0.3652788080482033,0.3653438837933025,4.516196055768075,-0.08165587380465429,0.0,0.0
2024-07-31,-0.0032504079811683,0.3653438837933025,0.365192290463175,4.516199583994323,-0.2829040375023056,0.0,0.0
2024-08-01,0.0148974725115635,0.365192290463175,0.3658619721496999,4.516326510034891,0.6073868709319838,0.0,0.0
2024-08-02,0.0209757689921703,0.3658619721496999,0.366824546507288,4.516392978196508,0.8853524572350135,0.0,0.0
2024-08-05,-0.0051514581465657,0.366824546507288,0.3666020293947284,4.516297074966329,-0.3945171466205293,0.0,0.0
2024-08-06,-0.0121539214614321,0.3666020293947284,0.3660736836910704,4.516088780971605,-0.7605833727279606,0.0,0.0
2024-08-07,0.0037475548764698,0.3660736836910704,0.3662402015649328,4.516132521318236,-0.011374439063409528,0.0,0.0
2024-08-08,0.015267126737732,0.3662402015649328,0.3669165743908258,4.516322098905725,0.5596157458717691,0.0,0.0
2024-08-09,0.0163048823898099,0.3669165743908258,0.367638341535589,4.516527995294342,0.594543618721975,0.0,0.0
2024-08-12,0.0172431157666785,0.367638341535589,0.3684099350220608,4.516698358273572,0.6260876623096893,0.0,0.0
2024-08-13,-0.0180467773965444,0.3684099350220608,0.367631973584768,4.516350717510924,-1.2263359407099519,0.0,0.0
2024-08-14,-0.0094048447670873,0.367631973584768,0.3672246246141062,4.5161799255046935,-0.7569047103760606,0.0,0.0
2024-08-16,0.0020264586113754,0.3672246246141062,0.3673184834785726,4.516181941617065,-0.16652945738158087,0.0,0.0
2024-08-19,0.0003002383210732,0.3673184834785726,0.3673323903125889,4.516182201450851,-0.2633359283407165,0.0,0.0
2024-08-20,-0.0009965008499897,0.3673323903125889,0.3672845521770612,4.516191055718408,-0.3351193960349052,0.0,0.0
2024-08-21,-0.0094983237615275,0.3672845521770612,0.3668305754466658,4.516265286515468,-0.7579070705171752,0.0,0.0
2024-08-22,-0.0052462760389211,0.3668305754466658,0.3665800956344591,4.516305203768351,-0.5101669291817498,0.0,0.0
2024-08-23,-0.0069428220586793,0.3665800956344591,0.3662557169711634,4.51631762650283,-0.575954974993674,0.0,0.0
2024-08-26,0.0051936995478341,0.3662557169711634,0.3664937031983983,4.516335209404279,0.08737618353026126,0.0,0.0
2024-08-27,0.0042864177637964,0.3664937031983983,0.3666860412892005,4.516373309474085,0.03980578820257645,0.0,0.0
2024-08-28,0.0051774653054197,0.3666860412892005,0.3669135374298173,4.516447379353287,0.09004226413614999,0.0,0.0
2024-08-29,0.0075402865185232,0.3669135374298173,0.367238446365157,4.516592638303153,0.22801634391234754,0.0,0.0
2024-08-30,0.0037468330988321,0.367238446365157,0.3674031301712054,4.516646572723582,0.04921847967837475,0.0,0.0
2024-09-02,-0.003258185266902,0.3674031301712054,0.3672590265083626,4.5166047680743615,-0.35348478358760005,0.0,0.0
2024-09-03,0.0032704295483281,0.3672590265083626,0.3674054500244206,4.516636531638632,0.020707990684255672,0.0,0.0
2024-09-04,0.0050924905219247,0.3674054500244206,0.3676339261710973,4.516683165450819,0.12955303034746965,0.0,0.0
2024-09-05,0.0071317133505379,0.3676339261710973,0.3679508612849752,4.516765779288551,0.2506612266863339,0.0,0.0
2024-09-06,0.0028756935021414,0.3679508612849752,0.3680758271963248,4.516815367062078,0.012936692303500722,0.0,0.0
2024-09-09,0.0025252726597573,0.3680758271963248,0.3681922904495442,4.5168204804419405,0.0006796437371992558,0.0,0.0
2024-09-10,0.0038727676181604,0.3681922904495442,0.3683702707351207,4.516831586661063,0.08656350707403426,0.0,0.0
2024-09-11,-0.0006173014112293,0.3683702707351207,0.3683421689866151,4.516828308723059,-0.15491934843513996,0.0,0.0
2024-09-12,0.0054841084656125,0.3683421689866151,0.3686085552603645,4.516761224186252,0.20675032668895618,0.0,0.0
2024-09-13,0.0050242529262378,0.3686085552603645,0.3688447787445181,4.516743928694554,0.19830250114498973,0.0,0.0
2024-09-16,0.0044334886893881,0.3688447787445181,0.3690548344143273,4.516719252817,0.20762221618371002,0.0,0.0
2024-09-17,-0.0011496397340939,0.3690548344143273,0.3689996671220716,4.51672973777449,-0.0988678171973186,0.0,0.0
2024-09-18,0.0160172412185737,0.3689996671220716,0.369746305963428,4.516709075676889,0.9842161484741594,0.0,0.0
2024-09-19,0.0132532059311643,0.369746305963428,0.3703927419184799,4.516526766373472,0.8185814080950533,0.0,0.0
2024-09-20,0.0221795303784428,0.3703927419184799,0.3715080756637621,4.516024833285213,1.4452206768952371,0.0,0.0
2024-09-23,0.020835615452488,0.3715080756637621,0.372573373145646,4.515447275274433,1.3412983206791778,0.0,0.0
2024-09-24,0.0236157707006761,0.372573373145646,0.3737042426090733,4.515231961265868,1.4767730278184512,0.0,0.0
2024-09-25,0.0266199818787953,0.3737042426090733,0.3749235466046621,4.515311437792999,1.6117573615274017,0.0,0.0
2024-09-26,0.0208841212069392,0.3749235466046621,0.3758829829817651,4.515359378197619,1.2198505551595602,0.0,0.0
2024-09-27,0.0036610367142602,0.3758829829817651,0.3760417321455901,4.515422675090431,0.1880381982199792,0.0,0.0
2024-09-30,-0.0054321227190632,0.3760417321455901,0.3758115607171953,4.515296889971759,-0.35434960685393413,0.0,0.0
2024-10-01,-0.0124520719120715,0.3758115607171953,0.3752493340364061,4.515207223293001,-0.8020872787751423,0.0,0.0
2024-10-03,-0.0234936977744348,0.3752493340364061,0.3742960256434058,4.514417758682774,-1.7213436467568388,0.0,0.0
2024-10-04,-0.0288202088960698,0.3742960256434058,0.3731231211357442,4.513464599125638,-2.2900887486296866,1.0,0.0
2024-10-07,-0.0414048594776081,0.3731231211357442,0.3714522951574346,4.512009409019784,-3.2859899196277897,1.0,1.0
2024-10-08,-0.0125001918253984,0.3714522951574346,0.3709176871134876,4.511742851536391,-0.9796085228281657,1.0,1.0
2024-10-09,-0.0194522102109289,0.3709176871134876,0.3700774954278822,4.511376334097634,-1.53567894780366,1.0,1.0
2024-10-10,-0.0115491206566895,0.3700774954278822,0.369501764885878,4.511602264667097,-0.9302748060698209,1.0,1.0
2024-10-11,-0.0164828731504762,0.369501764885878,0.3686942081923347,4.511849046160021,-1.3016038321051355,1.0,1.0
2024-10-14,0.0047604104931373,0.3686942081923347,0.3689327478300749,4.511746126565728,0.29250562929784313,0.0,1.0
2024-10-15,0.0040973337499794,0.3689327478300749,0.3691272511617664,4.511719347110903,0.22695987429520229,0.0,0.0
2024-10-16,0.0159384992925426,0.3691272511617664,0.3698495221801282,4.511814096657155,1.089542444449534,0.0,0.0
2024-10-17,-0.0018068351817488,0.3698495221801282,0.3697695246226313,4.511792295384982,-0.22041063330580352,0.0,0.0
2024-10-18,0.0024888185229432,0.3697695246226313,0.3698816737788442,4.511811250648176,0.11054930665775459,0.0,0.0
2024-10-21,0.0458260624900761,0.3698816737788442,0.3716397898420149,4.513933276505953,3.3924680865649917,-1.0,0.0
2024-10-22,0.0305998375988041,0.3716397898420149,0.3728032172725384,4.515418621254762,1.996348184287292,-1.0,-1.0
2024-10-23,0.0336277751763738,0.3728032172725384,0.3741610827948706,4.516600519588049,2.1019730776383128,-1.0,-1.0
2024-10-24,0.0336139509712829,0.3741610827948706,0.3755460470154571,4.517623713355832,1.9920441562069107,-1.0,-1.0
2024-10-25,0.0194766623102395,0.3755460470154571,0.3763806588810035,4.518032069539502,0.9980614419064076,-1.0,-1.0
2024-10-28,0.0129448315631908,0.3763806588810035,0.3769221190999485,4.518378726073357,0.55575642982317,-1.0,-1.0
2024-10-29,0.0173303563460267,0.3769221190999485,0.3776783491567584,4.518663651349049,0.8355189595737977,-1.0,-1.0
2024-10-30,0.0082495998600666,0.3776783491567584,0.378023214478436,4.518885420453875,0.266812553617143,0.0,-1.0
2024-10-31,0.0074085596408144,0.378023214478436,0.3783374314877709,4.519059170018973,0.1998101176019659,0.0,0.0
2024-11-01,0.0034237250026469,0.3783374314877709,0.3784892255263033,4.5191018665490645,-0.07481729772260076,0.0,0.0
2024-11-04,-0.0076719723441271,0.3784892255263033,0.378157628378556,4.51895778587172,-0.7860600615072788,0.0,0.0
2024-11-05,0.0135829196172716,0.378157628378556,0.3787851191032428,4.51898204915002,0.6010073973721749,0.0,0.0
2024-11-06,0.0072278358106743,0.3787851191032428,0.3791202696011901,4.5189869736494055,0.19713934481345471,0.0,0.0
2024-11-07,0.0036807352342043,0.3791202696011901,0.3792846188229705,4.519025397777471,-0.019989680761630033,0.0,0.0
2024-11-08,0.00743198281193,0.3792846188229705,0.37961675304989,4.519101580515926,0.20241263091019232,0.0,0.0
2024-11-11,0.0125345744560201,0.37961675304989,0.3801764881913432,4.519232776271828,0.5228957127239157,0.0,0.0
2024-11-12,-0.0135239809064513,0.3801764881913432,0.3795979268973047,4.518946086523207,-1.2107439503064408,0.0,0.0
2024-11-13,-0.0240670384635253,0.3795979268973047,0.378625865473694,4.5181055065707065,-1.8703544964540433,0.0,0.0
2024-11-14,-0.0152822687662874,0.378625865473694,0.3779605614100011,4.517843453577226,-1.2372344247136629,0.0,0.0
2024-11-18,-0.0071427232274725,0.3779605614100011,0.3776368789263794,4.5177937822054535,-0.7093987229479378,0.0,0.0
2024-11-19,0.0152567630127755,0.3776368789263794,0.3783343034413189,4.517864054103455,0.7054356930953688,0.0,0.0
2024-11-21,0.0084660152425737,0.3783343034413189,0.378727010759026,4.5178699010759855,0.2541069644236631,0.0,0.0
2024-11-22,0.0034149467197934,0.378727010759026,0.3788915582583941,4.517836898586488,-0.06772517931221027,0.0,0.0
2024-11-25,0.0188885750223972,0.3788915582583941,0.3798334143848366,4.517469867188307,0.9081355588660491,0.0,0.0
2024-11-26,0.0152093214742468,0.3798334143848366,0.380562321772308,4.517340365009862,0.657420372202179,0.0,0.0
2024-11-27,0.0260116182250422,0.380562321772308,0.3817878261397115,4.517238925476986,1.3209779206634567,0.0,0.0
2024-11-28,0.0134629314920955,0.3817878261397115,0.3823867160442026,4.517389436551735,0.5078838659941955,0.0,0.0
2024-11-29,0.0101049961146966,0.3823867160442026,0.3828434346953041,4.517462296107097,0.2843581060942993,0.0,0.0
2024-12-02,0.0146163357588768,0.3828434346953041,0.3834893623820833,4.517652339418745,0.5545257666007153,0.0,0.0
2024-12-03,0.0234260001274799,0.3834893623820833,0.3845224137562594,4.517970968518516,1.0835411892617979,0.0,0.0
2024-12-04,0.0337288021757382,0.3845224137562594,0.386042020809043,4.518246685765934,1.6822764985034195,0.0,0.0
2024-12-05,0.0237219539029087,0.386042020809043,0.3871477304250239,4.518228510875202,1.0200116193745634,0.0,0.0
2024-12-06,0.0115356910223614,0.3871477304250239,0.3876824158045608,4.518235940423025,0.27339787676453026,0.0,0.0
2024-12-09,0.0139604665350292,0.3876824158045608,0.3883359082148402,4.518207513682366,0.4085315174797873,0.0,0.0
2024-12-10,0.0072988792486432,0.3883359082148402,0.388679414052198,4.518181659515139,0.002068439276605074,0.0,0.0
2024-12-11,0.0026241388759249,0.388679414052198,0.3888014899514129,4.518180396400037,-0.27504712282628013,0.0,0.0
2024-12-12,0.0055126083188534,0.3888014899514129,0.3890434329035651,4.518260949740777,-0.10251521322544256,0.0,0.0
2024-12-13,0.00266934877863,0.3890434329035651,0.3891699879166991,4.518246270685841,-0.2709950573664066,0.0,0.0
2024-12-16,-0.0013080571728512,0.3891699879166991,0.389108948495538,4.518247994288915,-0.5096741233306463,0.0,0.0
2024-12-17,-0.0138041865027043,0.389108948495538,0.3884948367567162,4.51809395742452,-1.2296852296301726,0.0,0.0
2024-12-18,-0.0215355633753704,0.3884948367567162,0.3875404617310083,4.517830848909719,-1.640578879532843,0.0,0.0
2024-12-19,-0.0212943188716128,0.3875404617310083,0.386625161424017,4.517406695337006,-1.5609452602214375,0.0,0.0
2024-12-20,-0.0237537487686045,0.386625161424017,0.3856288744009215,4.516789749593244,-1.639861456498672,0.0,0.0
2024-12-23,-0.0011879026723153,0.3856288744009215,0.3855778126041219,4.516765874456441,-0.31161656157700635,0.0,0.0
2024-12-24,-0.0032932338854445,0.3855778126041219,0.3854332235225001,4.516716960959824,-0.40879208157935903,0.0,0.0
2024-12-26,-0.0073190589811353,0.3854332235225001,0.3851069893127721,4.516636390269709,-0.6184929415817242,0.0,0.0
2024-12-27,-0.0027046820237188,0.3851069893127721,0.3849843292289814,4.516618753505647,-0.3433837177962956,0.0,0.0
2024-12-30,-0.0091258176674369,0.3849843292289814,0.3845865872103396,4.516467378294647,-0.7123643707176381,0.0,0.0
