Date,HDFCBANK.NS,ICICIBANK.NS,KOTAKBANK.NS,SBIN.NS
2015-01-01,213.70086669921875,294.0238647460937,124.95897674560548,274.92498779296875
2015-01-02,216.6750030517578,302.3697204589844,126.24469757080078,276.0194702148437
2015-01-05,214.8456268310547,302.9955444335937,125.73834228515624,273.83056640625
2015-01-06,211.50108337402344,290.1430358886719,124.2391586303711,262.57958984375
2015-01-07,212.11837768554688,282.2979736328125,126.23973846435548,262.7984924316406
2015-01-08,216.5739898681641,289.97613525390625,133.105224609375,266.91363525390625
2015-01-09,218.99822998046875,285.3024597167969,135.1206817626953,265.4690246582031
2015-01-12,217.0678253173828,289.2250366210937,136.11851501464844,268.8836669921875
2015-01-13,216.23727416992188,284.50958251953125,138.2977752685547,267.1325378417969
2015-01-14,216.3607482910156,281.1712951660156,138.1240234375,266.7823181152344
2015-01-15,222.92633056640625,294.4828796386719,139.03744506835938,280.4410095214844
2015-01-16,224.76690673828125,295.3174743652344,138.5360870361328,276.194580078125
2015-01-19,225.48521423339844,301.1178283691406,137.95030212402344,274.1808166503906
2015-01-20,229.1664123535156,306.9181823730469,138.5708465576172,278.5585632324219
2015-01-21,228.94192504882807,307.5024108886719,137.82122802734375,285.6068115234375
2015-01-22,229.23377990722656,308.6290588378906,137.77157592773438,284.24969482421875
2015-01-23,234.07095336914065,309.38018798828125,137.5382537841797,286.7012634277344
2015-01-27,241.0854339599609,320.0628662109375,137.841064453125,288.9776916503906
2015-01-28,237.5613555908203,320.5218811035156,134.14772033691406,292.96148681640625
2015-01-29,245.78797912597656,317.3921813964844,132.18682861328125,286.3072204589844
2015-01-30,241.82620239257807,301.03436279296875,131.2734375,270.5034484863281
2015-02-02,242.78013610839844,293.6483154296875,134.266845703125,269.23388671875
2015-02-03,238.85202026367188,289.26678466796875,129.69482421875,262.9298095703125
2015-02-04,239.6600952148437,287.6392822265625,128.22540283203125,256.5820617675781
2015-02-05,241.6353912353516,280.0863647460937,127.86797332763672,254.6121063232422
2015-02-06,236.47271728515625,274.8701477050781,125.78302001953124,254.1743011474609
2015-02-09,233.46490478515625,267.1085510253906,125.7184829711914,244.71829223632807
2015-02-10,236.6859741210937,276.2890014648437,127.6545181274414,251.547607421875
2015-02-11,237.5725860595703,279.3352355957031,128.9402618408203,250.3656311035156
2015-02-12,241.52316284179688,283.0491027832031,128.73178100585938,248.92092895507807
2015-02-13,239.233642578125,286.9715881347656,130.01251220703125,268.7522888183594
2015-02-16,239.6264495849609,282.13104248046875,128.31973266601562,268.5334777832031
2015-02-18,241.2538146972656,285.7615051269531,129.84373474121094,267.65789794921875
2015-02-19,242.37612915039065,282.5483093261719,129.7891387939453,264.7247314453125
2015-02-20,240.86102294921875,276.2055053710937,128.8955841064453,264.68096923828125
2015-02-23,239.6151733398437,274.5780639648437,130.7422637939453,259.64654541015625
2015-02-24,239.6488800048828,272.11602783203125,134.06329345703125,259.3838806152344
2015-02-25,236.23703002929688,269.1533203125,133.2938995361328,258.7709350585937
2015-02-26,233.02720642089844,268.1517333984375,132.3804473876953,253.38626098632807
2015-02-27,236.5849456787109,279.794189453125,132.81727600097656,262.57958984375
2015-03-02,242.99343872070312,291.3114318847656,139.46435546875,264.4183044433594
2015-03-03,243.1729888916016,290.97760009765625,139.8614959716797,264.9436340332031
2015-03-04,239.1214294433593,291.56182861328125,140.01536560058594,257.2825012207031
2015-03-05,243.56578063964844,290.2264709472656,140.21395874023438,257.2386779785156
2015-03-09,237.707275390625,277.7494506835937,135.48309326171875,254.48074340820312
2015-03-10,236.2594757080078,278.4588928222656,133.8151092529297,251.81027221679688
2015-03-11,237.1348876953125,277.6242980957031,136.60498046875,249.66519165039065
2015-03-12,236.71961975097656,282.2561950683594,136.01922607421875,251.1536560058593
2015-03-13,234.0373077392578,275.5795593261719,133.16481018066406,245.812728881836
2015-03-16,236.0349884033203,276.622802734375,130.55360412597656,246.60073852539065
2015-03-17,237.49403381347656,279.4603576660156,133.00595092773438,247.8702850341797
2015-03-18,238.7285614013672,279.4186096191406,133.32858276367188,251.547607421875
2015-03-19,236.180908203125,275.5795593261719,131.62095642089844,246.5569610595703
2015-03-20,237.0114288330078,265.8983764648437,133.01092529296875,243.62384033203125
2015-03-23,235.1820678710937,261.8924255371094,132.628662109375,240.5594024658203
2015-03-24,232.98228454589844,260.306640625,133.11514282226562,236.88204956054688
2015-03-25,232.1517944335937,264.4796142578125,131.70533752441406,232.3729248046875
2015-03-26,226.02392578125,257.0101013183594,129.60546875,224.71177673339844
2015-03-27,227.7522888183593,262.5182800292969,128.9849090576172,230.79690551757807
2015-03-30,232.7466278076172,265.98175048828125,130.245849609375,234.5618133544922
2015-03-31,229.55923461914065,263.3111572265625,130.3848419189453,233.8175506591797
2015-04-01,231.9273223876953,269.6957702636719,135.13063049316406,239.421142578125
2015-04-06,231.635498046875,268.11004638671875,138.7594451904297,240.47183227539065
2015-04-07,231.81509399414065,264.8968811035156,137.69210815429688,238.1953582763672
2015-04-08,232.443588256836,262.9773254394531,136.17807006835938,239.81515502929688
2015-04-09,237.0563201904297,267.5675964355469,142.0358123779297,245.9003143310547
2015-04-10,234.0373077392578,265.64801025390625,141.22171020507812,250.1905212402344
2015-04-13,233.1731109619141,264.4796142578125,143.5250701904297,250.6720733642578
2015-04-15,231.5681915283203,262.8939208984375,143.35630798339844,253.91163635253903
2015-04-16,231.1192321777344,260.80743408203125,140.82455444335938,256.01300048828125
2015-04-17,228.56040954589844,258.8044128417969,137.66236877441406,255.4438323974609
2015-04-20,225.608642578125,259.6806945800781,136.10855102539062,251.8540802001953
2015-04-21,225.1372985839844,259.43035888671875,134.33139038085938,253.2112274169922
2015-04-22,227.40440368652344,261.1829833984375,135.24978637695312,248.52696228027344
2015-04-23,227.494140625,260.26495361328125,136.76882934570312,243.0984802246093
2015-04-24,225.9116973876953,257.2604064941406,135.845458984375,241.25982666015625
2015-04-27,225.68722534179688,252.294662475586,132.72793579101562,233.8175506591797
2015-04-28,225.48521423339844,272.7837219238281,133.24424743652344,238.5894012451172
2015-04-29,222.92633056640625,275.537841796875,132.02798461914062,238.0640106201172
2015-04-30,221.94989013671875,276.3723449707031,132.33575439453125,236.1815795898437
2015-05-04,224.6771545410156,274.8284606933594,132.9215545654297,242.66070556640625
2015-05-05,221.69178771972656,274.1190185546875,141.3061065673828,238.1953582763672
2015-05-06,217.86463928222656,260.51531982421875,134.15267944335938,232.3729248046875
2015-05-07,213.5325164794922,254.21421813964844,129.8834686279297,228.47671508789065
2015-05-08,220.42355346679688,264.56304931640625,131.99822998046875,229.3522491455078
2015-05-11,222.28662109375,269.9878234863281,132.94635009765625,241.6976013183593
2015-05-12,218.167709350586,257.2187194824219,130.94082641601562,234.12403869628903
2015-05-13,222.27540588378903,265.1055603027344,133.1896209716797,240.1653594970703
2015-05-14,222.4549560546875,262.8521728515625,131.7301483154297,245.9878692626953
2015-05-15,222.24171447753903,260.6822509765625,133.492431640625,251.6790008544922
2015-05-18,226.67486572265625,263.93707275390625,135.45828247070312,253.69276428222656
2015-05-19,226.1585998535156,263.1860046386719,136.74398803710938,252.55455017089844
2015-05-20,229.8622436523437,266.0235290527344,137.48365783691406,256.1881103515625
2015-05-21,230.0081481933593,261.6837463378906,138.74951171875,254.1305084228516
2015-05-22,229.9183807373047,261.7254638671875,137.73684692382812,247.3011932373047
2015-05-25,229.75003051757807,260.51531982421875,136.52557373046875,243.0984802246093
2015-05-26,230.61422729492188,258.4705505371094,137.25033569335938,242.66070556640625
2015-05-27,233.02720642089844,261.34991455078125,136.47096252441406,245.812728881836
2015-05-28,231.0631256103516,262.4765930175781,135.83554077148438,246.12301635742188
2015-05-29,235.81057739257807,264.77166748046875,138.92822265625,246.6106719970703
2015-06-01,232.58950805664065,264.10406494140625,138.27793884277344,246.65499877929688
2015-06-02,226.4391632080078,254.1307373046875,134.9568634033203,236.0599975585937
2015-06-03,225.709701538086,246.82818603515625,133.63143920898438,228.21348571777344
2015-06-04,227.81964111328125,246.2763214111328,135.5227813720703,228.390869140625
2015-06-05,227.10137939453125,241.1827392578125,134.6639862060547,228.5681304931641
2015-06-08,225.23831176757807,240.376220703125,134.3164825439453,226.0413055419922
2015-06-09,224.8791656494141,243.72950744628903,132.14215087890625,228.390869140625
2015-06-10,227.96554565429688,248.3137969970703,132.50457763671875,231.0506591796875
2015-06-11,224.50875854492188,244.91807556152344,127.17298889160156,225.19903564453125
2015-06-12,226.5177459716797,251.2425842285156,130.17135620117188,225.1546936035156
2015-06-15,225.631103515625,254.0016326904297,128.0467071533203,221.87423706054688
2015-06-16,226.3494110107422,256.4211120605469,127.99209594726562,225.73101806640625
2015-06-17,225.5188903808593,255.8268280029297,128.57785034179688,226.17431640625
2015-06-18,228.8634033203125,257.52471923828125,129.89430236816406,228.83413696289065
2015-06-19,231.31005859375,258.54345703125,131.95587158203125,230.65167236328125
2015-06-22,235.04736328125,267.457275390625,134.91160583496094,235.8383636474609
2015-06-23,236.158447265625,266.1414489746094,137.1520538330078,237.3899383544922
2015-06-24,234.74432373046875,269.7494201660156,137.48486328125,232.60223388671875
2015-06-25,239.0540313720703,267.2450561523437,139.75013732910156,234.7744140625
2015-06-26,238.5714111328125,264.6133117675781,137.1371307373047,235.12908935546875
2015-06-29,237.1797790527344,264.1888732910156,135.95982360839844,230.2083740234375
2015-06-30,239.53668212890625,261.4722900390625,137.68356323242188,232.9568634033203
2015-07-01,240.703842163086,265.0378112792969,139.91404724121094,237.3899383544922
2015-07-02,239.31301879882807,265.7169189453125,142.60655212402344,237.4786376953125
2015-07-03,242.9427490234375,267.0328063964844,141.96072387695312,238.8528289794922
2015-07-06,245.0346527099609,267.5422058105469,143.45599365234375,240.0940704345703
2015-07-07,245.7922821044922,265.3773498535156,141.63784790039062,241.9559631347656
2015-07-08,241.7215118408203,261.0902709960937,140.50521850585938,237.0352935791016
2015-07-09,242.89749145507807,262.7456970214844,140.1276397705078,237.3899383544922
2015-07-10,246.6742401123047,265.84429931640625,140.96224975585938,239.8724365234375
2015-07-13,247.8954620361328,268.60333251953125,142.07498168945312,242.66525268554688
2015-07-14,246.9230194091797,266.0989990234375,141.22055053710938,237.7889404296875
2015-07-15,248.0198669433593,267.11767578125,141.5384979248047,237.6558990478516
2015-07-16,252.0905914306641,269.1976013183594,147.291015625,241.3353271484375
2015-07-17,251.152099609375,269.4947204589844,145.68150329589844,240.36007690429688
2015-07-20,252.2149200439453,268.0939636230469,146.36705017089844,237.12391662597656
2015-07-21,248.3251800537109,264.401123046875,143.1977081298828,234.3311004638672
2015-07-22,252.0227203369141,268.9429016113281,144.7873077392578,238.0992126464844
2015-07-23,250.55270385742188,265.6321105957031,143.13807678222656,239.4291076660156
2015-07-24,250.54147338867188,255.1902313232422,144.00244140625,233.40017700195312
2015-07-27,247.8275756835937,247.125244140625,142.07498168945312,229.1444549560547
2015-07-28,250.6884307861328,241.9467620849609,144.9363555908203,229.8094177246093
2015-07-29,250.65447998046875,245.5547332763672,144.2508087158203,224.84439086914065
2015-07-30,251.152099609375,247.04034423828125,142.43264770507812,227.6815185546875
2015-07-31,251.4008331298828,256.71826171875,138.1803436279297,239.4291076660156
2015-08-03,247.72586059570312,265.6321105957031,137.14707946777344,249.18182373046875
2015-08-04,245.7017974853516,266.6083679199219,137.27622985839844,255.875732421875
2015-08-05,247.0021514892578,264.31622314453125,137.48486328125,253.03863525390625
2015-08-06,247.8502349853516,264.0615234375,140.44557189941406,256.2746887207031
2015-08-07,247.1039276123047,263.2974853515625,140.08792114257812,249.4034881591797
2015-08-10,247.5562286376953,262.8305969238281,140.54495239257812,250.6891021728516
2015-08-11,247.5675506591797,256.5909118652344,140.02833557128906,238.32083129882807
2015-08-12,242.08338928222656,247.5921630859375,136.3423309326172,227.2825927734375
2015-08-13,243.6890411376953,247.804443359375,137.25634765625,229.89805603027344
2015-08-14,249.1732177734375,256.8880310058594,142.61148071289062,238.0548553466797
2015-08-17,246.8438873291016,257.14276123046875,143.02879333496094,248.0292358398437
2015-08-18,245.67919921875,255.6146545410156,140.1077880859375,252.50662231445312
2015-08-19,244.6614990234375,258.5009460449219,141.558349609375,246.47769165039065
2015-08-20,243.0445251464844,253.1951446533203,138.5877227783203,239.8724365234375
2015-08-21,240.0140991210937,251.70950317382807,136.70993041992188,237.1683044433593
2015-08-24,230.459228515625,229.1702423095703,128.6822052001953,217.5741729736328
2015-08-25,230.3235015869141,240.67333984375,127.06272888183594,224.6227264404297
2015-08-26,229.2040557861328,236.0466461181641,124.63851928710938,217.84014892578125
2015-08-27,231.1489715576172,239.7819976806641,129.23858642578125,221.1649780273437
2015-08-28,232.471923828125,240.8431396484375,128.6523895263672,220.72164916992188
2015-08-31,232.35888671875,235.9193115234375,129.4968719482422,219.30308532714844
2015-09-01,226.1736602783203,230.0192108154297,121.95597076416016,211.98855590820312
2015-09-02,225.05421447753903,224.8406982421875,120.95252227783205,204.40802001953125
2015-09-03,228.4803924560547,226.53857421875,124.60869598388672,205.91525268554688
2015-09-04,225.2577209472656,218.8132476806641,120.47562408447266,199.6202850341797
2015-09-07,222.6343994140625,211.469955444336,119.3529281616211,196.029541015625
2015-09-08,227.06695556640625,221.4025115966797,123.27739715576172,202.4575042724609
2015-09-09,229.8373107910156,224.5860137939453,126.11888122558594,205.3832855224609
2015-09-10,228.63870239257807,227.0054626464844,126.23809051513672,201.6595153808593
2015-09-11,228.525619506836,227.1328125,125.43334197998048,204.0090484619141
2015-09-14,230.606201171875,231.2501678466797,128.31455993652344,208.57508850097656
2015-09-15,229.1249237060547,227.9393005371093,127.1720199584961,206.4915466308593
2015-09-16,231.4316864013672,231.63218688964844,127.3707275390625,209.9493408203125
2015-09-18,237.40200805664065,235.87684631347656,130.62950134277344,214.5596923828125
2015-09-21,238.1257476806641,237.1078186035156,132.2290802001953,217.4412078857422
2015-09-22,233.08255004882807,229.6796417236328,127.7085189819336,210.9689178466797
2015-09-23,237.27764892578125,232.05667114257807,130.87789916992188,212.65350341796875
2015-09-24,237.7752227783203,227.76953125,130.0433349609375,211.94419860839844
2015-09-28,236.6444549560547,227.5997314453125,127.39061737060548,212.29885864257807
2015-09-29,240.8056182861328,228.36378479003903,129.45713806152344,214.4710388183593
2015-09-30,241.7102508544922,229.50982666015625,128.7815399169922,210.2596435546875
2015-10-01,241.4501495361328,226.75079345703125,127.3409194946289,208.48643493652344
2015-10-05,248.3930053710937,238.508544921875,129.76515197753906,212.78648376464844
2015-10-06,245.5886993408203,240.03662109375,130.30165100097656,212.8751373291016
2015-10-07,245.99575805664065,240.24888610839844,131.2454833984375,215.93394470214844
2015-10-08,244.94419860839844,236.3862152099609,129.87442016601562,215.71229553222656
2015-10-09,245.63400268554688,242.88055419921875,131.0467987060547,215.8453063964844
2015-10-12,244.36753845214844,244.15402221679688,131.5535125732422,216.8205718994141
2015-10-13,243.4176788330078,244.0266571044922,130.3612518310547,216.1556091308593
2015-10-14,245.3173217773437,240.1640014648437,129.7254180908203,216.5545654296875
2015-10-15,245.181640625,243.09280395507807,129.8446044921875,220.72164916992188
2015-10-16,248.77749633789065,245.7245178222656,131.00704956054688,227.6815185546875
2015-10-19,248.2686309814453,243.81442260742188,130.81826782226562,225.642333984375
2015-10-20,247.61276245117188,242.9654998779297,129.96383666992188,225.95266723632807
2015-10-21,247.63540649414065,239.99420166015625,130.47055053710938,221.4752960205078
2015-10-23,250.6884307861328,243.0078887939453,132.17941284179688,224.6670684814453
2015-10-26,249.1053466796875,242.2438507080078,131.523681640625,222.76084899902344
2015-10-27,251.231201171875,240.8431396484375,131.23558044433594,220.58865356445312
2015-10-28,251.3668975830078,230.2314300537109,133.42129516601562,214.6040496826172
2015-10-29,249.56900024414065,230.4436798095703,131.9409942626953,210.08230590820312
2015-10-30,248.6757202148437,235.15524291992188,136.64036560058594,210.17100524902344
2015-11-02,244.94419860839844,237.320068359375,136.41188049316406,210.0380096435547
2015-11-03,245.35125732421875,237.23516845703125,135.73626708984375,209.1957092285156
2015-11-04,244.6275634765625,232.05667114257807,133.6995086669922,211.89987182617188
2015-11-05,244.2091827392578,229.25518798828125,129.27828979492188,207.378158569336
2015-11-06,244.4466247558593,226.75079345703125,130.45069885253906,215.4463348388672
2015-11-09,240.8056182861328,223.39747619628903,131.166015625,218.19482421875
2015-11-10,238.4988708496093,223.1003570556641,128.53317260742188,213.8504180908203
2015-11-13,237.9222106933593,222.20901489257807,133.0537109375,213.0081329345703
2015-11-16,239.93495178222656,226.878158569336,134.94143676757812,220.1453552246093
2015-11-17,239.9010467529297,227.38751220703125,134.55393981933594,219.74636840820312
2015-11-18,237.1419982910156,221.1053771972656,133.68960571289062,213.673095703125
2015-11-19,241.7328338623047,226.1565399169922,135.5375518798828,216.2442779541016
2015-11-20,242.173828125,224.9255828857422,135.57730102539062,215.4019927978516
2015-11-23,241.0883331298828,225.77452087402344,135.9349822998047,215.1803436279297
2015-11-24,240.703857421875,223.5672912597656,134.64340209960938,214.0277404785156
2015-11-26,240.6134033203125,224.11911010742188,136.1535186767578,215.0030059814453
2015-11-27,244.1074066162109,229.25518798828125,138.84600830078125,221.38661193847656
2015-11-30,243.7342834472656,232.22642517089844,137.57431030273438,220.45567321777344
2015-12-01,244.921630859375,232.5235595703125,136.82913208007812,221.8299102783203
2015-12-02,243.7456512451172,229.55226135253903,135.2096710205078,216.8648834228516
2015-12-03,243.5081329345703,225.64718627929688,134.08702087402344,213.76177978515625
2015-12-04,239.4713287353516,221.95431518554688,132.07009887695312,213.76177978515625
2015-12-07,240.16110229492188,223.31260681152344,133.45114135742188,211.58956909179688
2015-12-08,237.2889862060547,221.95431518554688,133.92803955078125,209.1957092285156
2015-12-09,236.8819122314453,220.2564392089844,132.85501098632812,207.82147216796875
2015-12-10,239.8557586669922,219.83200073242188,134.70298767089844,205.6492614746093
2015-12-11,236.6331481933593,211.6397247314453,132.67620849609375,201.5265350341797
2015-12-14,238.60064697265625,211.38504028320312,133.94789123535156,200.32962036132807
2015-12-15,239.59571838378903,209.1778259277344,136.43173217773438,200.7285614013672
2015-12-16,241.37106323242188,213.9742889404297,138.00149536132812,201.5265350341797
2015-12-17,244.2996520996093,214.9081420898437,139.73023986816406,204.7183380126953
2015-12-18,242.66004943847656,212.31887817382807,139.5812530517578,200.81724548339844
2015-12-21,243.20281982421875,219.1952514648437,140.26675415039062,204.31935119628903
2015-12-22,241.1787567138672,220.34132385253903,138.7367401123047,202.4575042724609
2015-12-23,242.90884399414065,222.2938995361328,139.60110473632812,203.61007690429688
2015-12-24,242.88623046875,218.9830322265625,139.36265563964844,202.4131622314453
2015-12-28,243.6212158203125,224.1615447998047,140.68406677246094,202.9451141357422
2015-12-29,243.779541015625,224.7557983398437,140.3263702392578,202.3244781494141
2015-12-30,242.9541015625,222.7183380126953,140.91256713867188,200.1966094970703
2015-12-31,244.7293395996093,221.86941528320312,143.07847595214844,198.9996795654297
2016-01-01,246.2219696044922,223.2701568603516,144.50914001464844,201.9698486328125
2016-01-04,242.0947265625,216.94558715820312,140.14755249023438,195.6749267578125
2016-01-05,240.26284790039065,217.921875,140.63438415527344,193.0594024658203
2016-01-06,241.3257751464844,212.31887817382807,139.80975341796875,192.261459350586
2016-01-07,238.8607177734375,209.4749450683593,137.43521118164062,185.7891998291016
2016-01-08,240.25157165527344,208.03175354003903,138.1207275390625,185.2572326660156
2016-01-11,239.4034881591797,203.2777099609375,139.26329040527344,181.134506225586
2016-01-12,236.76882934570312,200.985580444336,137.50474548339844,176.7900848388672
2016-01-13,239.7540283203125,203.3201599121093,136.9384307861328,178.12002563476562
2016-01-14,237.40200805664065,200.1366577148437,135.9349822998047,173.8199462890625
2016-01-15,235.6833038330078,190.543685913086,134.2459716796875,163.4022979736328
2016-01-18,231.9970550537109,189.39761352539065,132.61656188964844,160.47647094726562
2016-01-19,234.2472381591797,194.1941070556641,132.87490844726562,162.2053680419922
2016-01-20,230.2895965576172,190.5012359619141,131.67269897460938,153.9598846435547
2016-01-21,231.3525238037109,192.1142120361328,131.3150634765625,155.68878173828125
2016-01-22,233.0034027099609,197.58987426757807,135.72633361816406,163.6682891845703
2016-01-25,235.4571685791016,200.391342163086,135.3189697265625,162.2053680419922
2016-01-27,234.2133026123047,201.45249938964844,134.0472412109375,163.490966796875
2016-01-28,233.32000732421875,197.97186279296875,131.7919464111328,164.24459838867188
2016-01-29,237.42466735839844,195.38259887695312,135.8356170654297,159.50119018554688
2016-02-01,239.6635589599609,184.388900756836,136.6503143310547,153.1619110107422
2016-02-02,238.3179931640625,178.61611938476562,134.55393981933594,150.19180297851562
2016-02-03,236.0677795410156,173.2253875732422,132.2489776611328,147.22164916992188
2016-02-04,237.27764892578125,173.14047241210938,134.3751220703125,144.38449096679688
2016-02-05,238.64588928222656,177.7672119140625,137.50474548339844,149.1278533935547
2016-02-08,234.2585601806641,177.04559326171875,133.74920654296875,152.62997436523438
2016-02-09,232.0423278808593,177.7672119140625,134.53408813476562,148.10824584960938
2016-02-10,229.0796813964844,175.94198608398438,132.6066436767578,140.97103881835938
2016-02-11,220.5651092529297,169.15052795410156,124.97631072998048,136.7596435546875
2016-02-12,219.68313598632807,164.31158447265625,123.5953140258789,137.24729919433594
2016-02-15,220.1806488037109,172.7584686279297,124.24109649658205,148.81756591796875
2016-02-16,220.146713256836,166.90081787109375,123.24757385253906,138.6658477783203
2016-02-17,220.47467041015625,161.93453979492188,124.25102996826172,140.9267120361328
2016-02-18,223.76515197753903,166.518798828125,126.28778076171876,141.68035888671875
2016-02-19,223.73123168945312,168.76846313476562,125.42340087890624,146.0247344970703
2016-02-22,223.60682678222656,168.47134399414062,127.21175384521484,146.24636840820312
2016-02-23,219.3778381347656,162.99569702148438,123.79402160644533,140.5277557373047
2016-02-24,214.7530212402344,158.75100708007812,122.94951629638672,138.57717895507812
2016-02-25,213.1812896728516,155.35528564453125,120.58490753173828,134.5874786376953
2016-02-26,217.3311462402344,156.8833770751953,122.35340881347656,138.22251892089844
2016-02-29,219.78488159179688,161.34027099609375,125.26443481445312,140.74937438964844
2016-03-01,222.56655883789065,173.98941040039062,126.86402130126952,143.67523193359375
2016-03-02,227.779296875,186.76589965820312,130.4109344482422,160.60946655273438
2016-03-03,229.7355499267578,185.06808471679688,130.67918395996094,162.02804565429688
2016-03-04,230.7984161376953,187.1903839111328,132.2688446044922,167.03738403320312
2016-03-08,229.35107421875,184.0917510986328,129.26840209960938,162.5600128173828
2016-03-09,231.7595977783203,183.6672821044922,131.1262664794922,162.60433959960938
2016-03-10,230.95675659179688,182.94569396972656,130.07315063476562,160.0331573486328
2016-03-11,232.6415252685547,181.54495239257807,127.6985855102539,159.67855834960938
2016-03-14,232.3814849853516,188.1666717529297,126.53616333007812,161.14141845703125
2016-03-15,232.1892547607422,187.91197204589844,127.07266998291016,164.28890991210938
2016-03-16,233.0373077392578,192.1990966796875,129.407470703125,164.20022583007812
2016-03-17,230.3122100830078,193.34518432617188,129.407470703125,165.2198486328125
2016-03-18,232.57373046875,195.425048828125,130.90769958496094,169.56422424316406
2016-03-21,236.4635467529297,199.37261962890625,131.88137817382812,174.48492431640625
2016-03-22,238.32928466796875,198.3114318847656,132.3979949951172,175.1055450439453
2016-03-23,237.31158447265625,198.82081604003903,131.13621520996094,174.30760192871094
2016-03-28,236.89321899414065,191.39260864257807,133.0537109375,166.94873046875
2016-03-29,238.3179931640625,189.65231323242188,133.43128967285156,168.0126495361328
2016-03-30,240.83953857421875,201.62228393554688,135.8852996826172,175.14987182617188
2016-03-31,242.2416839599609,200.90069580078125,135.24945068359375,172.22406005859375
2016-04-01,240.7264709472656,202.30145263671875,135.1004180908203,173.46531677246094
2016-04-04,241.7667694091797,202.6834411621093,136.5708465576172,172.62303161621094
2016-04-05,239.1433868408203,191.5199584960937,132.8848114013672,163.44662475585938
2016-04-06,240.05929565429688,188.93069458007807,132.73580932617188,163.0032958984375
2016-04-07,238.70242309570312,187.0205841064453,131.6428985595703,161.31875610351562
2016-04-08,239.5730743408203,187.8271026611328,132.20921325683594,162.33837890625
2016-04-11,242.19647216796875,190.75592041015625,133.3914794921875,166.90438842773438
2016-04-12,240.3985595703125,194.1941070556641,134.59371948242188,166.50543212890625
2016-04-13,244.638900756836,204.29644775390625,137.57431030273438,170.14051818847656
2016-04-18,246.0070953369141,201.3251800537109,135.7859344482422,165.57449340820312
2016-04-20,248.2799072265625,202.0892333984375,136.541015625,166.06210327148438
2016-04-21,246.76470947265625,214.82325744628903,136.4516143798828,172.312744140625
2016-04-22,246.9908599853516,213.931869506836,134.34530639648438,177.455078125
2016-04-25,247.2395782470703,214.73834228515625,135.2096710205078,174.7065887451172
2016-04-26,251.8983612060547,215.6722106933593,139.26329040527344,178.16433715820312
2016-04-27,254.2389373779297,207.6497497558593,141.57823181152344,173.9086151123047
2016-04-28,251.9209442138672,203.8295135498047,139.3825225830078,170.27354431152344
2016-04-29,256.0821533203125,201.15538024902344,142.50221252441406,167.56936645507812
2016-05-02,252.7577209472656,192.4962158203125,142.7108612060547,164.90951538085938
2016-05-03,252.83688354492188,187.6997528076172,140.57473754882812,163.1806640625
2016-05-04,254.95135498046875,182.0543212890625,141.6080322265625,159.54554748535156
2016-05-05,256.0708312988281,182.22412109375,140.91256713867188,159.9001922607422
2016-05-06,253.21002197265625,185.577392578125,139.68055725097656,163.44662475585938
2016-05-09,258.1288146972656,191.2652587890625,141.84649658203125,167.3033905029297
2016-05-10,258.9203796386719,191.43505859375,143.6348419189453,168.0126495361328
2016-05-11,257.5408935546875,190.1192321777344,145.3635711669922,164.02291870117188
2016-05-12,259.8701171875,196.7833404541016,144.4097900390625,167.12603759765625
2016-05-13,258.0157470703125,192.2840118408203,140.73373413085938,163.8899383544922
2016-05-16,262.9684143066406,189.9494171142578,142.72079467773438,156.75271606445312
2016-05-17,260.8539428710937,191.8170928955078,140.86288452148438,156.7970428466797
2016-05-18,257.9591979980469,192.2415466308593,140.86288452148438,159.54554748535156
2016-05-19,257.65386962890625,191.4774932861328,140.29653930664062,153.1175994873047
2016-05-20,258.0157470703125,186.850830078125,139.5216064453125,151.92068481445312
2016-05-23,257.07720947265625,187.6997528076172,139.72035217285156,149.30517578125
2016-05-24,257.8008728027344,190.62857055664065,138.77645874023438,150.28045654296875
2016-05-25,265.343017578125,199.49996948242188,141.62791442871094,155.2454833984375
2016-05-26,267.5932006835937,204.72088623046875,145.09532165527344,163.26930236816406
2016-05-27,268.39599609375,206.4187774658203,147.54934692382812,173.68695068359375
2016-05-30,266.8016967773437,207.5648498535156,147.55929565429688,176.30247497558594
2016-05-31,267.2879638671875,207.69219970703125,148.3441925048828,181.7107849121093
2016-06-01,265.7613830566406,203.78707885742188,148.10572814941406,175.7705078125
2016-06-02,265.7161560058594,204.8907012939453,148.29449462890625,177.8096923828125
2016-06-03,264.9925231933594,206.9281616210937,152.86474609375,176.59707641601562
2016-06-06,264.8454284667969,206.71592712402344,152.05999755859375,178.6630401611328
2016-06-07,265.4334716796875,215.71463012695312,153.4112091064453,188.76841735839844
2016-06-08,262.92315673828125,218.7283630371093,150.88760375976562,189.2624664306641
2016-06-09,262.19952392578125,216.0966644287109,149.57618713378906,188.5887908935547
2016-06-10,262.6405334472656,214.4412384033203,149.16880798339844,184.99575805664065
2016-06-13,260.7295837402344,206.9281616210937,150.2020721435547,181.2679748535156
2016-06-14,260.4920654296875,207.9468688964844,149.44700622558594,186.5677032470703
2016-06-15,264.49493408203125,210.49366760253903,152.11959838867188,194.06814575195312
2016-06-16,262.8213806152344,207.1146850585937,149.9139404296875,194.02322387695312
2016-06-17,264.5967712402344,206.5948486328125,149.24830627441406,191.732666015625
2016-06-20,265.0603332519531,206.29161071777344,149.4171905517578,193.9333953857422
2016-06-21,263.8390808105469,206.0749969482422,148.38392639160156,192.2266998291016
2016-06-22,264.9359130859375,207.07135009765625,146.91348266601562,191.2386169433593
2016-06-23,269.1423645019531,208.7175445556641,148.4832763671875,195.41552734375
2016-06-24,262.764892578125,200.0968017578125,145.8305206298828,189.7565155029297
2016-06-27,262.3238830566406,201.613021850586,146.92344665527344,195.0562286376953
2016-06-28,263.90692138671875,202.0028839111328,147.69839477539062,193.9333953857422
2016-06-29,266.3808288574219,205.0353240966797,149.5860595703125,195.10113525390625
2016-06-30,268.2391052246094,208.414291381836,151.68243408203125,196.5383453369141
2016-07-01,267.79449462890625,208.2410125732422,149.70530700683594,197.25694274902344
2016-07-04,267.4068298339844,214.99899291992188,147.82754516601562,200.3110198974609
2016-07-05,265.76519775390625,212.35646057128903,147.1221466064453,200.76014709472656
2016-07-07,270.3367614746094,212.13986206054688,148.2150115966797,197.66116333007807
2016-07-08,267.8742370605469,209.62730407714844,147.72821044921875,196.0892028808593
2016-07-11,273.5516662597656,216.471908569336,151.12606811523438,201.8380584716797
2016-07-12,274.0988464355469,226.73880004882807,151.74205017089844,203.6345672607422
2016-07-13,273.0956420898437,226.2622833251953,153.99737548828125,204.5328063964844
2016-07-14,273.6884460449219,232.717041015625,155.13072204589844,208.39529418945312
2016-07-15,279.01239013671875,230.2477569580078,153.53009033203125,207.94618225097656
2016-07-18,279.8674621582031,228.2117156982422,154.45468139648438,205.4759826660156
2016-07-19,277.7926025390625,233.1935577392578,154.6535186767578,206.2395172119141
2016-07-20,280.95050048828125,231.76397705078125,155.5283966064453,207.6317749023437
2016-07-21,280.1296691894531,226.9120941162109,151.24351501464844,202.6913604736328
2016-07-22,280.6312866210937,228.25503540039065,151.12420654296875,200.76014709472656
2016-07-25,284.3135681152344,232.7603454589844,151.9891357421875,206.50897216796875
2016-07-26,282.45538330078125,226.69549560546875,149.4639434814453,203.6345672607422
2016-07-27,282.0335388183594,234.44985961914065,149.9212646484375,205.9251251220703
2016-07-28,284.6556091308594,235.662826538086,149.19552612304688,207.4970550537109
2016-07-29,284.142578125,227.77850341796875,151.81019592285156,206.0598602294922
2016-08-01,283.25341796875,216.16864013671875,149.7522430419922,204.17352294921875
2016-08-02,283.4813842773437,212.5297241210937,151.1341552734375,204.8472137451172
2016-08-03,282.83154296875,209.75721740722656,150.35870361328125,203.58963012695312
2016-08-04,282.9569396972656,208.2410125732422,150.39845275878906,202.6913604736328
2016-08-05,284.8380432128906,213.0929107666016,153.96755981445312,209.0690155029297
2016-08-08,284.9178161621094,212.4864196777344,153.40084838867188,209.51812744140625
2016-08-09,284.37060546875,212.57305908203125,152.05870056152344,211.224838256836
2016-08-10,279.7420959472656,207.37461853027344,151.36282348632812,207.94618225097656
2016-08-11,280.0499267578125,210.277084350586,152.03883361816406,204.0387725830078
2016-08-12,280.1524353027344,213.0929107666016,151.69088745117188,218.5456085205078
2016-08-16,279.8332214355469,215.34556579589844,153.6593475341797,221.64456176757807
2016-08-17,281.5660705566406,214.52249145507807,152.23768615722656,221.19546508789065
2016-08-18,285.5790710449219,219.11444091796875,155.9658203125,223.126708984375
2016-08-19,284.3478088378906,219.9808349609375,154.84242248535156,232.1990966796875
2016-08-22,285.0774230957031,218.55126953125,153.66929626464844,228.87554931640625
2016-08-23,285.3395690917969,216.775146484375,154.7628936767578,228.8306427001953
2016-08-24,287.69952392578125,215.25894165039065,154.4944610595703,228.5162506103516
2016-08-25,286.9584655761719,213.9593200683593,155.2400665283203,224.6986389160156
2016-08-26,286.6278686523437,212.5297241210937,155.25003051757812,221.5098419189453
2016-08-29,282.2957458496094,217.03504943847656,155.36932373046875,223.7105712890625
2016-08-30,289.2613830566406,222.0168914794922,156.3137664794922,226.5850067138672
2016-08-31,294.4028625488281,223.53309631347656,160.4396209716797,226.80953979492188
2016-09-01,292.69287109375,226.08901977539065,161.1951904296875,226.3604278564453
2016-09-02,293.0120849609375,226.39227294921875,161.77178955078125,228.6958923339844
2016-09-06,296.5006103515625,236.269287109375,162.65663146972656,233.6363220214844
2016-09-07,293.3882751464844,240.9912109375,159.8828887939453,239.65460205078125
2016-09-08,293.9924621582031,239.43167114257807,162.99464416503906,241.04689025878903
2016-09-09,294.2205505371094,237.4822692871093,162.81568908691406,237.2293395996093
2016-09-12,291.826416015625,232.3704376220703,161.712158203125,227.0341033935547
2016-09-14,289.4437866210937,235.1862945556641,160.25071716308594,231.34573364257807
2016-09-15,291.7579650878906,234.44985961914065,160.77761840820312,229.9534454345703
2016-09-16,295.9191589355469,231.63400268554688,160.37994384765625,228.4264373779297
2016-09-19,294.1635437011719,235.31626892089844,159.63433837890625,229.63905334472656
2016-09-20,293.77587890625,235.7494659423828,157.62611389160156,228.56114196777344
2016-09-21,294.8133239746094,233.84336853027344,156.76116943359375,225.59689331054688
2016-09-22,297.98260498046875,238.6952514648437,158.10330200195312,231.66012573242188
2016-09-23,299.3050537109375,235.0130157470703,158.30213928222656,228.6510009765625
2016-09-26,295.5315856933594,227.47528076171875,156.6319122314453,226.0460357666016
2016-09-27,295.9647216796875,225.2659149169922,155.9757537841797,223.66567993164065
2016-09-28,295.3263854980469,225.9157257080078,155.54827880859375,227.9323883056641
2016-09-29,291.2792053222656,216.9051208496093,153.61959838867188,222.09371948242188
2016-09-30,290.2190246582031,218.46463012695312,154.4944610595703,225.68673706054688
2016-10-03,293.4908142089844,221.9302673339844,156.6915740966797,229.32467651367188
2016-10-04,294.0267028808594,223.7063751220703,157.41732788085938,233.3219451904297
2016-10-05,293.2400817871094,221.3237762451172,155.5184326171875,234.3099975585937
2016-10-06,292.2938537597656,217.6848602294922,155.68748474121094,230.67205810546875
2016-10-07,291.98602294921875,217.1216735839844,155.61785888671875,232.3787536621093
2016-10-10,292.8410339355469,216.68850708007807,155.13072204589844,230.49240112304688
2016-10-13,287.9161071777344,208.93414306640625,153.5698699951172,224.24951171875
2016-10-14,287.69952392578125,209.4539794921875,155.4389190673828,226.45025634765625
2016-10-17,282.2044982910156,224.18292236328125,152.95350646972656,227.4383087158203
2016-10-18,286.7988586425781,234.2332458496093,154.48451232910156,230.7618560791016
2016-10-19,286.9128723144531,229.6412811279297,153.89796447753906,229.41452026367188
2016-10-20,286.2630615234375,240.51467895507807,153.5698699951172,233.7261505126953
2016-10-21,289.728759765625,240.3414306640625,155.3892364501953,232.1990966796875
2016-10-24,288.0985107421875,246.5362243652344,156.55239868164062,236.19635009765625
2016-10-25,285.0774230957031,250.6083526611328,156.39332580566406,234.8489685058593
2016-10-26,282.56939697265625,241.20782470703125,161.35426330566406,232.4236602783203
2016-10-27,285.4878845214844,246.31964111328125,160.37994384765625,229.41452026367188
2016-10-28,287.072509765625,239.8649139404297,162.9150848388672,231.7499542236328
2016-11-01,287.2435302734375,238.5652618408203,160.17117309570312,232.6033172607422
2016-11-02,284.1311950683594,235.576171875,159.86302185058594,225.507080078125
2016-11-03,286.1376647949219,233.71337890625,160.26063537597656,220.6565093994141
2016-11-04,283.5725402832031,233.75672912597656,158.998046875,218.14138793945312
2016-11-07,284.8836364746094,241.46774291992188,159.43548583984375,226.98922729492188
2016-11-08,285.9894714355469,245.36659240722656,161.41390991210938,226.9442901611328
2016-11-09,285.2940368652344,243.8503570556641,163.46189880371094,233.5464630126953
2016-11-10,291.51861572265625,253.5107879638672,162.89523315429688,252.6793365478516
2016-11-11,290.8916320800781,239.4750061035156,162.1694793701172,245.22381591796875
2016-11-15,286.092041015625,233.71337890625,156.9898223876953,249.8947296142578
2016-11-16,283.7207336425781,230.6376495361328,153.21197509765625,248.9964904785156
2016-11-17,280.4945068359375,231.8939208984375,154.3453369140625,249.2210235595703
2016-11-18,276.2079467773437,229.2513885498047,154.9418487548828,247.73892211914065
2016-11-21,273.3122863769531,226.3056182861328,151.65109252929688,231.1660919189453
2016-11-22,273.1640625,227.605209350586,153.02308654785156,231.1660919189453
2016-11-23,270.1315612792969,229.5546417236328,152.3370819091797,232.3338317871093
2016-11-24,265.7424011230469,224.6594390869141,147.55511474609375,235.1184234619141
2016-11-25,271.1689453125,225.35256958007807,149.5534210205078,234.3998413085937
2016-11-28,270.0630798339844,221.19381713867188,149.15574645996094,227.7527313232422
2016-11-29,268.7635192871094,221.3237762451172,148.21127319335938,226.98922729492188
2016-11-30,273.5174865722656,230.0745086669922,150.20957946777344,232.0643615722656
2016-12-01,272.9816589355469,224.52947998046875,148.121826171875,229.63905334472656
2016-12-02,271.1233825683594,224.8327178955078,143.8667449951172,228.2467803955078
2016-12-05,272.7764587402344,226.0023803710937,145.10946655273438,230.7618560791016
2016-12-06,272.3432006835937,226.13232421875,145.94456481933594,232.7380523681641
2016-12-07,269.413330078125,224.1396026611328,146.01416015625,229.5941619873047
2016-12-08,273.4946594238281,227.6485290527344,148.85748291015625,233.4566345214844
2016-12-09,273.2210388183594,232.58706665039065,148.1814727783203,239.5198669433593
2016-12-12,270.0630798339844,229.468017578125,145.119384765625,236.8251190185547
2016-12-13,270.4736022949219,229.0781097412109,145.338134765625,239.0707397460937
2016-12-14,268.06805419921875,225.74246215820312,144.7117919921875,236.1514129638672
2016-12-15,268.27325439453125,225.52587890625,144.10533142089844,238.39703369140625
2016-12-16,269.5729064941406,221.4537353515625,142.98194885253906,237.81317138671875
2016-12-19,268.3075256347656,222.7533416748047,143.09127807617188,234.7591247558593
2016-12-20,269.4817810058594,217.9881134033203,142.83282470703125,228.6510009765625
2016-12-21,269.04852294921875,219.4176788330078,143.12112426757812,229.3695831298828
2016-12-22,267.4752197265625,219.15774536132807,141.7988739013672,224.38429260253903
2016-12-23,270.4736022949219,218.2047271728516,141.5205078125,223.8003845214844
2016-12-26,267.908447265625,214.99899291992188,141.38133239746094,219.3540496826172
2016-12-27,270.234130859375,219.67759704589844,141.60003662109375,223.4410858154297
2016-12-28,270.5875549316406,218.1180725097656,141.77899169921875,222.5428466796875
2016-12-29,274.7942810058594,217.55490112304688,141.8485565185547,222.45301818847656
2016-12-30,275.0223083496094,221.19381713867188,143.1012420654297,224.7435760498047
2017-01-02,272.94744873046875,218.2913360595703,142.12696838378906,218.8150787353516
2017-01-03,271.3058166503906,220.41403198242188,141.5205078125,219.98280334472656
2017-01-04,270.3025207519531,217.55490112304688,138.30931091308594,218.1862945556641
2017-01-05,270.4621276855469,222.88331604003903,138.9754180908203,220.38702392578125
2017-01-06,272.1607666015625,223.6630859375,142.5345458984375,220.88107299804688
2017-01-09,272.5142517089844,224.1396026611328,141.02342224121094,221.9140625
2017-01-10,276.8805236816406,225.439208984375,141.69944763183594,223.0368804931641
2017-01-11,281.3609313964844,229.3380279541016,144.83108520507812,226.49514770507807
2017-01-12,281.5888977050781,232.5004425048828,144.74160766601562,225.68673706054688
2017-01-13,281.01885986328125,232.24050903320312,144.70184326171875,225.37234497070312
2017-01-16,284.4732360839844,233.3235015869141,145.3878173828125,229.7288818359375
2017-01-17,282.3869934082031,232.54376220703125,144.3538818359375,229.9534454345703
2017-01-18,283.32177734375,232.58706665039065,145.36795043945312,232.0643615722656
2017-01-19,281.88531494140625,233.67007446289065,144.79132080078125,232.1092834472656
2017-01-20,281.896728515625,228.25503540039065,143.76731872558594,225.507080078125
2017-01-23,283.7891845703125,223.14321899414065,145.69602966308594,228.2916717529297
2017-01-24,289.01055908203125,222.7966766357422,147.8036651611328,228.96536254882807
2017-01-25,294.2660522460937,225.2226104736328,158.11325073242188,232.827865600586
2017-01-27,294.5625,235.662826538086,156.09507751464844,239.3402099609375
2017-01-30,292.97784423828125,234.6231384277344,154.21607971191406,237.09458923339844
2017-01-31,293.3655090332031,233.0202789306641,153.9277801513672,233.86085510253903
2017-02-01,297.7090148925781,243.4604949951172,154.50440979003906,243.15782165527344
2017-02-02,296.11297607421875,247.61924743652344,153.18214416503906,245.49327087402344
2017-02-03,298.9288635253906,243.93701171875,152.16807556152344,249.3108367919922
2017-02-06,299.6242980957031,251.51808166503903,152.44644165039062,248.86170959472656
2017-02-07,298.0396423339844,249.6119842529297,153.7687225341797,249.6252593994141
2017-02-08,297.6976013183594,247.61924743652344,152.6254119873047,248.9964904785156
2017-02-09,295.8735656738281,246.9261169433593,153.0330047607422,247.7838592529297
2017-02-10,297.2301940917969,243.98033142089844,154.8722381591797,248.2329864501953
2017-02-13,298.73504638671875,244.0236358642578,157.7056427001953,244.0111389160156
2017-02-14,298.94024658203125,246.62286376953125,157.1389617919922,242.70870971679688
2017-02-15,301.4710998535156,243.243881225586,155.94593811035156,241.5858612060547
2017-02-16,302.770751953125,241.55438232421875,157.57640075683594,242.97817993164065
2017-02-17,313.9774169921875,245.1932983398437,158.37171936035156,241.94517517089844
2017-02-20,321.2849426269531,244.63015747070312,158.48110961914062,242.2146453857422
2017-02-21,322.755615234375,246.7528381347656,158.6501007080078,243.15782165527344
2017-02-22,319.0162658691406,247.9224853515625,158.2425079345703,244.5949859619141
2017-02-23,317.91046142578125,246.492904663086,161.24490356445312,242.93328857421875
2017-02-27,317.7508544921875,241.59771728515625,159.16705322265625,240.9570770263672
2017-02-28,316.95281982421875,239.43167114257807,159.48516845703125,241.81044006347656
2017-03-01,317.3062438964844,241.8143005371093,163.8695068359375,244.1009826660156
2017-03-02,314.6727294921875,241.4244537353516,162.27882385253906,240.103744506836
2017-03-03,313.9659118652344,239.08511352539065,160.9565887451172,238.08267211914065
2017-03-06,314.8209533691406,239.7782592773437,162.8355712890625,242.3943023681641
2017-03-07,316.0635986328125,239.1284637451172,162.44784545898438,240.5528717041016
2017-03-08,317.4316711425781,237.7421875,164.01861572265625,242.439208984375
2017-03-09,317.8876953125,236.9624481201172,164.12799072265625,245.4483642578125
2017-03-10,319.2328491210937,234.4065399169922,164.81396484375,244.3704528808593
2017-03-14,321.6497497558594,248.87551879882807,166.25552368164062,246.7059326171875
2017-03-15,322.9949951171875,247.0560760498047,167.84620666503906,249.1312255859375
2017-03-16,323.166015625,246.492904663086,169.28773498535156,250.88282775878903
2017-03-17,325.10406494140625,243.11392211914065,168.66140747070312,246.2567901611328
2017-03-20,327.4411926269531,238.30535888671875,169.92401123046875,246.03224182128903
2017-03-21,328.5469970703125,235.7061462402344,170.90826416015625,244.6399383544922
2017-03-22,326.2554931640625,229.59796142578125,171.43516540527344,240.28341674804688
2017-03-23,326.2554931640625,231.2874450683593,172.6182098388672,241.181640625
2017-03-24,324.7620849609375,238.04544067382807,174.8451690673828,248.36770629882807
2017-03-27,321.4559936523437,236.6591796875,173.21470642089844,251.0175628662109
2017-03-28,323.8158264160156,239.99484252929688,170.88836669921875,253.3979034423828
2017-03-29,325.73114013671875,244.50018310546875,170.52053833007812,259.10186767578125
2017-03-30,334.3041687011719,243.76373291015625,172.021728515625,261.43731689453125
2017-03-31,328.91180419921875,239.8649139404297,173.4235076904297,263.5482177734375
2017-04-03,326.7799377441406,248.3990173339844,174.1691436767578,263.3236083984375
2017-04-05,326.58612060546875,246.7961883544922,176.9329376220703,267.0963439941406
2017-04-06,327.9883117675781,243.3305053710937,177.82769775390625,263.0541687011719
2017-04-07,328.06817626953125,240.298095703125,173.60243225097656,260.0000915527344
2017-04-10,326.9965515136719,240.55799865722656,174.44752502441406,259.9103088378906
2017-04-11,328.2164001464844,245.7564849853516,175.1831817626953,264.5362854003906
2017-04-12,329.1740417480469,243.28721618652344,174.8551025390625,260.62890625
2017-04-13,328.39874267578125,245.02001953125,174.875,261.8864440917969
2017-04-17,327.60076904296875,244.6734313964844,176.48556518554688,260.4043273925781
2017-04-18,329.9947814941406,245.5398406982422,175.302490234375,260.7636413574219
2017-04-19,330.3824157714844,243.07061767578125,174.09954833984375,255.1495361328125
2017-04-20,333.3807373046875,236.3126220703125,176.7937469482422,255.8231964111328
2017-04-21,341.235595703125,233.1935577392578,175.05397033691406,253.4877777099609
2017-04-24,349.54644775390625,232.7603454589844,178.10606384277344,256.946044921875
2017-04-25,350.45849609375,236.0960235595703,178.55343627929688,256.946044921875
2017-04-26,353.5594177246094,239.908203125,179.02072143554688,257.3053283691406
2017-04-27,357.6521301269531,237.52557373046875,182.26168823242188,253.3529357910156
2017-04-28,352.6131286621094,241.2944793701172,179.33883666992188,260.2695617675781
2017-05-02,351.2679748535156,238.7819061279297,182.51025390625,258.96710205078125
2017-05-03,352.11151123046875,236.3126220703125,182.32135009765625,260.3144836425781
2017-05-04,349.94549560546875,258.01611328125,180.0347442626953,268.62335205078125
2017-05-05,349.35260009765625,258.6659240722656,180.6014404296875,265.8836975097656
2017-05-08,349.94549560546875,262.4781188964844,180.4125518798828,268.9377746582031
2017-05-09,350.1620483398437,260.442138671875,180.3131103515625,266.33282470703125
2017-05-10,353.8216247558594,258.7525634765625,184.44888305664065,264.49139404296875
2017-05-11,352.5903625488281,260.09552001953125,186.26821899414065,267.7699890136719
2017-05-12,353.7873840332031,256.9331359863281,189.81739807128903,267.5903015136719
2017-05-15,354.1864318847656,261.48175048828125,193.5256805419922,270.7342834472656
2017-05-16,355.6114807128906,262.2182006835937,190.8513336181641,276.2135925292969
2017-05-17,355.0414123535156,268.3697204589844,189.13145446777344,276.3483581542969
2017-05-18,355.030029296875,266.8101806640625,187.47116088867188,272.1265869140625
2017-05-19,355.9761962890625,266.0303649902344,186.37759399414065,276.6627502441406
2017-05-22,359.3393859863281,263.2579040527344,187.15304565429688,264.3566589355469
2017-05-23,357.76611328125,265.1639709472656,186.9541931152344,259.46112060546875
2017-05-24,357.2303161621094,265.7271728515625,186.1290283203125,254.34109497070312
2017-05-25,368.7218933105469,275.25762939453125,190.1852569580078,260.5839538574219
2017-05-26,370.7397766113281,278.59326171875,191.8852996826172,261.445068359375
2017-05-29,372.0849914550781,272.8316955566406,192.58120727539065,257.41168212890625
2017-05-30,371.4352111816406,278.4633483886719,191.26890563964844,261.8075866699219
2017-05-31,373.0653991699219,282.8387145996094,192.0841522216797,261.3090515136719
2017-06-01,371.33245849609375,277.3370361328125,191.40809631347656,260.5386657714844
2017-06-02,372.6208190917969,275.6474914550781,191.925048828125,260.1761169433594
2017-06-05,372.917236328125,277.0338134765625,192.27301025390625,260.3573608398437
2017-06-06,373.6924133300781,276.34063720703125,192.1537322998047,260.4026794433594
2017-06-07,374.1142578125,281.322509765625,192.60108947753903,263.3484191894531
2017-06-08,375.0149230957031,277.42364501953125,194.62921142578125,261.5809936523437
2017-06-09,380.0423889160156,279.1131286621094,195.8719482421875,261.5356750488281
2017-06-12,380.4870300292969,273.56817626953125,194.20172119140625,258.272705078125
2017-06-13,382.2997131347656,272.7883605957031,193.70462036132807,257.27569580078125
2017-06-14,381.0456237792969,276.42724609375,192.48179626464844,257.5929260253906
2017-06-15,379.4837951660156,274.4346008300781,191.3981475830078,257.41168212890625
2017-06-16,380.60101318359375,274.2179870605469,195.38479614257807,259.1791076660156
2017-06-19,385.9934387207031,277.7702331542969,196.3590850830078,261.8075866699219
2017-06-20,384.5455627441406,280.909423828125,195.4643096923828,262.94061279296875
2017-06-21,387.31585693359375,279.6127014160156,197.23391723632807,263.6656799316406
2017-06-22,387.15618896484375,278.171875,198.41702270507807,266.9286499023437
2017-06-23,382.7442932128906,280.3330993652344,195.8917999267578,261.89825439453125
2017-06-27,380.2362060546875,276.5389709472656,193.81399536132807,253.4689178466797
2017-06-28,379.9626159667969,278.892333984375,193.3069610595703,250.523178100586
2017-06-29,381.7070617675781,281.6778869628906,188.56475830078125,246.9429626464844
2017-06-30,379.1822509765625,278.7001342773437,190.03614807128903,248.0306396484375
2017-07-03,380.68560791015625,278.6041259765625,188.6641845703125,249.1183013916016
2017-07-04,379.4806213378906,278.07586669921875,190.642578125,247.4414825439453
2017-07-05,378.4248046875,281.29364013671875,190.8513336181641,249.16360473632807
2017-07-06,380.5823364257813,282.1581726074219,190.50338745117188,254.6925201416016
2017-07-07,382.6594848632813,278.2679443359375,191.8156890869141,253.8767852783203
2017-07-10,384.7596130371094,279.94891357421875,192.4718475341797,258.8165283203125
2017-07-11,385.6891784667969,278.21990966796875,190.6326141357422,257.0037841796875
2017-07-12,385.8843078613281,280.8133544921875,190.33419799804688,260.7199401855469
2017-07-13,386.4122314453125,286.1444091796875,191.41851806640625,261.7169494628906
2017-07-14,385.5858459472656,286.4805603027344,194.4228057861328,264.3001708984375
2017-07-17,386.1367492675781,291.5233764648437,194.92019653320312,265.5690612792969
2017-07-18,386.4122314453125,291.9075927734375,194.4029083251953,263.7562866210937
2017-07-19,388.4205322265625,290.3227233886719,197.8050994873047,265.8409118652344
2017-07-20,392.6896362304688,288.7378234863281,194.9798889160156,263.71099853515625
2017-07-21,390.8878784179688,290.1305847167969,198.84963989257807,263.4391174316406
2017-07-24,398.2440490722656,291.09112548828125,197.556396484375,266.9739685058594
2017-07-25,399.2884521484375,292.1476745605469,196.5615997314453,268.3788452148437
2017-07-26,401.1015930175781,298.10308837890625,196.2830505371093,268.1068725585937
2017-07-27,410.7645568847656,295.077392578125,198.5909881591797,270.4182434082031
2017-07-28,408.205322265625,284.4634094238281,201.48585510253903,271.09796142578125
2017-07-31,409.5595397949219,290.6589050292969,203.2665405273437,283.24346923828125
2017-08-01,412.4973449707031,290.6589050292969,202.00311279296875,280.0711364746094
2017-08-02,411.22357177734375,289.93853759765625,201.12771606445312,278.8928527832031
2017-08-03,408.5380859375,284.0311889648437,198.24278259277344,272.4122314453125
2017-08-04,410.9022216796875,284.5594787597656,198.2030334472656,276.6722412109375
2017-08-07,410.5120239257813,288.3055725097656,198.541244506836,282.0651550292969
2017-08-08,408.067626953125,283.83905029296875,196.5118865966797,275.2220153808594
2017-08-09,404.98052978515625,279.1324157714844,197.4469757080078,273.99835205078125
2017-08-10,404.06243896484375,277.3554382324219,198.32241821289065,268.9226989746094
2017-08-11,401.4459228515625,275.62652587890625,197.40719604492188,253.9220733642578
2017-08-14,403.31646728515625,280.2850646972656,195.4972076416016,252.15464782714844
2017-08-16,408.8365478515625,283.310791015625,199.0684814453125,256.595947265625
2017-08-17,405.1986389160156,281.5818176269531,196.7705078125,254.5565490722656
2017-08-18,402.1574096679688,281.5818176269531,195.68618774414065,252.6078643798828
2017-08-21,400.1032409667969,281.9179992675781,192.9007568359375,248.9369964599609
2017-08-22,400.975341796875,282.3502502441406,193.14944458007807,248.25721740722656
2017-08-23,406.8167724609375,286.8167419433594,194.9997711181641,252.87977600097656
2017-08-24,404.5329284667969,285.9522705078125,193.4081115722656,254.0580444335937
2017-08-28,404.4756164550781,289.0260009765625,194.1939849853516,253.1969757080078
2017-08-29,400.7803039550781,287.68121337890625,191.87612915039065,251.0670166015625
2017-08-30,405.9216003417969,288.4496154785156,193.2588806152344,250.70445251464844
2017-08-31,407.73480224609375,286.2884521484375,194.18405151367188,251.74676513671875
2017-09-01,405.70355224609375,286.528564453125,197.4768218994141,251.83740234375
2017-09-04,401.8705139160156,285.3759460449219,194.6018829345703,251.74676513671875
2017-09-05,402.8919067382813,285.856201171875,196.651123046875,250.65914916992188
2017-09-06,403.9362182617188,283.69500732421875,198.1930694580078,248.5744781494141
2017-09-07,405.4625549316406,281.1015625,197.66583251953125,248.5291442871093
2017-09-08,410.3054504394531,280.4772033691406,200.4611968994141,246.35382080078125
2017-09-11,418.49945068359375,279.3245544433594,200.25230407714844,245.5834045410156
2017-09-12,421.21923828125,279.7087707519531,203.28643798828125,247.8493804931641
2017-09-13,422.7455749511719,280.4772033691406,202.96807861328125,247.80401611328125
2017-09-14,422.1832275390625,282.1101379394531,200.4711456298828,248.5291442871093
2017-09-15,424.3751831054688,280.093017578125,199.9638061523437,246.0819091796875
2017-09-18,427.01470947265625,281.4377136230469,202.35134887695312,245.0848999023437
2017-09-19,424.5473327636719,283.0226135253906,205.7933044433593,242.72830200195312
2017-09-20,424.3522338867188,279.0844116210937,203.57489013671875,244.7676544189453
2017-09-21,422.1143798828125,273.7054138183594,204.7587127685547,243.3627777099609
2017-09-22,418.6715698242188,266.1651611328125,203.31626892089844,237.33534240722656
2017-09-25,413.0826721191406,268.4704895019531,198.85958862304688,234.5255889892578
2017-09-26,411.3727416992188,271.5921936035156,197.7653045654297,234.0723876953125
2017-09-27,407.7462768554688,265.4927978515625,194.9002990722656,226.95730590820312
2017-09-28,412.0613098144531,265.060546875,200.00360107421875,228.9060516357422
2017-09-29,414.44830322265625,265.6849365234375,199.40670776367188,230.0843200683593
2017-10-03,415.17132568359375,267.4139099121094,200.2622528076172,227.7730712890625
2017-10-04,412.4515075683594,265.2046203613281,204.8184051513672,229.4951629638672
2017-10-05,412.8186950683594,261.0743103027344,205.48492431640625,228.04498291015625
2017-10-06,413.16302490234375,261.21844482421875,206.8179473876953,232.7128295898437
2017-10-09,412.1072387695313,261.0262451171875,208.8970947265625,232.803451538086
2017-10-10,413.7597351074219,259.1532287597656,210.03114318847656,232.89410400390625
2017-10-11,410.8792114257813,257.0400695800781,207.68345642089844,228.18093872070312
2017-10-12,417.4551086425781,256.9920349121094,210.4191131591797,227.6824188232422
2017-10-13,424.7998352050781,260.5940246582031,215.3433380126953,228.49815368652344
2017-10-16,426.2572937011719,263.4276428222656,215.3731842041016,228.45285034179688
2017-10-17,424.9031066894531,263.0914306640625,214.5972595214844,227.6370849609375
2017-10-18,428.8623046875,252.76568603515625,218.0392303466797,220.9298858642578
2017-10-19,424.2489318847656,247.67483520507807,214.4281311035156,220.0235137939453
2017-10-23,427.6688232421875,252.1893310546875,211.2049865722656,222.9239196777344
2017-10-24,428.541015625,256.0314636230469,212.0307006835937,230.62814331054688
2017-10-25,412.0154113769531,293.6365966796875,201.05810546875,294.4825439453125
2017-10-26,412.07275390625,287.44110107421875,202.7194061279297,290.4944763183594
2017-10-27,411.0857849121094,289.26611328125,204.72889709472656,281.9291687011719
2017-10-30,416.5828857421875,288.68975830078125,204.708984375,282.7902526855469
2017-10-31,415.0909729003906,288.257568359375,203.9429931640625,277.17071533203125
2017-11-01,418.0058898925781,301.0327453613281,203.8037109375,289.9053649902344
2017-11-02,418.2124633789063,304.1544189453125,202.8487243652344,284.9202575683594
2017-11-03,420.1863403320313,303.43408203125,202.0429534912109,294.5731811523437
2017-11-06,419.7043762207031,303.62615966796875,200.8989105224609,298.1986999511719
2017-11-07,418.5796813964844,300.1202087402344,201.6052398681641,287.50347900390625
2017-11-08,419.0960998535156,293.4444580078125,201.2271881103516,280.5696105957031
2017-11-09,419.5322265625,299.0155639648437,200.0235137939453,284.3310852050781
2017-11-10,418.1895446777344,305.93145751953125,197.6459350585937,302.3227233886719
2017-11-13,416.25006103515625,301.8491516113281,197.90460205078125,300.0567626953125
2017-11-14,413.6793823242188,301.7051086425781,198.7998962402344,298.2893371582031
2017-11-15,413.1974487304688,303.0498352050781,201.2471160888672,294.52783203125
2017-11-16,414.9073791503906,306.3637084960937,202.430908203125,302.1867980957031
2017-11-17,419.0043640136719,312.2710266113281,203.57489013671875,305.9029235839844
2017-11-20,421.8963317871094,305.9794616699219,207.02687072753903,301.82421875
2017-11-21,423.7554321289063,307.2762145996094,204.8979949951172,299.6942749023437
2017-11-22,425.8211975097656,306.315673828125,204.18174743652344,303.90887451171875
2017-11-23,422.9750671386719,306.8439636230469,203.35606384277344,303.5916748046875
2017-11-24,424.9375,304.6827392578125,204.9974822998047,301.2803649902344
2017-11-27,426.3490905761719,304.4906921386719,206.21112060546875,304.22613525390625
2017-11-28,428.1393737792969,300.8406066894531,204.8979949951172,300.9178466796875
2017-11-29,429.964111328125,302.425537109375,204.18174743652344,298.10809326171875
2017-11-30,425.4653930664063,295.4135131835937,199.01873779296875,290.3585205078125
2017-12-01,424.20306396484375,293.2043151855469,199.98370361328125,283.4700622558594
2017-12-04,420.9667663574219,292.24383544921875,198.5512084960937,284.240478515625
2017-12-05,417.8337707519531,293.2043151855469,198.92921447753903,289.2255554199219
2017-12-06,413.89752197265625,287.68121337890625,198.88943481445312,283.15283203125
2017-12-07,415.3549499511719,293.73260498046875,199.2774200439453,286.7783508300781
2017-12-08,422.4127807617188,298.4872741699219,200.74969482421875,283.78729248046875
2017-12-11,423.7899169921875,299.1596984863281,200.6502380371093,288.591064453125
2017-12-12,417.7076110839844,295.4615783691406,199.0386505126953,288.6364440917969
2017-12-13,418.0403442382813,290.9951171875,201.92355346679688,283.9685363769531
2017-12-14,421.8734436035156,292.3398742675781,203.8634185791016,284.6030578613281
2017-12-15,429.9984436035156,291.1871643066406,204.94775390625,283.0168762207031
2017-12-18,431.2608337402344,296.7102966308594,203.57489013671875,289.04425048828125
2017-12-19,432.53466796875,301.3208923339844,203.20684814453125,289.86004638671875
2017-12-20,428.7820434570313,303.3379821777344,201.48585510253903,287.7753601074219
2017-12-21,428.8164367675781,303.0018310546875,201.05810546875,287.0955810546875
2017-12-22,430.7329406738281,304.1064453125,200.9585876464844,289.9053649902344
2017-12-26,428.827880859375,305.5952453613281,202.1921539306641,287.4581298828125
2017-12-27,426.16546630859375,300.45635986328125,201.7544403076172,285.3734741210937
2017-12-28,431.0542907714844,302.85772705078125,199.90411376953125,279.5272827148437
2017-12-29,429.7575073242188,301.6090393066406,200.98843383789065,280.8868408203125
2018-01-01,425.6490173339844,298.0550231933594,198.9491271972656,278.3489990234375
2018-01-02,429.74603271484375,297.4787292480469,199.5957489013672,274.85943603515625
2018-01-03,425.2244262695313,302.5695495605469,198.9789581298828,274.4969177246094
2018-01-04,426.8884582519531,302.2814025878906,199.0386505126953,279.6179504394531
2018-01-05,427.7376708984375,300.55242919921875,199.5659027099609,277.66925048828125
2018-01-08,427.0491027832031,301.7530822753906,200.17274475097656,277.17071533203125
2018-01-09,427.7606506347656,300.2643127441406,200.8989105224609,275.81109619140625
2018-01-10,427.8753967285156,299.6879577636719,199.40670776367188,272.9107666015625
2018-01-11,429.7919006347656,297.2865905761719,202.47071838378903,273.90777587890625
2018-01-12,428.12786865234375,305.1629943847656,203.6047515869141,273.9530944824219
2018-01-15,435.5758056640625,316.3052673339844,206.5891265869141,274.27032470703125
2018-01-16,436.126708984375,320.9158630371094,205.574447631836,268.4241638183594
2018-01-17,433.911865234375,329.70477294921875,204.35086059570312,278.3489990234375
2018-01-18,443.9649658203125,332.49029541015625,208.210693359375,274.85943603515625
2018-01-19,448.07330322265625,339.6463928222656,211.00604248046875,280.2976989746094
2018-01-22,450.6325378417969,337.62921142578125,213.7019500732422,277.8052062988281
2018-01-23,447.8667907714844,348.0030822753906,213.9705505371093,288.31915283203125
2018-01-24,449.32427978515625,338.8299255371094,214.8957061767578,299.0144348144531
2018-01-25,453.2950134277344,346.56219482421875,217.3329315185547,283.83258056640625
2018-01-29,458.9641723632813,343.5365295410156,221.85926818847656,282.88092041015625
2018-01-30,458.01171875,339.3101806640625,216.4774169921875,284.19512939453125
2018-01-31,460.352783203125,339.0220031738281,220.6356506347656,283.9232788085937
2018-02-01,457.0132446289063,332.53839111328125,223.023193359375,277.3973083496094
2018-02-02,447.1093444824219,321.8763732910156,216.0596160888672,269.5118408203125
2018-02-05,439.2711791992188,316.6894836425781,211.34426879882807,270.146240234375
2018-02-06,435.3578186035156,317.6500549316406,205.68389892578125,264.43609619140625
2018-02-07,429.8492736816406,319.427001953125,206.1812744140625,265.3877868652344
2018-02-08,431.7199401855469,320.6757202148437,209.2552032470703,273.1826477050781
2018-02-09,424.5013732910156,313.8558654785156,205.3257598876953,268.6507568359375
2018-02-12,430.7329406738281,313.3756408691406,207.50436401367188,261.7169494628906
2018-02-14,432.2248229980469,306.3637084960937,207.4049072265625,250.34190368652344
2018-02-15,431.9379577636719,315.6809387207031,207.3451995849609,252.6078643798828
2018-02-16,431.1804809570313,308.3807983398437,208.9468231201172,246.2178497314453
2018-02-19,431.0886840820313,307.13214111328125,210.1405792236328,243.3627777099609
2018-02-20,427.6458435058594,304.73077392578125,208.0714111328125,244.4051208496093
2018-02-21,426.3146362304688,306.60382080078125,209.91177368164065,247.71337890625
2018-02-22,425.35064697265625,305.78741455078125,213.38360595703125,247.0789337158203
2018-02-23,431.6281127929688,310.0137634277344,215.0449066162109,250.2059020996093
2018-02-26,438.7432861328125,314.14404296875,219.879623413086,248.7557830810547
2018-02-27,436.6776123046875,309.4374389648437,217.4722137451172,242.5470428466797
2018-02-28,432.4658203125,300.8886413574219,216.9748077392578,242.9095764160156
2018-03-01,430.2050476074219,292.9161376953125,217.9994506835937,237.6072540283203
2018-03-05,429.1951599121094,291.3793029785156,218.85499572753903,238.83087158203125
2018-03-06,423.7554321289063,283.4068298339844,215.36325073242188,232.5315399169922
2018-03-07,420.6225280761719,275.3863525390625,215.89048767089844,223.55838012695312
2018-03-08,425.270263671875,285.2318725585937,215.3334197998047,232.7581329345703
2018-03-09,424.857177734375,281.14959716796875,215.36325073242188,229.54049682617188
2018-03-12,428.5754089355469,288.7858581542969,218.974349975586,229.177963256836
2018-03-13,426.96875,292.3398742675781,215.65171813964844,230.8547515869141
2018-03-14,427.94427490234375,293.97271728515625,215.2239685058593,232.98472595214844
2018-03-15,431.6855163574219,289.5542907714844,215.9999237060547,229.9483795166016
2018-03-16,425.3047180175781,286.33648681640625,211.0458221435547,228.679428100586
2018-03-19,423.9850158691406,282.9265441894531,208.7080535888672,224.73667907714844
2018-03-20,422.2061462402344,280.4772033691406,207.971908569336,225.779037475586
2018-03-21,426.658935546875,277.7877197265625,209.1258850097656,224.7819976806641
2018-03-22,428.6902160644531,272.072509765625,209.5138397216797,218.9358825683593
2018-03-23,422.6767272949219,264.6763000488281,206.67868041992188,212.8178100585937
2018-03-26,434.5888671875,270.53564453125,206.78810119628903,223.4224395751953
2018-03-27,434.3938293457031,272.6968688964844,208.877182006836,230.5375213623047
2018-03-28,432.9019165039063,267.3658142089844,208.4693145751953,226.5041046142578
2018-04-02,443.25335693359375,251.51695251464844,218.16856384277344,223.105209350586
2018-04-03,439.7416687011719,259.39337158203125,219.51153564453125,227.04795837402344
2018-04-04,432.2477416992188,258.0486145019531,214.5375823974609,224.1475524902344
2018-04-05,438.1350402832031,267.6540222167969,222.49591064453125,235.0240936279297
2018-04-06,441.463134765625,269.5751037597656,222.67498779296875,235.38668823242188
2018-04-09,445.0551452636719,269.7672119140625,222.4859771728516,236.2476959228516
2018-04-10,440.8778381347656,277.4034423828125,221.5707550048828,238.6496124267578
2018-04-11,440.4187927246094,273.3211975097656,224.0478057861328,232.98472595214844
2018-04-12,442.7025451660156,275.43438720703125,225.73895263671875,230.0390167236328
2018-04-13,441.8302917480469,276.8751525878906,229.02178955078125,227.4558258056641
2018-04-16,445.7551574707031,276.2508239746094,233.199935913086,225.6883850097656
2018-04-17,447.22412109375,280.237060546875,231.7574920654297,224.9179534912109
2018-04-18,443.5747375488281,278.6041259765625,229.5888061523437,223.37710571289065
2018-04-19,445.0436706542969,278.171875,229.5788726806641,223.105209350586
2018-04-20,448.922607421875,271.015869140625,229.36997985839844,218.61862182617188
2018-04-23,444.2976684570313,268.3743896484375,232.5831756591797,219.7516021728516
2018-04-24,444.1255187988281,272.888916015625,231.9862670898437,218.0748291015625
2018-04-25,440.85491943359375,267.89410400390625,232.35435485839844,214.9931182861328
2018-04-26,443.0352783203125,267.8461608886719,235.90576171875,211.3675842285156
2018-04-27,441.463134765625,276.5389709472656,236.5126037597656,219.88755798339844
2018-04-30,446.2601318359375,272.9849853515625,240.95933532714844,223.3318023681641
2018-05-02,452.0440368652344,265.9730529785156,250.0616912841797,218.43736267089844
2018-05-03,451.67681884765625,270.7757568359375,245.4259490966797,219.2530975341797
2018-05-04,456.405029296875,271.6882629394531,245.40606689453125,219.2984313964844
2018-05-07,453.8572998046875,278.364013671875,247.7139892578125,223.4224395751953
2018-05-08,451.4818115234375,297.094482421875,247.07730102539065,226.6400756835937
2018-05-09,454.08685302734375,294.69317626953125,248.92762756347656,224.7819976806641
2018-05-10,457.3690185546875,294.7412109375,248.20144653320312,224.73667907714844
2018-05-11,461.7413940429688,298.67938232421875,252.1408233642578,226.9120178222656
2018-05-14,464.0365905761719,297.86297607421875,252.9963836669922,229.85772705078125
2018-05-15,467.7204895019531,296.0859680175781,255.43359375,224.7819976806641
2018-05-16,464.4038696289063,285.52001953125,254.9461669921875,220.3407592773437
2018-05-17,465.4137268066406,284.3193664550781,252.81727600097656,219.97821044921875
2018-05-18,461.8332214355469,274.8099975585937,257.5326232910156,216.4886474609375
2018-05-21,457.4493713378906,277.8837280273437,254.00108337402344,221.5643615722656
2018-05-22,456.7264099121094,278.8442687988281,251.22561645507807,230.129638671875
2018-05-23,451.5850524902344,280.52520751953125,249.7632751464844,238.55897521972656
2018-05-24,455.8312072753906,285.9522705078125,253.76235961914065,243.3627777099609
2018-05-25,461.0413208007813,283.983154296875,257.82110595703125,241.9578857421875
2018-05-28,468.7303771972656,287.44110107421875,258.0797424316406,246.5804138183593
2018-05-29,466.5269775390625,278.4601135253906,255.51321411132807,239.55596923828125
2018-05-30,470.1419677734375,273.6573486328125,259.2933959960937,242.13917541503903
2018-05-31,494.187744140625,274.5218811035156,265.53082275390625,244.314453125
2018-06-01,487.5238037109375,277.8837280273437,262.22802734375,241.73130798339844
2018-06-04,472.6481628417969,275.43438720703125,259.43267822265625,238.377685546875
2018-06-05,476.6673583984375,272.888916015625,259.5818786621094,238.876205444336
2018-06-06,475.22369384765625,272.6968688964844,261.7704772949219,244.85829162597656
2018-06-07,476.3439331054688,279.4206237792969,260.7259216308594,244.4051208496093
2018-06-08,473.3757934570313,276.8751525878906,262.2977294921875,247.4414825439453
2018-06-11,471.747314453125,275.09820556640625,263.2925109863281,248.34783935546875
2018-06-12,472.1052856445313,276.0587158203125,264.4762878417969,256.3692932128906
2018-06-13,469.2410888671875,279.2765197753906,263.7501220703125,260.7652893066406
2018-06-14,470.6154479980469,273.5132751464844,265.142822265625,256.1427307128906
2018-06-15,468.813720703125,271.3520812988281,266.60516357421875,251.47488403320312
2018-06-18,466.3999328613281,281.4377136230469,261.6908874511719,250.9310302734375
2018-06-19,467.4046936035156,281.2456359863281,259.2933959960937,247.0789337158203
2018-06-20,474.9464416503906,281.6298522949219,263.54119873046875,247.71337890625
2018-06-21,475.2814025878906,286.1924133300781,261.4222717285156,243.49871826171875
2018-06-22,481.2294006347656,288.7858581542969,262.9045104980469,247.48681640625
2018-06-25,483.9088134765625,278.2679443359375,264.2176818847656,243.3174591064453
2018-06-26,483.6200866699219,276.7310791015625,264.5857238769531,242.3657684326172
2018-06-27,487.98577880859375,268.0382385253906,263.4615783691406,237.1993865966797
2018-06-28,492.2012939453125,260.6901550292969,266.42608642578125,232.9394378662109
2018-06-29,487.0271301269531,264.5322265625,267.19207763671875,235.0694274902344
2018-07-02,478.8963928222656,266.4533386230469,266.1972961425781,234.6162109375
2018-07-03,478.19189453125,262.13092041015625,269.2214660644531,233.39260864257807
2018-07-04,485.8952941894531,262.4671325683594,271.6288757324219,233.3473052978516
2018-07-05,490.561279296875,260.8341979980469,271.5791015625,232.44091796875
2018-07-06,488.5746765136719,259.39337158203125,272.81268310546875,233.1206970214844
2018-07-09,491.0001525878906,260.4979858398437,275.57818603515625,237.06344604492188
2018-07-10,495.7931518554688,262.6111755371094,273.001708984375,239.05747985839844
2018-07-11,496.2205200195313,258.1446533203125,276.0871887207031,234.84280395507807
2018-07-12,500.30902099609375,261.5545959472656,276.6544189453125,238.15109252929688
2018-07-13,503.7622375488281,257.1841125488281,279.55078125,233.6191864013672
2018-07-16,500.9789123535156,249.01954650878903,280.366943359375,228.04498291015625
2018-07-17,502.8037109375,255.9354553222656,278.8042907714844,234.7974853515625
2018-07-18,502.6766662597656,252.3334350585937,278.3962097167969,235.25067138671875
2018-07-19,504.9634399414063,250.8926239013672,268.2142639160156,235.8398284912109
2018-07-20,505.644775390625,255.3110809326172,265.40753173828125,237.0181427001953
2018-07-23,498.1146240234375,264.6763000488281,266.15399169921875,241.4140625
2018-07-24,498.8768005371094,263.5236511230469,261.21734619140625,241.86724853515625
2018-07-25,501.3253784179688,263.81182861328125,261.74481201171875,246.399154663086
2018-07-26,506.4649658203125,274.37774658203125,261.01824951171875,260.7652893066406
2018-07-27,508.6707458496094,281.6298522949219,260.9883728027344,259.9041748046875
2018-07-30,501.2213439941406,295.2214660644531,259.8238525390625,269.55712890625
2018-07-31,503.43890380859375,292.24383544921875,260.142333984375,266.022216796875
2018-08-01,498.63427734375,287.48907470703125,261.3068542480469,267.47247314453125
2018-08-02,492.0511779785156,286.76873779296875,254.83741760253903,266.38482666015625
2018-08-03,490.076171875,292.9642028808594,260.6698608398437,271.23394775390625
2018-08-06,488.3784790039063,302.6656494140625,255.35494995117188,279.6179504394531
2018-08-07,492.2128601074219,300.7926025390625,255.5341033935547,275.58453369140625
2018-08-08,493.4718017578125,306.1235656738281,256.4498291015625,279.7992248535156
2018-08-09,489.3486022949219,319.8592529296875,254.25018310546875,287.6846923828125
2018-08-10,488.4130554199219,315.6329345703125,255.8924560546875,275.9471130371094
2018-08-13,483.1465759277344,312.07891845703125,256.22088623046875,266.6113586425781
2018-08-14,482.5574951171875,319.3309936523437,257.3853759765625,267.29119873046875
2018-08-16,479.4622802734375,321.10797119140625,247.9100952148437,265.2971496582031
2018-08-17,479.8434448242188,326.5830383300781,251.46334838867188,273.8171081542969
2018-08-20,484.1975402832031,325.0942077636719,253.7525177001953,278.8475036621094
2018-08-21,484.1628723144531,325.4783935546875,251.49319458007807,278.25836181640625
2018-08-23,480.4324035644531,323.8935546875,248.367919921875,274.1343688964844
2018-08-24,478.1109924316406,318.5387268066406,249.72154235839844,272.32159423828125
2018-08-27,480.5594787597656,327.94580078125,253.78237915039065,279.164794921875
2018-08-28,483.8857421875,326.9809875488281,255.8127899169922,276.7628479003906
2018-08-29,480.1090698242188,328.6694641113281,256.5095520019531,280.7055969238281
2018-08-30,477.2448120117188,332.23931884765625,254.409423828125,279.7086181640625
2018-08-31,476.1129760742188,330.5509033203125,256.24078369140625,280.614990234375
2018-09-03,479.3121643066406,322.3980712890625,252.6278533935547,277.66925048828125
2018-09-04,473.9417419433594,316.94677734375,250.3386383056641,268.6507568359375
2018-09-05,472.56732177734375,318.05633544921875,246.46690368652344,268.7867126464844
2018-09-06,474.0340881347656,317.09149169921875,250.9955291748047,268.6960754394531
2018-09-07,475.1312561035156,323.3146057128906,247.82052612304688,264.3454284667969
2018-09-10,471.4816589355469,321.1920166015625,243.5207977294922,258.1820983886719
2018-09-11,462.06884765625,315.0653381347656,240.1467437744141,256.1427307128906
2018-09-12,464.7136840820313,311.5436706542969,244.92417907714844,258.58990478515625
2018-09-14,468.813720703125,316.802001953125,246.7455902099609,263.4391174316406
2018-09-17,460.17474365234375,314.2452392578125,244.92417907714844,258.58990478515625
2018-09-18,459.4817504882813,307.6361389160156,241.9183807373047,248.1665954589844
2018-09-19,453.0487976074219,309.66229248046875,244.2274780273437,246.0819091796875
2018-09-21,455.10455322265625,305.9476928710937,234.93133544921875,245.26617431640625
2018-09-24,444.8140869140625,297.8913879394531,228.66094970703125,239.60128784179688
2018-09-25,450.9814147949219,300.1587219238281,235.55838012695312,245.5380706787109
2018-09-26,454.6310424804688,302.0883483886719,232.7815093994141,239.1481475830078
2018-09-27,456.4674377441406,295.865234375,227.41680908203125,240.5077209472656
2018-09-28,463.37396240234375,294.80389404296875,227.2476043701172,240.6436462402344
2018-10-01,470.1650085449219,302.95672607421875,223.34600830078125,248.2118988037109
2018-10-03,469.1717834472656,293.0189514160156,218.6183319091797,246.26319885253903
2018-10-04,452.21722412109375,305.3687438964844,213.89064025878903,245.9459686279297
2018-10-05,453.9612121582031,296.49237060546875,209.4515991210937,234.1630401611328
2018-10-08,449.2721557617188,299.91748046875,219.8226318359375,240.8702545166016
2018-10-09,448.2557678222656,295.47930908203125,220.64874267578125,238.33238220214844
2018-10-10,454.3884887695313,308.6009521484375,226.4812164306641,252.56253051757807
2018-10-11,447.55126953125,300.7376403808594,222.06207275390625,237.6072540283203
2018-10-12,457.7840576171875,308.1667785644531,232.33360290527344,239.05747985839844
2018-10-15,463.8359680175781,302.32958984375,232.990478515625,238.55897521972656
2018-10-16,460.30181884765625,309.3728332519531,234.04551696777344,244.99424743652344
2018-10-17,456.1094055175781,303.7285461425781,234.09527587890625,236.70089721679688
2018-10-19,454.527099609375,304.3557434082031,238.66372680664065,236.6555938720703
2018-10-22,461.722412109375,315.59600830078125,231.70655822753903,235.9757843017578
2018-10-23,458.4770202636719,311.4954833984375,233.78672790527344,231.71578979492188
2018-10-24,460.1863403320313,310.6753234863281,234.3142547607422,231.7611083984375
2018-10-25,454.7696533203125,308.6974792480469,236.0460968017578,226.18690490722656
2018-10-26,453.0141296386719,304.5486755371094,230.6316375732422,224.8726501464844
2018-10-29,444.9526672363281,337.1116943359375,226.55088806152344,242.8189697265625
2018-10-30,441.82275390625,333.5418395996094,223.704330444336,247.5774078369141
2018-10-31,441.59173583984375,342.5147399902344,222.7786865234375,255.0550537109375
2018-11-01,441.6957092285156,341.2605285644531,220.86770629882807,259.1337585449219
2018-11-02,450.3000183105469,341.9841003417969,225.5754852294922,258.63525390625
2018-11-05,451.81298828125,337.3529052734375,224.8290100097656,267.33648681640625
2018-11-06,449.6301574707031,340.6815795898437,224.00289916992188,259.6322631835937
2018-11-07,452.2633666992188,343.3830871582031,225.79444885253903,259.722900390625
2018-11-09,449.364501953125,344.2997131347656,226.0433044433593,256.7318725585937
2018-11-12,443.7400207519531,339.9580078125,229.65625,251.9280548095703
2018-11-13,445.28759765625,348.2072448730469,232.08477783203125,252.0186767578125
2018-11-14,452.21722412109375,353.706787109375,224.9185943603516,257.0491027832031
2018-11-15,456.23638916015625,356.9871826171875,231.35821533203125,258.6806030273437
2018-11-16,462.9697570800781,354.62335205078125,232.62222290039065,263.6656799316406
2018-11-19,465.1872253417969,349.6545104980469,233.94601440429688,261.17315673828125
2018-11-20,464.8522644042969,345.312744140625,232.8909912109375,256.9131774902344
2018-11-21,466.30755615234375,344.2032470703125,234.234619140625,260.1761169433594
2018-11-22,463.2469177246094,339.6684875488281,233.0203399658203,256.2333679199219
2018-11-26,473.4796752929688,343.8172912597656,233.0104217529297,259.5869445800781
2018-11-27,476.7597351074219,342.17706298828125,233.60760498046875,262.3060913085937
2018-11-28,482.5921630859375,346.37408447265625,230.9600830078125,257.91015625
2018-11-29,492.24755859375,349.4615173339844,241.4505920410156,259.5869445800781
2018-11-30,491.6468811035156,342.6595153808594,245.630859375,258.00079345703125
2018-12-03,488.14752197265625,342.9971923828125,244.06822204589844,259.9494934082031
2018-12-04,481.737548828125,345.36102294921875,243.9089813232422,256.0973815917969
2018-12-05,484.8905334472656,339.0413513183594,241.1619567871093,253.9220733642578
2018-12-06,484.3939208984375,335.4232177734375,234.94129943847656,249.8433532714844
2018-12-07,486.8308410644531,339.8132629394531,254.7279052734375,249.6167907714844
2018-12-10,482.4767456054688,334.1689758300781,238.54429626464844,248.5291442871093
2018-12-11,475.7318115234375,330.74383544921875,242.5951690673828,254.9191436767578
2018-12-12,481.6797790527344,337.6423645019531,246.2678375244141,258.54461669921875
2018-12-13,485.3756103515625,337.25640869140625,251.6922607421875,261.94354248046875
2018-12-14,484.08209228515625,339.5238037109375,250.0101776123047,262.1247863769531
2018-12-17,492.0511779785156,345.8434753417969,243.3416748046875,262.39678955078125
2018-12-18,493.2638244628906,349.509765625,246.2579040527344,265.3424987792969
2018-12-19,490.4920043945313,353.6102905273437,243.9786529541016,272.5481872558594
2018-12-20,493.7258605957031,349.41326904296875,246.0986328125,266.5207214355469
2018-12-21,487.6508483886719,341.7428894042969,244.2871856689453,264.572021484375
2018-12-24,480.6056823730469,340.3439025878906,246.53659057617188,265.6143798828125
2018-12-26,490.2379760742188,343.3348693847656,248.45751953125,266.6113586425781
2018-12-27,486.2418212890625,343.1418762207031,246.8849639892578,264.7986145019531
2018-12-28,490.364990234375,348.0625,247.1039123535156,267.2005310058594
2018-12-31,490.0877685546875,347.483642578125,250.11965942382807,268.19757080078125
2019-01-01,496.1858215332031,350.9570617675781,248.9153594970703,271.5511779785156
2019-01-02,491.6584777832031,351.77716064453125,246.95458984375,266.38482666015625
2019-01-03,487.801025390625,350.4746398925781,245.8896331787109,263.846923828125
2019-01-04,489.1060485839844,352.3560485839844,248.417709350586,269.7837219238281
2019-01-07,489.84515380859375,354.7680969238281,248.14898681640625,268.5600891113281
2019-01-08,485.7682495117188,366.78021240234375,244.62559509277344,276.7174987792969
2019-01-09,488.9559326171875,368.806396484375,246.48681640625,276.7174987792969
2019-01-10,487.0386962890625,366.1531066894531,242.764404296875,276.9441223144531
2019-01-11,487.8240661621094,365.2365112304688,243.490951538086,274.4062805175781
2019-01-14,485.4564208984375,360.21942138671875,241.2117156982422,272.2762451171875
2019-01-15,490.1339721679688,359.6404724121094,241.54014587402344,273.40924072265625
2019-01-16,489.74127197265625,362.1007690429688,239.4201812744141,274.7687683105469
2019-01-17,492.5362243652344,361.4254455566406,242.84402465820312,269.55712890625
2019-01-18,492.0626831054688,358.9169311523437,246.8749542236328,267.33648681640625
2019-01-21,496.1974182128906,358.62744140625,252.32925415039065,265.0705871582031
2019-01-22,493.3563232421875,356.07061767578125,257.1365661621094,263.0765380859375
2019-01-23,486.3226013183594,354.4786376953125,254.10089111328125,259.81353759765625
2019-01-24,485.5950622558594,351.9700927734375,252.3590850830078,261.0824584960937
2019-01-25,484.1513977050781,344.6374206542969,252.0406036376953,258.6806030273437
2019-01-28,481.41412353515625,331.4674377441406,250.9059600830078,255.23638916015625
2019-01-29,475.2814025878906,334.6513977050781,249.1044464111328,254.3299560546875
2019-01-30,469.9917907714844,353.03143310546875,243.2919006347656,260.5386657714844
2019-01-31,480.4439392089844,351.6324157714844,249.9703826904297,266.158203125
2019-02-01,482.8692932128906,342.17706298828125,249.96041870117188,257.774169921875
2019-02-04,486.2071533203125,342.08056640625,253.24490356445312,257.3663330078125
2019-02-05,488.32073974609375,340.2474365234375,254.6283721923828,258.00079345703125
2019-02-06,490.3072204589844,346.6635131835937,254.6980438232422,261.98883056640625
2019-02-07,489.059814453125,346.036376953125,255.70330810546875,260.4933166503906
2019-02-08,490.3072204589844,342.6112670898437,258.65936279296875,259.22442626953125
2019-02-11,494.2340393066406,337.73883056640625,259.0873413085937,254.23931884765625
2019-02-12,491.9356994628906,332.1910400390625,258.51007080078125,249.6167907714844
2019-02-14,487.431396484375,331.8533935546875,256.15118408203125,242.09385681152344
2019-02-15,485.2254638671875,330.1167297363281,255.524154663086,238.33238220214844
2019-02-18,482.7422790527344,326.8362731933594,254.2103576660156,235.6132354736328
2019-02-19,481.3910827636719,331.177978515625,254.8871612548828,238.2870635986328
2019-02-20,487.0041198730469,333.0594177246094,256.7384338378906,242.6376953125
2019-02-21,488.74798583984375,338.94488525390625,256.6190185546875,242.9095764160156
2019-02-22,483.1003723144531,339.6684875488281,246.4171295166016,245.5834045410156
2019-02-25,490.9424133300781,343.0936584472656,247.02427673339844,244.85829162597656
2019-02-26,487.5353088378906,335.9538879394531,246.0687866210937,241.4140625
2019-02-27,483.2851867675781,333.3971252441406,242.08758544921875,242.5923614501953
2019-02-28,479.8896484375,337.83526611328125,241.48043823242188,243.86129760742188
2019-03-01,481.2294006347656,341.7911682128906,244.03836059570312,247.39617919921875
2019-03-05,486.71533203125,350.4746398925781,246.9247283935547,250.5684814453125
2019-03-06,486.0570373535156,358.8686218261719,247.09396362304688,252.06402587890625
2019-03-07,491.1965026855469,357.759033203125,246.27780151367188,255.3723297119141
2019-03-08,491.5892333984375,357.5661315917969,246.61618041992188,254.8738250732422
2019-03-11,491.6468811035156,362.6315002441406,248.7362060546875,260.44805908203125
2019-03-12,501.4754638671875,374.547119140625,251.4832458496093,260.0401306152344
2019-03-13,514.306884765625,378.1169738769531,251.0652008056641,265.7050170898437
2019-03-14,513.8910522460938,374.2576599121094,252.59796142578125,264.572021484375
2019-03-15,520.41650390625,381.3974304199219,263.78515625,270.4635009765625
2019-03-18,522.3682861328125,384.0506896972656,267.4678039550781,270.9620666503906
2019-03-19,523.8236694335938,384.3883666992188,268.283935546875,274.6781616210937
2019-03-20,531.0419921875,379.0818176269531,269.0503234863281,275.3579406738281
2019-03-22,525.7638549804688,378.0205078125,265.9947509765625,270.146240234375
2019-03-25,526.9535522460938,370.012451171875,260.5007019042969,266.4754638671875
2019-03-26,533.8947143554688,380.2396545410156,267.32843017578125,275.0860290527344
2019-03-27,531.1459350585938,379.3713073730469,265.3179626464844,279.8898620605469
2019-03-28,531.9197998046875,386.4627685546875,266.8905334472656,289.13494873046875
2019-04-01,533.9986572265625,384.24365234375,266.6217956542969,292.5338134765625
2019-04-02,530.08349609375,383.182373046875,266.6317749023437,298.1986999511719
2019-04-03,529.5983276367188,378.3099670410156,265.586669921875,290.4944763183594
2019-04-04,527.5654907226562,375.0777893066406,263.3372497558594,291.6727905273437
2019-04-05,532.5665283203125,376.8144226074219,265.93505859375,287.36749267578125
2019-04-08,528.824462890625,373.4858093261719,267.3881530761719,283.51531982421875
2019-04-09,528.3279418945312,383.182373046875,267.0298767089844,285.2828369140625
2019-04-10,516.8016357421875,380.3360900878906,268.71197509765625,281.79327392578125
2019-04-11,521.4559936523438,376.3320617675781,267.37823486328125,285.4187927246094
2019-04-12,523.24609375,380.7220153808594,267.4280090332031,285.73602294921875
2019-04-15,528.6859130859375,378.9371032714844,273.4794006347656,286.05322265625
2019-04-16,532.439453125,392.6859436035156,275.9776306152344,286.1891784667969
2019-04-18,529.8062133789062,390.1773986816406,272.64337158203125,281.7026062011719
2019-04-22,524.04296875,380.6255493164063,270.0655822753906,281.0227966308594
2019-04-23,518.637939453125,382.5552062988281,269.7967834472656,276.6722412109375
2019-04-24,526.595458984375,386.9934692382813,272.06610107421875,281.6573181152344
2019-04-25,522.830322265625,381.4938659667969,270.80206298828125,277.5332946777344
2019-04-26,526.87255859375,392.87890625,274.55438232421875,283.24346923828125
2019-04-30,535.3036499023438,393.1683349609375,276.0074768066406,280.9322204589844
2019-05-02,544.1621704101562,381.6386413574219,279.9488830566406,279.3007202148437
2019-05-03,546.9686279296875,387.6687927246094,282.2281494140625,280.9775085449219
2019-05-06,537.8446044921875,387.1864013671875,280.75506591796875,279.8445129394531
2019-05-07,536.4356079101562,372.9069213867188,280.3072204589844,276.8534545898437
2019-05-08,532.9476318359375,368.7581481933594,279.122802734375,270.3275451660156
2019-05-09,529.1709594726562,367.9862365722656,275.7984924316406,271.2792358398437
2019-05-10,530.4644775390625,371.55615234375,278.3165588378906,279.2100524902344
2019-05-13,528.3163452148438,363.0656433105469,276.5648498535156,278.1676940917969
2019-05-14,528.4779052734375,367.02142333984375,275.2908630371094,285.1921691894531
2019-05-15,528.2008056640625,363.7892456054688,277.84881591796875,282.88092041015625
2019-05-16,533.7330322265625,369.047607421875,281.30255126953125,286.1891784667969
2019-05-17,545.6173095703125,375.994384765625,290.6285095214844,289.3615417480469
2019-05-20,561.8442993164062,393.3612976074219,299.0985717773437,312.4288635253906
2019-05-21,555.2264404296875,386.0768127441406,296.1822814941406,305.9482727050781
2019-05-22,555.699951171875,391.0939636230469,297.6453552246094,309.1659240722656
2019-05-23,538.6876831054688,396.4005737304688,298.54119873046875,310.1629333496094
2019-05-24,548.2159423828125,416.56549072265625,300.9199523925781,322.08184814453125
2019-05-27,556.3005981445312,420.1835632324219,304.4433288574219,327.8373107910156
2019-05-28,558.1137084960938,419.0257873535156,300.78057861328125,326.3417663574219
2019-05-29,558.2755737304688,408.4126586914063,301.3578796386719,316.0090637207031
2019-05-30,563.5073852539062,411.210693359375,305.6277160644531,320.4503173828125
2019-05-31,560.2274169921875,408.7986145019531,303.0000915527344,319.4985656738281
2019-06-03,567.5612182617188,408.0267333984375,304.8116149902344,322.17242431640625
2019-06-04,566.4525146484375,404.3603820800781,304.8314208984375,319.4079895019531
2019-06-06,559.7652587890625,397.0758666992188,301.4275207519531,305.3591003417969
2019-06-07,565.3784790039062,401.9483337402344,300.9398193359375,310.02691650390625
2019-06-10,563.6575317382812,401.4659118652344,299.1084899902344,312.0663146972656
2019-06-11,565.5515747070312,406.53131103515625,300.1236877441406,314.6041564941406
2019-06-12,560.6199951171875,403.299072265625,295.30645751953125,311.7944030761719
2019-06-13,564.6969604492188,404.8428039550781,299.3871765136719,314.06036376953125
2019-06-14,562.4795532226562,403.057861328125,293.3854675292969,311.61309814453125
2019-06-17,559.4535522460938,399.63275146484375,290.6982116699219,306.2201843261719
2019-06-18,558.3563232421875,407.3030700683594,290.9967956542969,308.2142028808594
2019-06-19,560.9203491210938,405.0357055664063,298.1529846191406,307.1265563964844
2019-06-20,563.9417724609375,418.1574401855469,302.2436828613281,312.8367004394531
2019-06-21,561.117919921875,415.6488952636719,296.5604858398437,316.6888122558594
2019-06-24,561.9893798828125,414.3463745117188,292.738525390625,320.1330871582031
2019-06-25,564.4879760742188,418.3986511230469,295.38604736328125,323.16943359375
2019-06-26,573.5990600585938,423.2228088378906,296.71978759765625,324.6196594238281
2019-06-27,572.2974243164062,425.4419250488281,294.9282531738281,328.24517822265625
2019-06-28,567.9859008789062,421.7273254394531,294.032470703125,327.4294128417969
2019-07-01,577.7012329101562,423.56048583984375,294.8486022949219,327.7013244628906
2019-07-02,579.897705078125,421.3896179199219,292.9176940917969,330.3751525878906
2019-07-03,578.6542358398438,420.6177978515625,293.6144104003906,331.8706970214844
2019-07-04,577.2945556640625,420.8589782714844,298.1529846191406,333.003662109375
2019-07-05,574.6448974609375,421.0037231445313,302.0147705078125,335.9493713378906
2019-07-08,560.0487060546875,410.9212341308594,293.6741027832031,322.0364990234375
2019-07-09,552.9713134765625,413.42974853515625,291.19586181640625,325.8432922363281
2019-07-10,555.2026977539062,415.745361328125,293.7836303710937,321.0394897460937
2019-07-11,559.479248046875,411.5483703613281,295.5950622558594,329.1968688964844
2019-07-12,556.3997192382812,412.0307312011719,295.4954833984375,329.5594787597656
2019-07-15,556.59716796875,407.4478454589844,300.3651733398437,326.3417663574219
2019-07-16,555.7720947265625,409.66693115234375,299.0406799316406,330.2391967773437
2019-07-17,557.2247314453125,409.7634582519531,305.6430969238281,337.5355529785156
2019-07-18,560.583251953125,403.9261779785156,306.3700561523437,329.604736328125
2019-07-19,552.157958984375,395.8698425292969,298.5328063964844,322.6709289550781
2019-07-22,533.935791015625,397.9977111816406,289.64990234375,318.00311279296875
2019-07-23,526.091552734375,398.4329223632813,297.5568542480469,310.1629333496094
2019-07-24,530.1356811523438,395.0960998535156,298.1942138671875,307.80633544921875
2019-07-25,531.3327026367188,395.5797119140625,295.7743225097656,309.34716796875
2019-07-26,529.2990112304688,402.1082458496094,301.1120300292969,310.5254821777344
2019-07-29,521.6290283203125,415.2619934082031,299.24981689453125,311.61309814453125
2019-07-30,523.4768676757812,411.3932495117188,298.49298095703125,296.8844909667969
2019-07-31,523.3373413085938,410.6678466796875,302.6456298828125,301.0991516113281
2019-08-01,517.5487670898438,403.3655395507813,297.9154052734375,287.4581298828125
2019-08-02,515.8133544921875,397.1272583007813,300.2655334472656,279.5726318359375
2019-08-05,507.6371154785156,389.4380493164063,290.8050842285156,272.1402893066406
2019-08-06,509.9316101074219,396.7886962890625,295.8241271972656,273.1826477050781
2019-08-07,508.7435607910156,394.9993591308594,294.0316162109375,262.75927734375
2019-08-08,520.1925659179688,400.8025207519531,299.2995910644531,266.7926940917969
2019-08-09,531.5718383789062,406.3638610839844,305.1451721191406,264.0735168457031
2019-08-13,517.2111206054688,396.7886962890625,301.0223693847656,256.822509765625
2019-08-14,519.3306884765625,403.6073303222656,297.11871337890625,262.6233215332031
2019-08-16,518.923095703125,405.2032470703125,298.54278564453125,263.6656799316406
2019-08-19,514.06640625,409.5072021484375,298.0249328613281,259.9948425292969
2019-08-20,517.2692260742188,403.2204895019531,299.76763916015625,257.1397399902344
2019-08-21,518.4921264648438,398.5296325683594,299.8970947265625,251.4295196533203
2019-08-22,506.4375305175781,386.0045776367188,294.41998291015625,243.40806579589844
2019-08-23,503.781982421875,382.4259643554688,292.81671142578125,245.71934509277344
2019-08-26,525.5502319335938,398.1427612304688,301.3012390136719,253.9674224853516
2019-08-27,526.4354248046875,404.86474609375,299.0605773925781,258.9525451660156
2019-08-28,523.5353393554688,399.4001159667969,295.4954833984375,258.2274169921875
2019-08-29,518.7484130859375,391.1306457519531,288.9627990722656,248.80105590820312
2019-08-30,518.9813232421875,396.2083740234375,285.09893798828125,248.2118988037109
2019-09-03,515.0213012695312,379.2825927734375,281.68316650390625,243.27212524414065
2019-09-04,523.5935668945312,384.45703125,284.1031188964844,249.3448638916016
2019-09-05,520.6585083007812,376.2359619140625,280.85662841796875,247.71337890625
2019-09-06,523.1626586914062,378.50885009765625,287.11053466796875,248.3025360107422
2019-09-09,524.0245361328125,382.4743347167969,293.0357971191406,251.973388671875
2019-09-11,524.4205322265625,381.6521911621094,293.8125305175781,258.54461669921875
2019-09-12,528.9744262695312,389.4864501953125,290.2972106933594,260.1761169433594
2019-09-13,525.8530883789062,399.8353271484375,295.614990234375,264.39080810546875
2019-09-16,522.7548828125,398.6263427734375,293.7627258300781,258.046142578125
2019-09-17,515.114501953125,387.5036926269531,288.45489501953125,248.3025360107422
2019-09-18,509.6170654296875,386.2463684082031,291.7312316894531,254.1486968994141
2019-09-19,512.9598388671875,373.9146728515625,289.3113098144531,248.39317321777344
2019-09-20,558.8724365234375,403.8008117675781,306.4895324707031,273.45458984375
2019-09-23,585.7306518554688,431.6557922363281,326.7548828125,284.3764343261719
2019-09-24,584.1234130859375,426.4329833984375,322.27362060546875,274.27032470703125
2019-09-25,577.5543823242188,419.9528503417969,318.98736572265625,254.01272583007807
2019-09-26,578.8588256835938,437.1204528808594,324.0163269042969,255.46292114257807
2019-09-27,579.6508178710938,434.4606628417969,327.33251953125,254.8738250732422
2019-09-30,571.8472900390625,419.4692687988281,327.5216979980469,245.4474334716797
2019-10-01,581.7939453125,410.6678466796875,328.2685852050781,231.9877166748047
2019-10-03,570.0303955078125,413.2792663574219,321.8055725097656,230.3562164306641
2019-10-04,554.2601928710938,400.3189086914063,311.3293762207031,226.5494537353516
2019-10-07,552.955810546875,402.4467468261719,309.8355712890625,225.779037475586
2019-10-09,572.1734008789062,422.3708190917969,321.12841796875,236.51963806152344
2019-10-10,559.3151245117188,409.7974243164063,315.64129638671875,230.3562164306641
2019-10-11,558.4998168945312,414.4882507324219,316.2288818359375,230.71876525878903
2019-10-14,561.1087036132812,414.77838134765625,315.78076171875,231.53453063964844
2019-10-15,569.7975463867188,417.6799621582031,321.77569580078125,234.2536773681641
2019-10-16,568.8889770507812,421.0167236328125,319.7740783691406,232.07833862304688
2019-10-17,568.3765258789062,426.142822265625,319.5749206542969,240.5983123779297
2019-10-18,572.5693969726562,423.4346923828125,321.7059936523437,244.4051208496093
2019-10-22,577.3681030273438,436.3466796875,324.4146728515625,245.175537109375
2019-10-23,578.4395141601562,440.1670837402344,321.38739013671875,249.662109375
2019-10-24,575.8772583007812,439.82855224609375,321.2976989746094,237.92449951171875
2019-10-25,572.5693969726562,453.7077026367188,316.3981628417969,255.19102478027344
2019-10-27,576.6226196289062,454.1428833007813,317.2745056152344,255.4176483154297
2019-10-29,578.8588256835938,461.73529052734375,313.79901123046875,254.3752899169922
2019-10-30,581.584228515625,455.6904296875,314.4662475585937,262.75927734375
2019-10-31,573.1983032226562,447.8561706542969,313.5899353027344,283.15283203125
2019-11-01,577.7174682617188,447.08245849609375,314.6654052734375,284.19512939453125
2019-11-04,576.2266235351562,455.061767578125,312.9027404785156,284.8749084472656
2019-11-05,577.461181640625,452.9822998046875,309.487060546875,289.3161926269531
2019-11-06,585.451171875,464.9270629882813,312.9027404785156,287.8206787109375
2019-11-07,588.7355346679688,462.8476257324219,315.4819641113281,288.364501953125
2019-11-08,584.9619140625,473.3899841308594,318.71844482421875,286.415771484375
2019-11-11,589.2247314453125,480.4987487792969,322.0346069335937,288.45513916015625
2019-11-13,585.870361328125,469.8113403320313,319.8238830566406,278.0770263671875
2019-11-14,593.4876098632812,482.2880859375,318.190673828125,277.3519897460937
2019-11-15,595.3511352539062,483.4486999511719,323.1997375488281,291.763427734375
2019-11-18,587.9669189453125,481.9979553222656,324.0860595703125,294.663818359375
2019-11-19,592.5558471679688,477.3070373535156,323.4089050292969,299.4676513671875
2019-11-20,593.2313232421875,478.7578125,318.5591735839844,298.0174255371094
2019-11-21,597.89013671875,481.9012145996094,317.7225952148437,300.3287353515625
2019-11-22,589.2247314453125,480.4987487792969,312.5143737792969,298.4705810546875
2019-11-25,592.1830444335938,481.4660034179688,319.3956298828125,304.63397216796875
2019-11-26,594.0233764648438,493.9426879882813,319.5450134277344,304.0901794433594
2019-11-27,595.583984375,488.9132995605469,322.2337951660156,311.3865051269531
2019-11-28,589.48095703125,502.1154174804688,321.6561889648437,316.59820556640625
2019-11-29,593.9767456054688,495.7802734375,321.6960754394531,309.845703125
2019-12-02,589.690673828125,494.1361083984375,325.2412109375,306.809326171875
2019-12-03,584.8687133789062,492.6369934082031,327.9797668457031,304.7699279785156
2019-12-04,583.1217041015625,511.8840637207031,328.8760681152344,309.845703125
2019-12-05,580.3031005859375,510.7717895507813,328.4876403808594,304.7246398925781
2019-12-06,580.5127563476562,507.5799865722656,333.4668884277344,290.04132080078125
2019-12-09,579.0684204101562,509.2242431640625,330.4693908691406,287.0502624511719
2019-12-10,582.1200561523438,511.3521118164063,331.0968017578125,284.0592041015625
2019-12-11,581.7705688476562,516.0429077148438,335.9066162109375,283.51531982421875
2019-12-12,588.68896484375,517.7838745117188,341.6924743652344,291.71807861328125
2019-12-13,588.805419921875,519.4281005859375,337.1415100097656,301.4163513183594
2019-12-16,585.7771606445312,521.555908203125,339.3722229003906,300.7818603515625
2019-12-17,592.1830444335938,523.3936157226562,341.2344055175781,301.7336120605469
2019-12-18,602.0830688476562,523.6353759765625,343.43524169921875,296.3406677246094
2019-12-19,600.42919921875,522.4746704101562,344.4609375,297.42828369140625
2019-12-20,604.1096801757812,528.1810302734375,337.13153076171875,306.2201843261719
2019-12-23,606.7652587890625,523.5386352539062,339.5614318847656,301.2803649902344
2019-12-24,600.5923461914062,523.34521484375,340.8858642578125,300.4193725585937
2019-12-26,591.8802490234375,521.072265625,337.44024658203125,298.9691467285156
2019-12-27,594.0001220703125,531.372802734375,335.7174377441406,305.67633056640625
2019-12-30,597.3311157226562,526.1016845703125,336.6734619140625,303.0931701660156
2019-12-31,592.6489868164062,521.2174072265625,335.4684753417969,302.5039978027344
2020-01-01,595.6771850585938,519.1378784179688,333.4170837402344,303.1385192871094
2020-01-02,599.47412109375,522.8615112304688,332.91912841796875,307.5343933105469
2020-01-03,590.9251098632812,521.1690063476562,330.0411682128906,302.4587097167969
2020-01-06,578.1366577148438,508.4504699707031,329.1349792480469,289.13494873046875
2020-01-07,587.291259765625,505.7424621582031,332.7797241210937,288.591064453125
2020-01-08,585.75390625,508.6923522949219,329.593017578125,289.86004638671875
2020-01-09,592.3228149414062,528.3745727539062,331.6245422363281,299.286376953125
2020-01-10,597.5873413085938,522.523193359375,335.5381774902344,301.1444396972656
2020-01-13,599.124755859375,520.9271850585938,336.8128967285156,299.78485107421875
2020-01-14,600.7553100585938,519.9600219726562,333.9647827148437,297.2923278808594
2020-01-15,598.3094482421875,518.0256958007812,333.7257995605469,293.8934326171875
2020-01-16,599.8933715820312,519.5247802734375,338.8941955566406,293.0323181152344
2020-01-17,595.467529296875,514.5921020507812,338.2070617675781,288.228515625
2020-01-20,584.6358032226562,517.30029296875,322.2337951660156,284.6030578613281
2020-01-21,579.7207641601562,513.6249389648438,323.6678161621094,284.3310852050781
2020-01-22,578.0901489257812,505.6939697265625,315.78076171875,286.5517272949219
2020-01-23,579.9536743164062,510.38482666015625,319.83380126953125,292.9417419433594
2020-01-24,579.8139038085938,516.3330078125,327.22296142578125,293.7121276855469
2020-01-27,565.2085571289062,519.6215209960938,322.3233947753906,286.5970764160156
2020-01-28,569.8673706054688,510.8684997558594,323.8570251464844,285.6000366210937
2020-01-29,575.7608032226562,509.3209533691406,326.7250366210937,286.8236389160156
2020-01-30,571.1951293945312,514.7371826171875,324.295166015625,281.61199951171875
2020-01-31,571.3115844726562,508.4021606445313,336.9423217773437,288.6364440917969
2020-02-03,555.70458984375,498.6335144042969,333.8552551269531,270.19158935546875
2020-02-04,572.9421997070312,513.3831787109375,338.24688720703125,277.5785522460937
2020-02-05,579.860595703125,521.4108276367188,336.54400634765625,281.8839111328125
2020-02-06,577.6009521484375,523.8287963867188,333.4071044921875,291.8087463378906
2020-02-07,578.7190551757812,518.8478393554688,329.2345275878906,290.539794921875
2020-02-10,577.8340454101562,516.4298706054688,332.4709777832031,288.6817321777344
2020-02-11,577.9736938476562,522.0394897460938,334.09423828125,293.98406982421875
2020-02-12,581.8870849609375,531.276123046875,341.5531005859375,290.2225952148437
2020-02-13,578.346435546875,523.2484130859375,336.5539855957031,296.7938232421875
2020-02-14,568.0736083984375,527.8909301757812,334.79132080078125,289.4974975585937
2020-02-17,567.0487670898438,523.8287963867188,336.8128967285156,284.7843322753906
2020-02-18,565.2318115234375,523.4419555664062,336.79296875,287.8206787109375
2020-02-19,571.7308349609375,526.9237670898438,338.8045654296875,290.3585205078125
2020-02-20,567.0254516601562,529.0515747070312,335.78717041015625,296.97509765625
2020-02-24,563.6943969726562,512.46435546875,334.2535705566406,292.71514892578125
2020-02-25,559.1986694335938,513.5283203125,333.7655944824219,296.20465087890625
2020-02-26,558.70947265625,506.51611328125,331.913330078125,297.4736328125
2020-02-27,558.8025512695312,498.4400939941406,335.1498107910156,291.8087463378906
2020-02-28,548.6463623046875,480.9339904785156,322.72174072265625,274.63287353515625
2020-03-02,549.5548706054688,489.4936218261719,318.469482421875,260.4933166503906
2020-03-03,550.579833984375,497.85980224609375,323.90679931640625,262.7139892578125
2020-03-04,535.22900390625,491.6697692871094,320.2520446777344,258.58990478515625
2020-03-05,536.3935546875,487.9461059570313,328.8959350585937,261.49041748046875
2020-03-06,528.72998046875,470.39166259765625,324.85284423828125,245.175537109375
2020-03-09,515.87158203125,442.7301025390625,314.31689453125,229.7217559814453
2020-03-11,518.8997802734375,450.3708801269531,316.53759765625,222.15353393554688
2020-03-12,475.8056945800781,411.6833801269531,291.791015625,192.6961975097656
2020-03-13,498.4009399414063,432.52630615234375,292.7868347167969,219.34371948242188
2020-03-16,465.64947509765625,389.6798400878906,275.5886535644531,202.4397735595703
2020-03-17,454.2818908691406,355.1996459960937,263.4394226074219,195.0074462890625
2020-03-18,408.53228759765625,343.39996337890625,233.41485595703125,195.05274963378903
2020-03-19,417.2209777832031,327.4413757324219,241.16249084472656,184.5840759277344
2020-03-20,411.3042297363281,334.35675048828125,251.4196319580078,190.20364379882807
2020-03-23,359.4515686035156,274.6812744140625,218.7361602783203,164.5984344482422
2020-03-24,357.6579284667969,286.7710876464844,229.62071228027344,166.04864501953125
2020-03-25,399.1447143554688,306.5017395019531,256.9565124511719,172.12139892578125
2020-03-26,419.80657958984375,319.4136962890625,273.4476013183594,174.7045440673828
2020-03-27,421.3673400878906,328.6986999511719,278.6558532714844,177.60496520996094
2020-03-30,387.45111083984375,303.1166076660156,257.6635437011719,169.40223693847656
2020-03-31,401.5440673828125,313.1269836425781,258.1315612792969,178.42071533203125
2020-04-01,386.5193481445313,300.9403991699219,235.34678649902344,169.08502197265625
2020-04-03,379.1583557128906,277.24432373046875,227.22073364257807,159.0695343017578
2020-04-07,417.4771728515625,315.3998718261719,238.61314392089844,168.9490509033203
2020-04-08,414.1228637695313,308.4844665527344,236.54180908203125,165.8673553466797
2020-04-09,430.9644470214844,331.4551696777344,253.5208740234375,170.17266845703125
2020-04-13,417.1278076171875,319.800537109375,249.13916015625,166.320556640625
2020-04-15,402.19622802734375,316.6088562011719,233.7733459472656,165.27822875976562
2020-04-16,409.8600463867188,330.7781677246094,225.2290496826172,170.85244750976562
2020-04-17,424.0926818847656,363.2272644042969,236.26296997070312,175.1577606201172
2020-04-20,440.1889343261719,349.44482421875,234.57003784179688,174.47796630859375
2020-04-21,429.3805236816406,320.961181640625,225.08963012695312,167.45352172851562
2020-04-22,432.618408203125,324.9266357421875,229.4713287353516,171.0337371826172
2020-04-23,444.8943481445313,341.36883544921875,248.8901824951172,169.22097778320312
2020-04-24,437.0209655761719,323.8627624511719,246.87860107421875,162.92164611816406
2020-04-27,433.1308898925781,336.48455810546875,259.6352844238281,163.96397399902344
2020-04-28,433.9228515625,348.0424194335937,264.2261047363281,167.045654296875
2020-04-29,455.2136840820313,358.2946472167969,264.4651794433594,172.3026580810547
2020-04-30,466.7209777832031,367.6763305664063,270.3106994628906,172.6652069091797
2020-05-04,430.0094604492188,326.95770263671875,254.49679565429688,162.10589599609375
2020-05-05,424.6285095214844,319.9940185546875,246.6395874023437,154.4469757080078
2020-05-06,440.9111022949219,330.1978454589844,248.1532745361328,155.0814666748047
2020-05-07,430.9411926269531,325.7004089355469,238.9616851806641,154.7642059326172
2020-05-08,432.8280029296875,326.6192626953125,242.4769897460937,151.04808044433594
2020-05-11,426.6550598144531,309.64508056640625,236.7011108398437,149.96041870117188
2020-05-12,420.0162658691406,310.66064453125,230.47711181640625,151.27462768554688
2020-05-13,432.17578125,326.95770263671875,236.35256958007807,157.8006134033203
2020-05-14,416.3590393066406,316.6572265625,233.64390563964844,152.2263641357422
2020-05-15,413.7734680175781,312.1114196777344,234.6795654296875,150.8214874267578
2020-05-18,389.7804870605469,288.7055053710937,221.8033599853516,140.7606658935547
2020-05-19,386.9852294921875,290.4464416503906,225.1493988037109,138.49472045898438
2020-05-20,399.3078002929688,295.620849609375,231.05471801757807,139.03851318359375
2020-05-21,400.44915771484375,294.411865234375,229.0929107666016,137.72430419921875
2020-05-22,390.805419921875,281.4999084472656,231.0746154785156,136.727294921875
2020-05-26,397.1181335449219,283.0957946777344,229.6804351806641,137.2257843017578
2020-05-27,420.9945983886719,308.3877868652344,242.4969024658203,143.75173950195312
2020-05-28,440.3753356933594,316.125244140625,244.86700439453125,143.38917541503906
2020-05-29,443.3569946289063,321.0578918457031,243.7815704345703,146.19894409179688
2020-06-01,460.1287231445313,328.1183776855469,248.64122009277344,154.1297607421875
2020-06-02,466.3482360839844,336.9681701660156,267.4625549316406,154.31103515625
2020-06-03,476.2482604980469,345.1408996582031,276.1562805175781,158.52569580078125
2020-06-04,466.6744079589844,336.43621826171875,265.7696838378906,157.75526428222656
2020-06-05,481.4195556640625,345.4794311523437,266.4468688964844,170.21798706054688
2020-06-08,473.2899169921875,347.9941101074219,266.2377624511719,169.31161499023438
2020-06-09,459.9656677246094,337.1131896972656,259.74481201171875,167.18162536621094
2020-06-10,462.0854187011719,341.417236328125,265.3414611816406,170.1273651123047
2020-06-11,451.253662109375,330.052734375,258.65936279296875,160.56503295898438
2020-06-12,457.8459167480469,332.90594482421875,254.89512634277344,162.37779235839844
2020-06-15,442.5183410644531,320.2358093261719,248.7407989501953,157.4380340576172
2020-06-16,461.4099731445313,331.6969909667969,254.2976226806641,156.71292114257812
2020-06-17,456.2153015136719,330.72979736328125,247.7250518798828,156.7582550048828
2020-06-18,475.1767272949219,340.45001220703125,259.58551025390625,162.8309783935547
2020-06-19,481.4195556640625,351.86285400390625,259.4162292480469,167.22694396972656
2020-06-22,479.2765197753906,355.4897766113281,269.9422302246094,170.1273651123047
2020-06-23,485.5892028808594,363.8076171875,276.8235168457031,174.43264770507812
2020-06-24,481.0235900878906,336.6780090332031,267.6617736816406,167.31759643554688
2020-06-25,479.2765197753906,339.4828186035156,275.1903076171875,167.90672302246094
2020-06-26,492.181396484375,337.6451721191406,266.9048767089844,167.31759643554688
2020-06-29,501.312744140625,331.8420715332031,270.00201416015625,162.4684295654297
2020-06-30,496.5606994628906,339.9181213378906,270.9580078125,161.74334716796875
2020-07-01,505.2960205078125,352.1046142578125,270.2210998535156,167.4988555908203
2020-07-02,507.5323486328125,350.9440002441406,269.2750244140625,168.08798217773438
2020-07-03,500.3344421386719,349.1547241210937,269.633544921875,167.40821838378906
2020-07-06,513.8682861328125,349.9768371582031,272.4418029785156,170.444580078125
2020-07-07,514.8699951171875,363.7109069824219,272.5115051269531,170.94308471679688
2020-07-08,517.2925415039062,356.8438720703125,269.4244079589844,173.93414306640625
2020-07-09,524.0942993164062,358.1979064941406,272.4916076660156,180.4600830078125
2020-07-10,514.8466186523438,348.5260925292969,268.74725341796875,177.2877655029297
2020-07-13,503.2694091796875,341.99755859375,265.99871826171875,174.6592559814453
2020-07-14,493.2995300292969,334.211669921875,258.5797119140625,168.6318359375
2020-07-15,490.6440124511719,334.4534606933594,256.9266662597656,166.5924530029297
2020-07-16,495.0233459472656,333.3411865234375,263.4294738769531,168.81309509277344
2020-07-17,511.74847412109375,342.19097900390625,264.3854675292969,170.58053588867188
2020-07-20,527.8681030273438,351.0890808105469,262.71246337890625,172.89181518554688
2020-07-21,530.4304809570312,366.3706359863281,270.6692199707031,176.2000732421875
2020-07-22,524.7466430664062,368.59521484375,267.3530578613281,174.02476501464844
2020-07-23,526.6334228515625,379.37933349609375,273.6666564941406,179.68963623046875
2020-07-24,521.3689575195312,369.2721862792969,268.8766784667969,173.97946166992188
2020-07-27,502.9200439453125,346.7367553710937,263.4194641113281,169.6288299560547
2020-07-28,506.2510986328125,340.5467834472656,275.6583557128906,171.7135009765625
2020-07-29,495.9783325195313,339.5312194824219,276.7338562011719,173.2996826171875
2020-07-30,489.4793090820313,333.63134765625,275.8475646972656,169.08502197265625
2020-07-31,481.163330078125,335.4206848144531,272.0135803222656,173.52627563476562
2020-08-03,466.8141479492188,331.98712158203125,260.6212158203125,174.2513885498047
2020-08-04,485.2864074707031,339.4828186035156,263.6884155273437,173.66221618652344
2020-08-05,478.7174377441406,340.6434631347656,265.7298278808594,173.52627563476562
2020-08-06,484.8437194824219,346.9785461425781,266.9048767089844,173.0730743408203
2020-08-07,486.3113098144531,346.2048034667969,267.3829345703125,172.80116271972656
2020-08-10,489.4793090820313,351.6210327148437,270.9082336425781,175.65626525878906
2020-08-11,496.9335021972656,355.29638671875,271.7845764160156,176.7892303466797
2020-08-12,495.5590515136719,354.8127746582031,265.9090576171875,184.2668609619141
2020-08-13,493.3927612304688,355.973388671875,266.1381530761719,182.99794006347656
2020-08-14,481.9319763183594,349.54156494140625,260.4020690917969,178.1034698486328
2020-08-17,481.1400146484375,348.3809814453125,264.4053955078125,175.0218048095703
2020-08-18,492.2047424316406,357.42413330078125,272.7305908203125,176.83453369140625
2020-08-19,496.91009521484375,362.1633911132813,269.99200439453125,178.60198974609375
2020-08-20,493.3694152832031,355.6832275390625,266.556396484375,176.517333984375
2020-08-21,505.7851867675781,358.9716491699219,266.7655334472656,179.82559204101562
2020-08-24,520.4138793945312,367.8698120117188,276.29571533203125,182.59005737304688
2020-08-25,521.6484985351562,373.67291259765625,278.8550109863281,188.48155212402344
2020-08-26,521.0661010742188,376.574462890625,286.1445617675781,190.20364379882807
2020-08-27,518.1077880859375,379.3309631347656,282.8184814453125,195.4606475830078
2020-08-28,519.2259521484375,396.25677490234375,292.19927978515625,203.79934692382807
2020-08-31,519.8548583984375,381.6521911621094,279.1039733886719,192.15234375
2020-09-01,525.189208984375,378.1219787597656,284.9396057128906,197.6812896728516
2020-09-02,528.3805541992188,379.5244140625,283.5155944824219,196.0044860839844
2020-09-03,526.8663940429688,370.1910095214844,278.1778259277344,193.1946716308593
2020-09-04,521.4622192382812,360.3257446289063,274.8617248535156,187.25791931152344
2020-09-07,517.3623657226562,361.1477966308594,272.611083984375,188.43618774414065
2020-09-08,518.270751953125,363.3724060058594,269.01611328125,184.9466247558593
2020-09-09,510.8399963378906,355.5381774902344,264.12652587890625,176.60797119140625
2020-09-10,508.0680541992188,358.5364074707031,262.8021240234375,179.5989990234375
2020-09-11,502.5240173339844,358.3429870605469,264.96307373046875,183.72303771972656
2020-09-14,492.8802490234375,351.76611328125,259.8544006347656,179.91624450683594
2020-09-15,498.7271118164063,359.3585205078125,263.6884155273437,181.41177368164065
2020-09-16,509.5122375488281,362.40521240234375,263.9771423339844,179.64431762695312
2020-09-17,504.8301086425781,356.8922119140625,259.9340515136719,177.1517791748047
2020-09-18,492.5774841308594,357.42413330078125,254.3573455810547,174.568603515625
2020-09-21,488.8504028320313,339.1926574707031,256.4984130859375,168.40524291992188
2020-09-22,482.3746337890625,342.771240234375,253.0528259277344,168.7677764892578
2020-09-23,487.8953552246094,340.3049621582031,254.018783569336,166.5924530029297
2020-09-24,480.0452270507813,324.68487548828125,248.18313598632807,159.83995056152344
2020-09-25,486.3812255859375,337.2099304199219,249.5673828125,165.1422882080078
2020-09-28,491.1331481933594,351.0890808105469,254.6760406494141,169.71946716308594
2020-09-29,495.0233459472656,345.3343200683594,251.598876953125,167.72543334960938
2020-09-30,502.500732421875,343.1097717285156,252.58474731445312,168.0426788330078
2020-10-01,515.7084350585938,357.08563232421875,259.924072265625,172.48394775390625
2020-10-05,519.156005859375,360.8576965332031,261.826171875,171.0790557861328
2020-10-06,533.0160522460938,368.111572265625,266.5364685058594,173.66221618652344
2020-10-07,541.4718627929688,370.0943298339844,263.83770751953125,172.8464813232422
2020-10-08,555.2386474609375,374.78515625,262.9215393066406,173.5715789794922
2020-10-09,574.689208984375,388.3258056640625,262.8717956542969,179.7349853515625
2020-10-12,565.4180908203125,390.7921447753906,261.487548828125,180.09751892089844
2020-10-13,558.3367309570312,383.2480773925781,267.8708801269531,177.37838745117188
2020-10-14,564.41650390625,393.4518737792969,269.5439147949219,181.3211364746093
2020-10-15,544.7329711914062,378.1703186035156,260.82037353515625,174.79519653320312
2020-10-16,558.756103515625,383.1029968261719,266.1979064941406,177.60496520996094
2020-10-19,560.7127685546875,403.4139709472656,274.1944274902344,184.9013214111328
2020-10-20,570.2166748046875,400.9959716796875,272.6210632324219,184.040283203125
2020-10-21,580.8154296875,406.5089416503906,277.5007019042969,184.6747436523437
2020-10-22,574.57275390625,399.3517456054688,277.45086669921875,184.2668609619141
2020-10-23,575.7374267578125,403.2688903808594,275.4591979980469,183.8136749267578
2020-10-26,564.136962890625,391.1790466308594,282.2010498046875,178.28475952148438
2020-10-27,574.4796142578125,396.4985961914063,316.208984375,176.4266815185547
2020-10-28,563.5313110351562,383.05462646484375,308.9791259765625,172.61988830566406
2020-10-29,553.0955810546875,386.7782897949219,312.87286376953125,171.0337371826172
2020-10-30,551.3952026367188,379.71783447265625,308.1924743652344,171.53224182128906
2020-11-02,566.1635131835938,403.75244140625,314.8247375488281,177.69561767578125
2020-11-03,581.3978881835938,429.28619384765625,317.39404296875,185.5811004638672
2020-11-04,585.8004150390625,422.7093505859375,324.7831420898437,187.62046813964844
2020-11-05,591.2979125976562,424.1117858886719,333.6958923339844,198.17974853515625
2020-11-06,609.211181640625,428.2706604003906,342.1804504394531,198.6782989501953
2020-11-09,624.5386352539062,447.5177001953125,344.19207763671875,198.95021057128903
2020-11-10,649.2769775390625,467.9737243652344,349.13140869140625,210.00802612304688
2020-11-11,647.5532836914062,470.5850524902344,360.06573486328125,212.2739715576172
2020-11-12,639.0509033203125,461.058349609375,349.48992919921875,205.5667724609375
2020-11-13,633.041015625,469.617919921875,351.1928100585937,207.9686737060547
2020-11-14,638.1190795898438,470.9236450195313,352.63677978515625,208.14993286132807
2020-11-17,656.1719970703125,470.4400329589844,357.8350830078125,217.7122497558593
2020-11-18,656.2885131835938,481.3208923339844,364.5968322753906,228.40753173828125
2020-11-19,640.285400390625,463.0410461425781,363.7503662109375,217.30438232421875
2020-11-20,653.9357299804688,464.4434509277344,376.3078918457031,220.0235137939453
2020-11-23,649.7195434570312,452.8855895996094,377.9908752441406,216.3526763916016
2020-11-24,670.0320434570312,462.5090942382813,383.3783264160156,221.02053833007807
2020-11-25,653.539794921875,457.1895751953125,370.9403076171875,220.25010681152344
2020-11-26,664.651123046875,459.7042236328125,376.24810791015625,222.47073364257807
2020-11-27,671.2666015625,457.8182678222656,379.8331909179688,221.38308715820312
2020-12-01,667.749267578125,469.1827087402344,373.6091918945313,224.82733154296875
2020-12-02,655.47314453125,464.6852722167969,361.3304443359375,223.830322265625
2020-12-03,641.6132202148438,466.0393371582031,362.684814453125,232.3049468994141
2020-12-04,645.5266723632812,485.5765075683594,367.7137756347656,238.83087158203125
2020-12-07,639.3070678710938,493.700927734375,362.59515380859375,244.3598022460937
2020-12-08,641.1940307617188,491.7181701660156,365.2341613769531,246.4444732666016
2020-12-09,655.5896606445312,494.7164306640625,375.1427307128906,245.0396270751953
2020-12-10,645.64306640625,490.3157653808594,379.0763549804688,244.314453125
2020-12-11,644.2222290039062,498.5368347167969,382.4820861816406,246.9429626464844
2020-12-14,639.2604370117188,508.5472106933594,386.25628662109375,248.5291442871093
2020-12-15,648.18212890625,501.0514831542969,388.60650634765625,245.3114624023437
2020-12-16,657.2202758789062,495.6352844238281,388.8853149414063,244.17852783203125
2020-12-17,671.7091674804688,493.6525268554688,391.45458984375,242.6376953125
2020-12-18,657.5230712890625,500.18109130859375,388.2480163574219,246.03659057617188
2020-12-21,639.4934692382812,478.2742614746094,382.5716857910156,230.8547515869141
2020-12-22,639.7030639648438,483.8839111328125,379.006591796875,233.3473052978516
2020-12-23,640.89111328125,487.07568359375,382.5517883300781,238.377685546875
2020-12-24,650.8842163085938,496.69915771484375,390.4886474609375,241.86724853515625
2020-12-28,658.2218627929688,503.0342102050781,396.12506103515625,249.4355316162109
2020-12-29,664.9072875976562,511.4487609863281,398.1964111328125,251.8827362060547
2020-12-30,667.3765258789062,511.400390625,401.9109497070313,250.97634887695312
2020-12-31,669.1468505859375,517.49365234375,397.4595336914063,249.20895385742188
2021-01-01,663.9057006835938,510.19140625,397.15081787109375,253.2423095703125
2021-01-04,659.689453125,514.253662109375,391.4744873046875,254.73782348632807
2021-01-05,664.6744384765625,519.6215209960938,390.3193359375,255.3723297119141
2021-01-06,661.8092651367188,528.7614135742188,392.4404602050781,258.36334228515625
2021-01-07,659.8059692382812,523.34521484375,388.8554992675781,260.7652893066406
2021-01-08,666.98046875,524.2640380859375,392.500244140625,259.22442626953125
2021-01-11,676.2048950195312,526.8270874023438,386.0173034667969,256.05206298828125
2021-01-12,689.9718017578125,530.018798828125,379.1062316894531,265.1158752441406
2021-01-13,685.14990234375,538.2398681640625,374.8539733886719,278.0770263671875
2021-01-14,684.2647705078125,535.1448364257812,376.9551696777344,278.4849548339844
2021-01-15,683.286376953125,525.182861328125,371.2291259765625,275.4032897949219
2021-01-18,690.9501953125,515.6560668945312,367.8532409667969,266.8833312988281
2021-01-19,700.6171875,528.5195922851562,375.8298950195313,270.6448059082031
2021-01-20,695.0965576171875,532.9203491210938,375.1527099609375,274.2249450683594
2021-01-21,687.0833740234375,534.5645751953125,370.0141906738281,267.245849609375
2021-01-22,672.5244750976562,516.2847290039062,364.0789489746094,257.1397399902344
2021-01-25,681.51611328125,520.395263671875,357.3869323730469,254.647201538086
2021-01-27,656.7078247070312,505.21038818359375,351.4716491699219,249.8433532714844
2021-01-28,638.9344482421875,510.9168395996094,343.1364440917969,255.91612243652344
2021-01-29,647.8094482421875,519.3796997070312,341.1646728515625,255.6894989013672
2021-02-01,687.9918212890625,583.98779296875,358.801025390625,281.61199951171875
2021-02-02,727.0328369140625,597.09326171875,370.7112426757813,301.9148864746094
2021-02-03,733.6715698242188,601.9290771484375,368.8988342285156,304.498046875
2021-02-04,735.6748046875,607.6839599609375,380.4904174804688,321.8552551269531
2021-02-05,744.2936401367188,593.998291015625,394.8902587890625,356.297607421875
2021-02-08,747.8577270507812,608.9412231445312,389.8014831542969,359.8778076171875
2021-02-09,750.9324340820312,612.5682373046875,388.2081604003906,357.8384094238281
2021-02-10,736.9095458984375,611.4075927734375,388.7857360839844,355.52716064453125
2021-02-11,732.5301513671875,609.9569091796875,390.5683288574219,353.623779296875
2021-02-12,737.0026245117188,626.3506469726562,388.5865478515625,356.3429260253906
2021-02-15,753.1454467773438,651.8361206054688,395.5375671386719,368.8509521484375
2021-02-16,757.8275756835938,636.7479248046875,402.2494812011719,364.6816101074219
2021-02-17,739.1223754882812,635.7807006835938,396.2346496582031,373.20159912109375
2021-02-18,724.12109375,623.4974975585938,387.4712219238281,376.32861328125
2021-02-19,717.0396118164062,603.5734252929688,386.1368408203125,362.1437377929688
2021-02-22,721.1858520507812,589.83935546875,388.2978210449219,353.03466796875
2021-02-23,712.4041137695312,596.0776977539062,373.0315246582031,358.5635681152344
2021-02-24,748.416748046875,620.0639038085938,380.6496887207031,368.216552734375
2021-02-25,748.3933715820312,607.393798828125,377.5228271484375,369.1228637695313
2021-02-26,714.8499755859375,578.1364135742188,354.588623046875,353.623779296875
2021-03-01,726.2640991210938,588.3885498046875,367.5444946289063,357.9744567871094
2021-03-02,730.5966796875,590.4679565429688,367.3951110839844,357.29461669921875
2021-03-03,739.285400390625,611.3591918945312,378.3194274902344,367.1288146972656
2021-03-04,723.07275390625,600.3817138671875,377.96099853515625,358.60888671875
2021-03-05,712.800048828125,589.4524536132812,382.90032958984375,347.7322998046875
2021-03-08,707.9082641601562,588.0984497070312,381.5758666992188,353.12530517578125
2021-03-09,727.9412231445312,604.5889282226562,394.1434020996094,351.3125305175781
2021-03-10,724.7965698242188,605.072509765625,391.1558837890625,351.40313720703125
2021-03-12,723.026123046875,592.7409057617188,385.4198303222656,345.4210510253906
2021-03-15,712.171142578125,583.6976928710938,382.133544921875,347.9589233398437
2021-03-16,704.4840698242188,575.4282836914062,379.0563659667969,343.1098022460937
2021-03-17,696.6571655273438,570.1571044921875,372.1153869628906,333.6834411621094
2021-03-18,694.6307373046875,559.6146850585938,364.5569763183594,332.73175048828125
2021-03-19,697.6588745117188,567.4005737304688,365.3038330078125,336.4026184082031
2021-03-22,684.4511108398438,554.6337280273438,363.0134582519531,332.64111328125
2021-03-23,698.8934326171875,567.1587524414062,361.0217590332031,337.8074951171875
2021-03-24,688.9468994140625,548.8789672851562,355.0068664550781,326.1605224609375
2021-03-25,681.7489624023438,552.7960205078125,351.1131591796875,321.94586181640625
2021-03-26,694.7704467773438,559.5663452148438,352.7363586425781,323.75860595703125
2021-03-30,723.8414306640625,572.0430908203125,354.76788330078125,327.02154541015625
2021-03-31,695.8651733398438,562.9998168945312,349.1413879394531,330.1938781738281
2021-04-01,692.650634765625,574.8963012695312,359.4084777832031,335.9493713378906
2021-04-05,675.3430786132812,552.5059814453125,350.376220703125,320.4503173828125
2021-04-06,670.987060546875,547.3314208984375,352.1886291503906,317.73114013671875
2021-04-07,674.2249145507812,558.6959228515625,356.908935546875,324.982177734375
2021-04-08,667.5162963867188,557.7770385742188,355.1661682128906,322.3083801269531
2021-04-09,662.3682250976562,547.6216430664062,358.3529052734375,319.9518127441406
2021-04-12,636.884521484375,520.8787841796875,347.0501403808594,298.0627746582031
2021-04-13,652.3983764648438,542.2053833007812,353.6923522949219,309.0752868652344
2021-04-15,666.2584838867188,556.3262939453125,353.1745300292969,310.6161193847656
2021-04-16,665.5828247070312,548.3470458984375,351.3521423339844,308.0782470703125
2021-04-19,658.01220703125,541.3831787109375,338.73486328125,300.1474304199219
2021-04-20,648.2286987304688,540.7545166015625,338.1273803710937,298.65191650390625
2021-04-22,662.7177734375,560.1950073242188,345.7654724121094,305.13250732421875
2021-04-23,658.8275146484375,551.24853515625,345.39703369140625,304.95123291015625
2021-04-26,654.4714965820312,571.70458984375,350.4657897949219,312.0663146972656
2021-04-27,670.2649536132812,579.1036376953125,348.6036071777344,319.99713134765625
2021-04-28,688.01513671875,600.9619750976562,360.7827453613281,329.378173828125
2021-04-29,686.0118408203125,601.0586547851562,359.4981384277344,325.7525939941406
2021-04-30,657.9657592773438,580.796142578125,348.30487060546875,320.4049987792969
2021-05-03,658.96728515625,577.169189453125,343.654296875,317.7764892578125
2021-05-04,646.807861328125,572.1398315429688,345.0883178710937,318.5922241210937
2021-05-05,653.4465942382812,583.0206298828125,352.6766052246094,322.12713623046875
2021-05-06,652.6546020507812,588.2435302734375,356.1620483398437,322.2630615234375
2021-05-07,659.107177734375,587.1795654296875,354.588623046875,324.71026611328125
2021-05-10,661.4830322265625,593.1278076171875,360.364501953125,327.8373107910156
2021-05-11,653.8892822265625,589.83935546875,349.6293334960937,330.5111389160156
2021-05-12,652.0023193359375,575.2348022460938,342.3397521972656,333.2756042480469
2021-05-14,646.1089477539062,577.7011108398438,339.909912109375,326.7043151855469
2021-05-17,670.987060546875,603.13818359375,347.37872314453125,347.2338562011719
2021-05-18,687.968505859375,612.4232177734375,349.55963134765625,346.46337890625
2021-05-19,679.3496704101562,604.9275512695312,344.6700134277344,348.412109375
2021-05-20,667.5162963867188,598.3021850585938,340.2186584472656,348.5480651855469
2021-05-21,697.5657958984375,621.36962890625,350.0675048828125,363.6392517089844
2021-05-24,703.4591064453125,626.1088256835938,349.93804931640625,373.4735107421875
2021-05-25,689.0167846679688,628.9620971679688,348.6434936523437,373.7453918457031
2021-05-26,688.131591796875,631.0899047851562,346.6816711425781,374.8330383300781
2021-05-27,690.7406005859375,630.84814453125,353.97119140625,385.3923950195313
2021-05-28,700.4307861328125,621.949951171875,358.65167236328125,382.5372619628906
2021-05-31,706.2078247070312,641.0036010742188,360.0358581542969,384.6219482421875
2021-06-01,704.2743530273438,628.7686157226562,357.9047546386719,392.0542602539063
2021-06-02,700.6871337890625,627.0760498046875,355.1363525390625,396.3142395019531
2021-06-03,708.3973999023438,628.9136962890625,361.3304443359375,402.1685791015625
2021-06-04,699.26611328125,621.6113891601562,360.7329406738281,396.6344299316406
2021-06-07,698.753662109375,626.9309692382812,361.4698791503906,395.3995056152344
2021-06-08,690.9268798828125,621.3212890625,357.2176513671875,390.780029296875
2021-06-09,689.645751953125,615.22802734375,355.09649658203125,385.5202026367188
2021-06-10,689.9951782226562,619.386962890625,358.41265869140625,395.3995056152344
2021-06-11,692.4642333984375,614.8411254882812,357.376953125,392.9754028320313
2021-06-14,689.2496337890625,614.3092651367188,352.1388244628906,393.6614685058594
2021-06-15,694.2811889648438,624.1261596679688,352.7065124511719,392.8839111328125
2021-06-16,691.6489868164062,619.0967407226562,350.655029296875,389.6365661621094
2021-06-17,683.0300903320312,612.2296752929688,351.740478515625,384.4225158691406
2021-06-18,689.412841796875,609.715087890625,350.6251525878906,377.6990966796875
2021-06-21,693.55908203125,610.5371704101562,352.935546875,383.9651489257813
2021-06-22,691.2762451171875,610.1502685546875,349.9579772949219,382.9589538574219
2021-06-23,692.0682983398438,604.2021484375,345.8949279785156,383.1418762207031
2021-06-24,701.7353515625,613.2452392578125,346.1339416503906,381.6325378417969
2021-06-25,705.8583374023438,627.7046508789062,345.5563659667969,392.24359130859375
2021-06-28,702.7137451171875,628.9620971679688,345.16796875,390.3683776855469
2021-06-29,702.807373046875,619.0967407226562,339.7506103515625,385.56591796875
2021-06-30,700.865478515625,610.1986083984375,339.7506103515625,383.4620361328125
2021-07-01,695.6484375,610.1502685546875,341.7920837402344,384.5597534179688
2021-07-02,692.67724609375,619.2418823242188,341.6028747558594,388.2187194824219
2021-07-05,699.7191162109375,626.5924072265625,344.77960205078125,395.7653503417969
2021-07-06,718.0841064453125,628.9620971679688,349.60943603515625,393.1126708984375
2021-07-07,720.330078125,632.5406494140625,350.89404296875,395.9483337402344
2021-07-08,711.4165649414062,620.8377075195312,345.0185852050781,388.2644958496094
2021-07-09,702.7838134765625,617.59765625,342.5788269042969,387.6241149902344
2021-07-12,695.765380859375,625.0449829101562,344.94891357421875,391.00872802734375
2021-07-13,702.7136840820312,643.1314086914062,347.9762878417969,392.5180358886719
2021-07-14,701.4503173828125,642.551025390625,348.1754150390625,394.3017578125
2021-07-15,711.5335083007812,645.5493774414062,348.5538330078125,394.8963928222656
2021-07-16,712.3056030273438,638.6339721679688,348.4442749023437,393.34130859375
2021-07-19,688.2789306640625,634.3783569335938,343.12652587890625,391.4202880859375
2021-07-20,675.2479858398438,620.8377075195312,339.11328125,385.0171203613281
2021-07-22,677.8449096679688,634.4266967773438,340.0194702148437,386.0690307617188
2021-07-23,675.0608520507812,654.4475708007812,343.1563720703125,392.3350524902344
2021-07-26,671.2242431640625,654.5441284179688,346.6717224121094,387.2124938964844
2021-07-27,673.6572875976562,655.22119140625,338.1771850585937,393.2955627441406
2021-07-28,663.1528930664062,662.5718383789062,329.1947021484375,389.2249755859375
2021-07-29,663.5973510742188,666.888427734375,326.9640197753906,403.9066162109375
2021-07-30,667.4341430664062,662.0382690429688,329.5830993652344,394.9878540039063
2021-08-02,665.6561889648438,660.9713134765625,331.634521484375,397.8235473632813
2021-08-03,671.2943115234375,669.7015380859375,335.7274169921875,408.43463134765625
2021-08-04,685.6119995117188,693.2244873046875,348.533935546875,417.9937744140625
2021-08-05,694.7593994140625,681.3902587890625,352.87579345703125,404.18109130859375
2021-08-06,698.4089965820312,676.7341918945312,353.96124267578125,398.5096130371094
2021-08-09,703.6729125976562,681.7781982421875,354.6981506347656,396.4514465332031
2021-08-10,705.4274291992188,679.88671875,361.1412048339844,390.0939636230469
2021-08-11,699.4852294921875,672.7570190429688,354.8144836425781,391.5575256347656
2021-08-12,702.5031127929688,680.3231811523438,356.22930908203125,390.73431396484375
2021-08-13,714.1069946289062,683.6697387695312,356.2890930175781,394.4389953613281
2021-08-16,716.1658325195312,681.5842895507812,355.1632385253906,388.63037109375
2021-08-17,708.7028198242188,680.1776733398438,356.3588562011719,385.56591796875
2021-08-18,707.9307250976562,667.6643676757812,348.6571655273437,383.91943359375
2021-08-20,708.7496337890625,660.2922973632812,339.4609680175781,372.0277099609375
2021-08-23,713.3583984375,662.2323608398438,342.1112365722656,374.5890197753906
2021-08-24,729.3838500976562,673.630126953125,339.73004150390625,381.99847412109375
2021-08-25,728.7054443359375,670.33203125,338.1956481933594,380.7635498046875
2021-08-26,727.4889526367188,677.8496704101562,338.25543212890625,375.7323913574219
2021-08-27,724.5177612304688,678.7711791992188,341.45367431640625,377.2874755859375
2021-08-30,733.7821655273438,692.2545166015625,345.8973388671875,386.6636657714844
2021-08-31,739.93505859375,697.4925537109375,349.4542236328125,389.7280578613281
2021-09-01,738.8588256835938,698.317138671875,348.04937744140625,393.2498474121094
2021-09-02,743.4910888671875,703.40966796875,353.9775695800781,393.1126708984375
2021-09-03,737.4317626953125,702.5851440429688,357.0563049316406,394.6219482421875
2021-09-06,732.5889892578125,699.5296020507812,353.60894775390625,394.3017578125
2021-09-07,734.2500610351562,695.4071044921875,351.6760559082031,392.5180358886719
2021-09-08,737.5955810546875,699.3355712890625,361.7390441894531,394.57623291015625
2021-09-09,733.9459228515625,698.6565551757812,362.2372131347656,395.4451904296875
2021-09-13,727.8399047851562,686.19189453125,366.6609497070313,395.9483337402344
2021-09-14,724.5645751953125,686.2402954101562,372.18060302734375,396.0855407714844
2021-09-15,723.7456665039062,692.9334716796875,372.96771240234375,406.0105285644531
2021-09-16,729.8985595703125,705.398193359375,379.96197509765625,424.1683044433594
2021-09-17,740.2860107421875,698.5595703125,400.1178283691406,415.38671875
2021-09-20,729.851806640625,688.7138671875,398.8226318359375,400.15618896484375
2021-09-21,726.1553955078125,690.5083618164062,400.7156066894531,401.3910827636719
2021-09-22,717.6162109375,682.2632446289062,395.6542053222656,401.4368286132813
2021-09-23,734.6010131835938,695.5040283203125,403.3160400390625,411.4533081054688
2021-09-24,749.3632202148438,701.2756958007812,404.133056640625,403.1748352050781
2021-09-27,760.3822021484375,708.1142578125,405.1792297363281,408.5260925292969
2021-09-28,755.6798095703125,695.6495361328125,412.1236877441406,406.9710388183594
2021-09-29,745.7603759765625,688.2288208007812,404.601318359375,420.7837524414063
2021-09-30,746.2750854492188,679.8381958007812,399.6296691894531,414.3804931640625
2021-10-01,740.543212890625,671.593017578125,397.2483825683594,413.1455993652344
2021-10-04,741.9703979492188,679.2077026367188,396.7302856445313,423.6651611328125
2021-10-05,746.5089111328125,676.2005615234375,395.0166015625,425.0830383300781
2021-10-06,755.6096801757812,668.8284912109375,389.7160949707031,418.2224426269531
2021-10-07,753.5509033203125,681.1477661132812,389.0585021972656,418.8627624511719
2021-10-08,749.8779296875,682.311767578125,385.8503112792969,418.9542236328125
2021-10-11,764.452880859375,691.9149169921875,393.6316528320313,429.2451477050781
2021-10-12,762.48779296875,687.3557739257812,397.5572509765625,441.8229064941406
2021-10-13,767.0731811523438,688.6653442382812,400.3967895507813,440.63372802734375
2021-10-14,789.5322875976562,705.4952392578125,402.0805969238281,448.7750244140625
2021-10-18,781.5313110351562,723.10107421875,400.8451843261719,455.4983825683594
2021-10-19,790.1405639648438,725.0411376953125,405.5777587890625,446.5796203613281
2021-10-20,783.1922607421875,723.4890747070312,401.6123352050781,457.2821044921875
2021-10-21,784.3386840820312,732.8497924804688,427.1782531738281,460.0721435546875
2021-10-22,786.4208374023438,736.5358276367188,432.6879577636719,460.0721435546875
2021-10-25,775.3082275390625,816.4654541015625,429.32037353515625,463.3194580078125
2021-10-26,773.3196411132812,804.5341796875,440.5689697265625,468.8536987304688
2021-10-27,768.6640625,809.96630859375,436.0456237792969,474.89105224609375
2021-10-28,745.6434326171875,774.7545776367188,418.1614379882813,458.6085510253906
2021-10-29,740.6134643554688,778.0042114257812,404.7408142089844,459.3403015136719
2021-11-01,751.1177978515625,779.7987060546875,413.7775268554688,471.7351684570313
2021-11-02,751.7962646484375,776.9371337890625,413.8074340820313,477.2236328125
2021-11-03,739.9584350585938,762.3869018554688,406.0161437988281,482.6663818359375
2021-11-04,745.8071899414062,758.6522827148438,409.891845703125,485.2276611328125
2021-11-08,748.7549438476562,756.7608032226562,422.2164916992188,478.6414794921875
2021-11-09,735.6537475585938,762.9688110351562,417.9023742675781,484.03851318359375
2021-11-10,727.699462890625,757.48828125,413.6878967285156,479.6934509277344
2021-11-11,724.4476318359375,748.321533203125,409.3139953613281,466.1551818847656
2021-11-12,726.646728515625,753.317138671875,413.41888427734375,467.7560119628906
2021-11-15,728.63525390625,750.1161499023438,417.9223327636719,463.3652038574219
2021-11-16,724.30712890625,741.1434326171875,415.0429382324219,452.8913879394531
2021-11-17,716.2593994140625,738.475830078125,409.1147155761719,455.6813354492188
2021-11-18,720.2833251953125,740.0279541015625,403.40576171875,460.84967041015625
2021-11-22,709.0302734375,729.4546508789062,389.6563415527344,444.9330139160156
2021-11-23,709.1239624023438,729.3091430664062,395.1261901855469,451.0160827636719
2021-11-24,710.293701171875,737.4088745117188,400.8052978515625,451.1075744628906
2021-11-25,713.9900512695312,728.5331420898438,405.5278930664063,448.729248046875
2021-11-26,697.122314453125,700.548095703125,391.4197998046875,430.3885498046875
2021-11-29,702.432861328125,696.862060546875,402.4393005371094,425.4489440917969
2021-11-30,698.8301391601562,692.9334716796875,390.9416198730469,421.2868347167969
2021-12-01,704.0238037109375,705.8832397460938,389.2378845214844,434.779296875
2021-12-02,713.896484375,700.7421264648438,391.4098510742188,436.33441162109375
2021-12-03,708.1881713867188,694.824951171875,381.43658447265625,432.8126220703125
2021-12-06,703.626220703125,688.27734375,375.6578369140625,425.63189697265625
2021-12-07,713.8731079101562,712.6248779296875,386.0097351074219,436.0600280761719
2021-12-08,727.0211181640625,730.8128051757812,382.6819458007813,449.64398193359375
2021-12-09,714.4111938476562,732.3648071289062,381.8649597167969,446.9911804199219
2021-12-10,712.399169921875,735.2748413085938,377.9593505859375,452.52545166015625
2021-12-13,707.0651245117188,731.3946533203125,373.2467041015625,446.2136840820313
2021-12-14,702.9944458007812,735.9053344726562,366.7306518554688,446.8997802734375
2021-12-15,701.8480834960938,729.6971435546875,372.1108703613281,443.4694213867188
2021-12-16,701.8948974609375,718.9299926757812,370.7857055664063,440.130615234375
2021-12-17,689.23828125,706.4651489257812,357.4448547363281,427.9187622070313
2021-12-20,667.0598754882812,688.6653442382812,347.22247314453125,410.9044494628906
2021-12-21,674.6163330078125,698.7535400390625,346.0367736816406,407.9772644042969
2021-12-22,676.2072143554688,710.8302612304688,351.1878662109375,416.987548828125
2021-12-23,675.6925048828125,709.3753051757812,353.81817626953125,422.4302673339844
2021-12-24,673.2594604492188,705.3012084960938,348.39813232421875,417.9937744140625
2021-12-27,678.8275756835938,713.9343872070312,353.3897399902344,418.99993896484375
2021-12-28,683.5064697265625,713.7403564453125,353.6786804199219,421.8814392089844
2021-12-29,680.2545166015625,713.6433715820312,351.5465393066406,415.6611633300781
2021-12-30,683.8340454101562,713.6433715820312,349.7630920410156,413.19134521484375
2021-12-31,692.2094116210938,717.9599609375,357.9031677246094,421.19537353515625
2022-01-03,711.0422973632812,741.77392578125,363.5523681640625,430.6629638671875
2022-01-04,715.2066650390625,749.6796264648438,369.1617126464844,442.2803039550781
2022-01-05,732.1912841796875,764.4239501953125,383.0207214355469,450.4215087890625
2022-01-06,720.4470825195312,761.5137939453125,376.992919921875,449.7812194824219
2022-01-07,725.5003662109375,769.468017578125,379.4538879394531,449.36956787109375
2022-01-10,729.5242919921875,786.4432983398438,388.1618041992188,460.71240234375
2022-01-11,732.6826171875,786.3463745117188,385.9399719238281,462.8163757324219
2022-01-12,728.3545532226562,799.0535888671875,389.885498046875,466.7497863769531
2022-01-13,714.9492797851562,799.9751586914062,383.857666015625,467.7560119628906
2022-01-14,722.9736938476562,795.416015625,386.218994140625,465.0117492675781
2022-01-17,711.9078979492188,794.7369995117188,386.0695190429688,470.1800842285156
2022-01-18,715.5341186523438,798.4230346679688,387.0060424804688,463.5938415527344
2022-01-19,710.4808349609375,784.3577880859375,379.7328186035156,471.82659912109375
2022-01-20,706.05908203125,785.9583129882812,377.1323852539063,467.8017272949219
2022-01-21,711.9546508789062,780.3806762695312,377.3615417480469,459.8434448242188
2022-01-24,695.6016235351562,774.5121459960938,364.8376159667969,452.0223083496094
2022-01-25,696.2567138671875,777.6162109375,369.5701904296875,470.7747192382813
2022-01-27,690.127197265625,770.8259887695312,376.46490478515625,483.8555603027344
2022-01-28,684.6527709960938,757.7307739257812,378.2682189941406,478.824462890625
2022-01-31,695.1571044921875,765.1513671875,370.0883483886719,492.4083557128906
2022-02-01,700.4443359375,786.0068359375,375.0799255371094,486.9198913574219
2022-02-02,716.4464721679688,789.3533935546875,387.09576416015625,493.7805786132813
2022-02-03,709.0302734375,784.6973266601562,380.4103393554688,494.0549621582031
2022-02-04,713.07763671875,780.9142456054688,375.4585876464844,485.0903930664063
2022-02-07,686.945556640625,762.8234252929688,364.3494262695313,487.78900146484375
2022-02-08,683.9977416992188,768.7405395507812,362.2272338867188,486.0508728027344
2022-02-09,700.72509765625,778.7316284179688,365.6546325683594,489.618408203125
2022-02-10,713.59228515625,781.3507690429688,372.0710144042969,494.466552734375
2022-02-11,710.6680297851562,767.0914306640625,364.3095397949219,484.45013427734375
2022-02-14,689.5423583984375,731.103759765625,348.0892639160156,458.65423583984375
2022-02-15,710.1766967773438,752.7836303710938,361.2906799316406,480.059326171875
2022-02-16,709.2174682617188,741.1434326171875,364.6682739257813,472.64990234375
2022-02-17,704.8894653320312,727.8541259765625,362.1275634765625,469.2196350097656
2022-02-18,707.6266479492188,726.4476928710938,363.9708251953125,471.3692321777344
2022-02-21,712.1886596679688,731.8311767578125,364.0804443359375,468.21337890625
2022-02-22,706.8546142578125,728.7756958007812,366.9996948242188,455.9100036621094
2022-02-23,702.2691650390625,722.2765502929688,375.837158203125,456.1844482421875
2022-02-24,664.135498046875,686.19189453125,357.6540832519531,432.3552856445313
2022-02-25,681.307373046875,708.1627807617188,369.9786987304688,441.7771911621094
2022-02-28,667.3405151367188,720.4334716796875,367.1989135742188,442.0058898925781
2022-03-02,643.009765625,693.41845703125,359.8758850097656,433.81884765625
2022-03-03,641.4891357421875,677.3646850585938,357.1360168457031,427.5528564453125
2022-03-04,639.3836059570312,667.421875,349.1453857421875,422.5674743652344
2022-03-07,619.8722534179688,634.1502075195312,341.1249084472656,402.7632141113281
2022-03-08,621.2759399414062,645.0629272460938,343.3566589355469,402.7632141113281
2022-03-09,641.559326171875,647.4395751953125,346.544921875,413.19134521484375
2022-03-10,651.6425170898438,656.3151245117188,349.583740234375,428.7420349121094
2022-03-11,653.5609130859375,657.5762329101562,351.3074035644531,430.2513732910156
2022-03-14,674.9673461914062,675.2791137695312,356.43853759765625,443.7895812988281
2022-03-15,666.287841796875,676.4430541992188,345.4788818359375,444.4299621582031
2022-03-16,677.5874633789062,686.7738037109375,350.80926513671875,450.74169921875
2022-03-17,692.5135498046875,698.510986328125,362.6656494140625,459.1116638183594
2022-03-21,695.5313720703125,689.44140625,354.1170959472656,448.7750244140625
2022-03-22,699.1109008789062,696.6680908203125,360.2445373535156,451.6107177734375
2022-03-23,692.1392211914062,696.7650146484375,352.6524963378906,448.82073974609375
2022-03-24,675.0140380859375,683.0878295898438,341.5732421875,445.5733642578125
2022-03-25,669.5162963867188,678.2861938476562,343.18731689453125,448.8664855957031
2022-03-28,670.4053344726562,689.0533447265625,343.775146484375,455.0867309570313
2022-03-29,679.2954711914062,693.85498046875,344.7315979003906,452.7998962402344
2022-03-30,691.06298828125,708.9873046875,351.32733154296875,452.1595458984375
2022-03-31,687.9749145507812,708.4052734375,349.484130859375,451.4734802246094
2022-04-01,704.6554565429688,714.1768798828125,354.0273742675781,464.8745727539063
2022-04-04,775.2146606445312,724.216552734375,365.8638305664063,468.7165222167969
2022-04-05,752.4981689453125,719.5604248046875,359.1186828613281,465.9722290039063
2022-04-06,725.640625,719.366455078125,354.575439453125,470.1343688964844
2022-04-07,709.6853637695312,726.1080322265625,351.9949035644531,471.049072265625
2022-04-08,708.7028198242188,731.6857299804688,355.5916442871094,472.1010437011719
2022-04-11,700.0466918945312,736.8267822265625,355.3824462890625,471.00335693359375
2022-04-12,698.8067016601562,740.9494018554688,359.0489196777344,469.1280822753906
2022-04-13,685.4482421875,739.3974609375,354.6152648925781,473.5646362304688
2022-04-18,652.92919921875,735.080810546875,348.796630859375,466.0636901855469
2022-04-19,628.0137329101562,743.325927734375,340.24810791015625,468.1676330566406
2022-04-20,633.67529296875,732.8982543945312,342.9979858398437,465.8807373046875
2022-04-21,643.0565795898438,739.494384765625,350.8789978027344,472.2839660644531
2022-04-22,634.2835693359375,725.235107421875,344.2832336425781,457.9224548339844
2022-04-25,639.03271484375,729.648681640625,344.5024108886719,452.5711975097656
2022-04-26,641.9804077148438,731.1522216796875,347.2622985839844,462.4047546386719
2022-04-27,642.2144165039062,714.6133422851562,347.0231628417969,454.8580627441406
2022-04-28,641.6528930664062,724.7501831054688,351.8354797363281,464.2341918945313
2022-04-29,647.8526000976562,721.0155639648438,356.8370666503906,453.9890441894531
2022-05-02,656.7894897460938,718.784423828125,353.5691223144531,449.140869140625
2022-05-04,634.470703125,702.5366821289062,353.81817626953125,438.7584838867188
2022-05-05,633.0435180664062,706.9502563476562,358.2020263671875,439.0786743164063
2022-05-06,616.5033569335938,697.6865844726562,353.7583923339844,442.69189453125
2022-05-09,617.55615234375,689.0533447265625,352.2041320800781,435.32818603515625
2022-05-10,627.4755859375,689.974853515625,358.1123962402344,434.6878967285156
2022-05-11,631.0082397460938,692.7879638671875,360.6629638671875,435.9227600097656
2022-05-12,616.784423828125,674.9395751953125,350.88897705078125,423.2077941894531
2022-05-13,611.2462768554688,657.042724609375,354.60528564453125,406.7423400878906
2022-05-16,617.7546997070312,662.5233764648438,361.2408447265625,416.2099609375
2022-05-17,621.9674682617188,688.7138671875,366.7107543945313,427.46136474609375
2022-05-18,621.9201049804688,686.1432495117188,368.0059509277344,418.9542236328125
2022-05-19,609.2109375,669.6044921875,355.3724365234375,409.3493957519531
2022-05-20,625.257080078125,688.27734375,364.4889526367188,422.9791259765625
2022-05-23,617.2340087890625,689.732421875,369.50048828125,421.6070251464844
2022-05-24,624.3104858398438,686.9193115234375,375.13970947265625,422.658935546875
2022-05-25,628.9728393554688,691.96337890625,380.1114807128906,421.8692932128906
2022-05-26,646.912353515625,706.6591796875,380.3306274414063,435.6188049316406
2022-05-27,658.9115600585938,717.6204833984375,387.8130798339844,435.665283203125
2022-05-30,663.408203125,726.0596313476562,379.24462890625,440.9142761230469
2022-05-31,657.4441528320312,730.2791137695312,368.0159301757813,434.8756103515625
2022-06-01,660.2368774414062,730.085205078125,371.6525573730469,435.0614013671875
2022-06-02,655.6218872070312,727.2721557617188,370.16802978515625,436.50140380859375
2022-06-03,653.349853515625,721.9854736328125,370.3673095703125,431.5311279296875
2022-06-06,652.47412109375,724.362060546875,372.4894409179688,430.7879638671875
2022-06-07,644.9717407226562,713.2068481445312,370.26763916015625,430.50921630859375
2022-06-08,647.2438354492188,707.6292724609375,367.7469177246094,437.8484802246094
2022-06-09,652.1190795898438,710.7817993164062,371.6725158691406,433.8072509765625
2022-06-10,639.5282592773438,698.4140625,357.0462951660156,429.0692138671875
2022-06-13,627.9315185546875,667.3734741210938,346.1962280273437,414.204833984375
2022-06-14,621.020751953125,664.9483642578125,346.6645202636719,416.2951354980469
2022-06-15,618.8670043945312,666.6459350585938,346.0567321777344,419.3144836425781
2022-06-16,606.4892578125,658.1582641601562,333.93133544921875,410.2565002441406
2022-06-17,610.489013671875,666.2579345703125,333.4929504394531,409.6990966796875
2022-06-20,625.8251953125,665.3848876953125,334.6088562011719,403.8462219238281
2022-06-21,632.6412353515625,675.2305297851562,335.067138671875,418.757080078125
2022-06-22,629.6591796875,666.015380859375,332.7158203125,415.8770751953125
2022-06-23,631.9785766601562,678.189208984375,335.5852966308594,419.3609313964844
2022-06-24,640.806396484375,692.0604248046875,338.4347839355469,422.0086669921875
2022-06-27,641.966064453125,695.8435668945312,337.06982421875,428.4653625488281
2022-06-28,637.0669555664062,689.0048828125,332.5364685058594,431.2988586425781
2022-06-29,636.1438598632812,681.6812133789062,327.2857971191406,426.514404296875
2022-06-30,638.0609741210938,685.9978637695312,331.00213623046875,432.831787109375
2022-07-01,640.7826538085938,682.7967529296875,332.3272705078125,433.7143249511719
2022-07-04,641.6819458007812,698.510986328125,332.9549255371094,439.8459167480469
2022-07-05,640.2383422851562,697.8805541992188,331.3906555175781,438.63812255859375
2022-07-06,649.0660400390625,704.1857299804688,339.6503295898437,445.8845520019531
2022-07-07,660.6866455078125,719.7545166015625,346.4253845214844,452.2018737792969
2022-07-08,661.3018798828125,733.0437622070312,347.6708374023437,453.8741149902344
2022-07-11,665.5856323242188,746.4300537109375,346.973388671875,453.5490112304688
2022-07-12,658.793212890625,737.1178588867188,342.5297241210937,450.5296325683594
2022-07-13,642.7233276367188,730.6187133789062,347.1327819824219,451.9696350097656
2022-07-14,639.504638671875,729.8426513671875,352.7122497558594,445.3271179199219
2022-07-15,644.71142578125,728.6787109375,356.22930908203125,445.0948791503906
2022-07-18,637.8480224609375,748.8551635742188,367.77685546875,455.4999084472656
2022-07-19,638.0846557617188,757.2457885742188,365.6446533203125,462.6069641113281
2022-07-20,646.1314086914062,759.6222534179688,364.2099304199219,472.5010681152344
2022-07-21,644.0960693359375,762.4353637695312,358.78985595703125,475.7061767578125
2022-07-22,659.12451171875,776.0640869140625,364.0804443359375,477.2390441894531
2022-07-25,661.065185546875,776.888671875,357.7935485839844,481.0480346679688
2022-07-26,659.7161865234375,772.426513671875,351.0284729003906,477.7035827636719
2022-07-27,664.7572021484375,776.5006713867188,349.533935546875,490.70989990234375
2022-07-28,670.6503295898438,790.1779174804688,364.359375,494.6582336425781
2022-07-29,678.8626708984375,794.0579223632812,360.7427062988281,490.8492126464844
2022-08-01,684.5192260742188,798.714111328125,369.7893981933594,495.865966796875
2022-08-02,676.9931640625,793.2334594726562,375.5382995605469,503.6232299804688
2022-08-03,678.5787963867188,800.0720825195312,368.8628234863281,502.46197509765625
2022-08-04,677.7741088867188,795.6585693359375,365.7641906738281,495.4014892578125
2022-08-05,675.4783935546875,813.0703735351562,365.4354553222656,493.3575439453125
2022-08-08,692.0452880859375,816.7297973632812,367.5476684570313,483.4635314941406
2022-08-10,694.0569458007812,828.2447509765625,364.32952880859375,478.1680908203125
2022-08-11,703.2396240234375,838.93017578125,369.56341552734375,487.5047912597656
2022-08-12,702.9793701171875,853.2750244140625,367.1109313964844,493.032470703125
2022-08-16,711.0261840820312,858.0078735351562,368.1378173828125,488.61956787109375
2022-08-17,714.694580078125,861.9111938476562,366.8118896484375,490.6634826660156
2022-08-18,715.5465087890625,863.7164916992188,379.7321166992188,494.5653076171875
2022-08-19,706.7188110351562,849.3717041015625,374.2489929199219,483.4170227050781
2022-08-22,695.9739990234375,831.6600952148438,365.28656005859375,475.0093688964844
2022-08-23,693.8202514648438,843.0287475585938,370.0120239257813,484.8570861816406
2022-08-24,697.1572875976562,852.2015991210938,372.3747253417969,482.4415588378906
2022-08-25,693.37060546875,851.2745361328125,372.6040649414063,483.4635314941406
2022-08-26,693.4889526367188,849.8107299804688,379.2436828613281,486.6221923828125
2022-08-29,681.3240966796875,835.1731567382812,368.8655395507813,478.3074035644531
2022-08-30,703.4290771484375,865.8633422851562,381.9154052734375,493.54339599609375
2022-09-01,696.8259887695312,853.2261352539062,379.4031677246094,495.4478759765625
2022-09-02,703.1450805664062,851.3233642578125,382.5933227539063,498.6065673828125
2022-09-05,707.6654663085938,861.1305541992188,386.3916320800781,500.6504211425781
2022-09-06,704.9674072265625,862.301513671875,381.9653015136719,499.6284790039063
2022-09-07,701.63037109375,855.0315551757812,380.4798278808594,495.0298156738281
2022-09-08,708.8724365234375,877.0855102539062,384.8264770507813,505.9923095703125
2022-09-09,709.3457641601562,879.476318359375,384.0887451171875,514.0748291015625
2022-09-12,706.9555053710938,885.2825927734375,383.62017822265625,515.5148315429688
2022-09-13,716.2092895507812,888.0149536132812,383.5005493164063,518.394775390625
2022-09-14,723.5696411132812,895.9192504882812,389.7413635253906,531.1688232421875
2022-09-15,719.8065795898438,895.4312744140625,385.6439208984375,531.5404663085938
2022-09-16,706.5767211914062,887.1366577148438,384.8762817382813,521.925048828125
2022-09-19,711.2391967773438,877.475830078125,384.7168273925781,531.63330078125
2022-09-20,719.8065795898438,894.6018676757812,386.7605285644531,533.3055419921875
2022-09-21,718.6941528320312,893.1380615234375,382.5235595703125,529.264404296875
2022-09-22,703.3817749023438,881.574462890625,377.3893432617188,527.03466796875
2022-09-23,684.5192260742188,860.9353637695312,371.3977966308594,511.5199279785156
2022-09-26,675.2890625,840.2474975585938,364.6784057617188,504.7381286621094
2022-09-27,669.2303466796875,831.952880859375,358.7566223144531,498.4207763671875
2022-09-28,657.728271484375,828.9765625,357.4207458496094,487.5976867675781
2022-09-29,654.3201293945312,823.5118408203125,351.9775085449219,484.7176818847656
2022-09-30,672.7803344726562,841.174560546875,362.7244262695313,492.93951416015625
2022-10-03,668.922607421875,827.8543701171875,355.6861267089844,482.8596496582031
2022-10-04,687.7616577148438,846.6880493164062,363.3325805664063,494.8905029296875
2022-10-06,680.1881103515625,864.05810546875,362.6646423339844,499.1639709472656
2022-10-07,677.25341796875,861.2280883789062,363.9606628417969,492.5679321289063
2022-10-10,669.774658203125,860.4474487304688,360.5411376953125,493.0788879394531
2022-10-11,662.9822387695312,849.5667724609375,356.4836120605469,489.9667053222656
2022-10-12,667.3133544921875,847.3711547851562,360.9299621582031,495.9124145507813
2022-10-13,659.6452026367188,832.9774780273438,359.1953125,484.43896484375
2022-10-14,681.1348266601562,849.225341796875,365.6753540039063,489.7808837890625
2022-10-17,684.70849609375,863.8140869140625,370.4905700683594,505.0632629394531
2022-10-18,683.4304809570312,875.2315063476562,370.7996215820313,522.5289306640625
2022-10-19,690.4358520507812,870.54736328125,372.72369384765625,514.121337890625
2022-10-20,685.7735595703125,867.1807861328125,371.5672302246094,515.9793090820312
2022-10-21,680.9454345703125,885.2338256835938,379.3632507324219,521.0425415039062
2022-10-24,691.5719604492188,903.9210815429688,377.9974670410156,530.007568359375
2022-10-25,686.7675170898438,902.7013549804688,368.1876831054688,537.4862060546875
2022-10-27,688.4241943359375,902.0670776367188,371.8563537597656,538.5081176757812
2022-10-28,690.4596557617188,885.9168090820312,375.694580078125,530.2398071289062
2022-10-31,708.4464721679688,886.746337890625,379.22369384765625,533.0733032226562
2022-11-01,716.2802124023438,886.6487426757812,380.6692810058594,535.953369140625
2022-11-02,716.7297973632812,882.843017578125,380.81878662109375,533.1197509765625
2022-11-03,713.5822143554688,886.6975708007812,378.8648071289063,543.3855590820312
2022-11-04,708.6594848632812,883.4284057617188,378.8249206542969,551.7931518554688
2022-11-07,714.1739501953125,895.333740234375,375.3655395507813,570.5593872070312
2022-11-09,713.9608154296875,888.5028686523438,377.5189514160156,571.8599853515625
2022-11-10,721.7236328125,888.697998046875,381.2574157714844,562.755615234375
2022-11-11,762.6201171875,884.6482543945312,378.6554565429688,558.6214599609375
2022-11-14,764.4661254882812,873.3285522460938,383.38092041015625,550.4925537109375
2022-11-15,766.3358154296875,889.673828125,381.3073120117188,558.203369140625
2022-11-16,772.915283203125,891.5279541015625,391.9744873046875,557.1814575195312
2022-11-17,765.9335327148438,897.5781860351562,388.9138793945313,556.5311279296875
2022-11-18,763.9218139648438,898.1148681640625,390.7084045410156,559.922119140625
2022-11-21,756.0880737304688,899.1395263671875,387.62786865234375,555.6485595703125
2022-11-22,754.9757080078125,901.3839721679688,386.7605285644531,556.57763671875
2022-11-23,756.9401245117188,905.0433959960938,389.4721984863281,564.5208129882812
2022-11-24,769.246826171875,916.16796875,387.77740478515625,566.10009765625
2022-11-25,765.6968383789062,907.824462890625,384.4974670410156,564.28857421875
2022-11-28,757.4607543945312,914.7529907226562,384.4476623535156,565.4033203125
2022-11-29,756.3246459960938,923.8770751953124,383.92919921875,565.3568725585938
2022-11-30,761.3419799804688,929.8785400390624,388.2160339355469,559.6898193359375
2022-12-01,766.5724487304688,917.4853515625,385.6738586425781,564.9388427734375
2022-12-02,760.703125,908.1171875,384.9760437011719,564.4277954101562
2022-12-05,763.4721069335938,911.0447387695312,386.5013122558594,573.4859008789062
2022-12-06,762.6201171875,900.359375,385.86328125,565.728515625
2022-12-07,762.2887573242188,899.8714599609375,381.1178894042969,563.9633178710938
2022-12-08,766.5724487304688,909.3858642578124,378.23675537109375,568.23681640625
2022-12-09,772.03955078125,907.4341430664062,376.45220947265625,572.7426147460938
2022-12-12,778.0509643554688,907.824462890625,372.0058898925781,569.5374755859375
2022-12-13,780.2047119140625,910.4105224609376,372.5542297363281,572.9749145507812
2022-12-14,786.8077392578125,899.4810791015625,373.4913330078125,581.1038208007812
2022-12-15,772.3946533203125,886.8439331054688,371.49749755859375,572.2316284179688
2022-12-16,776.1102905273438,880.208251953125,366.9813232421875,560.5259399414062
2022-12-19,778.5242919921875,884.5507202148438,370.4905700683594,561.5479125976562
2022-12-20,773.1519165039062,887.7222290039062,368.287353515625,561.5479125976562
2022-12-21,765.6732177734375,870.6937866210938,361.8072814941406,551.2822265625
2022-12-22,763.046142578125,869.1324462890625,364.0902404785156,551.2822265625
2022-12-23,756.2300415039062,857.6663208007812,363.2727661132813,533.2590942382812
2022-12-26,771.2821655273438,871.620849609375,361.597900390625,554.719482421875
2022-12-27,772.0631713867188,878.8908081054688,363.0633850097656,559.1788940429688
2022-12-28,771.4478759765625,877.2318725585938,362.9039001464844,558.3892211914062
2022-12-29,776.891357421875,886.112060546875,362.6347351074219,568.376220703125
2022-12-30,770.6668701171875,869.3275146484375,364.32952880859375,570.1412963867188
2023-01-02,770.92724609375,880.6473999023438,363.890869140625,568.747802734375
2023-01-03,775.96826171875,879.5739135742188,365.4460754394531,568.9336547851562
2023-01-04,762.0994873046875,877.3782958984375,363.0335083007813,562.24462890625
2023-01-05,757.2003784179688,857.9102783203125,362.9437561035156,562.1516723632812
2023-01-06,754.6917114257812,849.078857421875,356.2643127441406,558.0176391601562
2023-01-09,756.1591186523438,852.2503662109375,361.2689208984375,564.5672607421875
2023-01-10,742.3375854492188,840.540283203125,358.0089416503906,552.907958984375
2023-01-11,753.0349731445312,845.3706665039062,359.2650756835937,554.3479614257812
2023-01-12,757.058349609375,839.8572387695312,354.80877685546875,552.67578125
2023-01-13,757.6500854492188,852.3479614257812,354.96832275390625,557.506591796875
2023-01-16,750.38427734375,844.3461303710938,355.86553955078125,560.2008056640625
2023-01-17,761.5551147460938,844.24853515625,358.4276428222656,550.8641357421875
2023-01-18,774.9979248046875,848.493408203125,358.716796875,549.4706420898438
2023-01-19,778.216552734375,845.224365234375,352.37628173828125,547.9840698242188
2023-01-20,786.1924438476562,849.3228149414062,351.4989624023437,550.1673583984375
2023-01-23,791.9434204101562,850.6402587890625,355.6561889648437,557.831787109375
2023-01-24,802.5462646484375,849.7131958007812,350.9705810546875,552.1647338867188
2023-01-25,780.3703002929688,834.6364135742188,348.8869934082031,528.3353271484375
2023-01-27,764.8211669921875,797.4569091796875,341.5694885253906,501.6259460449219
2023-01-30,764.0401000976562,803.604736328125,344.1914367675781,500.0000915527344
2023-01-31,758.9990844726562,811.8017578125,345.1385498046875,514.2142333984375
2023-02-01,770.3828735351562,827.4640502929688,347.8701171875,489.9201965332031
2023-02-02,758.9281005859375,837.1736450195312,351.2696838378906,490.616943359375
2023-02-03,785.1747436523438,842.9310302734375,354.96832275390625,505.5742492675781
2023-02-06,781.8377075195312,833.0751342773438,348.3287353515625,506.6891784667969
2023-02-07,782.997314453125,832.1480712890625,353.9913024902344,508.2683715820313
2023-02-08,782.9026489257812,838.3446044921875,352.01739501953125,510.7302856445313
2023-02-09,781.2697143554688,840.0035400390625,353.0940856933594,511.7057495117188
2023-02-10,784.3700561523438,833.221435546875,353.3233642578125,513.7960815429688
2023-02-13,784.961669921875,830.0987548828125,353.6723022460937,499.3497619628906
2023-02-14,792.2274780273438,844.3948974609375,352.98443603515625,502.46197509765625
2023-02-15,790.6181640625,849.761962890625,356.0050964355469,503.7626647949219
2023-02-16,787.75439453125,848.4446411132812,356.4936218261719,501.7652893066406
2023-02-17,783.8020629882812,841.8088989257812,350.77117919921875,493.3111572265625
2023-02-20,776.4415893554688,831.5137329101562,346.3946533203125,487.87640380859375
2023-02-21,779.3526611328125,833.5631103515625,344.97900390625,486.2970275878906
2023-02-22,764.0638427734375,818.9741821289062,339.06719970703125,479.700927734375
2023-02-23,758.8807373046875,819.462158203125,340.38311767578125,484.02093505859375
2023-02-24,752.1119384765625,819.413330078125,338.4192199707031,484.0673522949219
2023-02-27,753.9817504882812,835.7098999023438,344.13165283203125,490.2454528808594
2023-02-28,757.1530151367188,834.1973266601562,344.78961181640625,485.6931762695313
2023-03-01,756.4193725585938,835.6123046875,347.9100341796875,498.6065673828125
2023-03-02,749.98193359375,833.3678588867188,343.28424072265625,495.865966796875
2023-03-03,764.8684692382812,847.5663452148438,349.12628173828125,521.36767578125
2023-03-06,770.2645874023438,846.7857055664062,349.12628173828125,521.8322143554688
2023-03-08,771.8028564453125,851.030517578125,346.972900390625,524.7120971679688
2023-03-09,771.8739013671875,835.270751953125,342.28729248046875,519.23095703125
2023-03-10,751.9700317382812,822.2921142578125,338.8179626464844,508.5007019042969
2023-03-13,742.4559326171875,808.3864135742188,333.7535400390625,492.3821411132813
2023-03-14,740.4678344726562,810.2891845703125,328.6392517089844,488.108642578125
2023-03-15,729.8413696289062,805.94677734375,332.1684265136719,480.8157958984375
2023-03-16,734.5747680664062,803.9951171875,331.6898803710937,487.27252197265625
2023-03-17,744.3965454101562,816.0466918945312,337.5817565917969,492.1963195800781
2023-03-20,739.2371826171875,816.2418823242188,338.88775634765625,482.3486633300781
2023-03-21,747.6151733398438,831.8065185546875,340.3233642578125,484.8105773925781
2023-03-22,745.8875732421875,839.4180908203125,339.984375,484.5318603515625
2023-03-23,739.89990234375,834.7828369140625,334.90997314453125,476.35650634765625
2023-03-24,738.7164916992188,831.8065185546875,337.392333984375,469.4817199707031
2023-03-27,741.9352416992188,828.1959228515625,339.9943542480469,473.9410095214844
2023-03-28,747.9702758789062,834.0997314453125,338.7381896972656,472.0364990234375
2023-03-29,751.5676879882812,830.4403686523438,343.15460205078125,479.84033203125
2023-03-31,761.86279296875,856.05615234375,345.50738525390625,486.5757446289063
2023-04-03,762.3361206054688,862.4479370117188,348.0695495605469,489.3627624511719
2023-04-05,782.7843627929688,863.2285766601562,349.30572509765625,485.8789978027344
2023-04-06,788.7484130859375,853.8605346679688,350.3425598144531,490.1989440917969
2023-04-10,785.0090942382812,847.46875,350.7811584472656,488.9447326660156
2023-04-11,787.3047485351562,860.5938110351562,368.1676940917969,494.3330993652344
2023-04-12,797.52880859375,868.64453125,367.67919921875,490.70989990234375
2023-04-13,801.1024780273438,877.2806396484375,372.7536010742188,495.1227722167969
2023-04-17,788.8904418945312,879.5250854492188,377.8678894042969,505.3884582519531
2023-04-18,785.5534057617188,875.1826171875,376.5020751953125,507.1071166992188
2023-04-19,788.4407348632812,870.352294921875,375.8241882324219,501.9510803222656
2023-04-20,791.3754272460938,872.7918701171875,375.6447143554688,506.1316528320313
2023-04-21,792.6535034179688,864.2532348632812,377.5688171386719,504.5988159179688
2023-04-24,799.0671997070312,882.8917846679688,378.2865905761719,515.2361450195312
2023-04-25,787.7070922851562,891.381591796875,376.7014465332031,521.925048828125
2023-04-26,791.328125,892.8453979492188,374.5680236816406,526.152099609375
2023-04-27,795.6828002929688,896.1632080078125,380.5496215820313,524.6657104492188
2023-04-28,798.8069458007812,895.4801635742188,386.4215393066406,537.25390625
2023-05-02,798.6412353515625,899.8225708007812,383.0519409179688,534.466796875
2023-05-03,801.4339599609375,900.5545043945312,385.0059509277344,530.007568359375
2023-05-04,817.8351440429688,899.4323120117188,388.3257141113281,538.8333129882812
2023-05-05,769.4835815429688,904.555419921875,384.5573120117188,535.5817260742188
2023-05-08,778.38232421875,915.2409057617188,390.56878662109375,542.177734375
2023-05-09,778.4059448242188,911.8255004882812,389.66162109375,532.7945556640625
2023-05-10,782.0033569335938,913.435546875,390.5388793945313,531.5869750976562
2023-05-11,782.5240478515625,916.5094604492188,390.3893432617188,532.7482299804688
2023-05-12,789.434814453125,921.095947265625,390.917724609375,537.1146240234375
2023-05-15,793.2214965820312,922.9012451171876,393.39013671875,540.598388671875
2023-05-16,788.6732177734375,923.4867553710938,388.2160339355469,544.6860961914062
2023-05-17,784.4361572265625,916.6558837890624,380.6592712402344,544.6860961914062
2023-05-18,787.572021484375,923.6331176757812,384.298095703125,533.4448852539062
2023-05-19,788.481689453125,931.24462890625,387.1393432617188,534.3275146484375
2023-05-22,785.6809692382812,927.3900756835938,386.8502807617188,536.1856079101562
2023-05-23,783.8375854492188,930.366455078125,383.1217041015625,540.3197021484375
2023-05-24,773.592041015625,917.9244995117188,380.8985595703125,541.341552734375
2023-05-25,770.6237182617188,917.1437377929688,384.8065185546875,539.9945678710938
2023-05-26,773.592041015625,927.731689453125,387.8172912597656,544.407470703125
2023-05-29,783.0237426757812,925.2433471679688,389.4422912597656,552.7686157226562
2023-05-30,783.6221923828125,926.9998168945312,393.7290954589844,550.7247924804688
2023-05-31,771.2221069335938,926.2191162109376,401.6347961425781,549.1620483398438
2023-06-01,767.9425659179688,913.484375,384.8264770507813,551.9086303710938
2023-06-02,769.1395263671875,915.48486328125,386.5611572265625,556.1231079101562
2023-06-05,768.1340942382812,923.8770751953124,383.7996215820313,556.1231079101562
2023-06-06,765.740234375,919.33935546875,390.6087036132813,554.3709716796875
2023-06-07,769.7139892578125,917.4853515625,386.6907348632813,558.0172729492188
2023-06-08,770.1927490234375,915.2409057617188,376.1431579589844,557.3543701171875
2023-06-09,771.1024780273438,915.3872680664062,373.2520751953125,548.072998046875
2023-06-12,766.4105834960938,913.3380737304688,374.7375183105469,548.0256958007812
2023-06-13,767.7031860351562,920.75439453125,370.0519104003906,545.894775390625
2023-06-14,766.8653564453125,917.0950317382812,371.7865905761719,546.0367431640625
2023-06-15,757.4336547851562,904.2138671875,365.57568359375,536.5186157226562
2023-06-16,767.3441162109375,911.6303100585938,370.3410034179688,541.0172119140625
2023-06-19,768.0143432617188,900.8472900390624,363.7911682128906,538.7442626953125
2023-06-20,769.6182861328125,903.1892700195312,367.6692199707031,537.37109375
2023-06-21,783.0716552734375,902.3597412109376,367.978271484375,536.3765258789062
2023-06-22,786.9017333984375,903.3844604492188,366.0940856933594,533.156494140625
2023-06-23,786.8538208007812,901.1887817382812,364.5887145996094,525.2484741210938
2023-06-26,783.0476684570312,905.0433959960938,363.4721374511719,527.5687866210938
2023-06-27,794.0833129882812,913.484375,367.8088073730469,536.1397705078125
2023-06-28,802.4856567382812,914.8017578125,366.9813232421875,539.6439819335938
2023-06-30,814.5745239257812,912.0206298828124,368.17767333984375,542.5325927734375
2023-07-03,823.3838500976562,919.7785034179688,367.6593017578125,554.4657592773438
2023-07-04,827.4053955078125,921.8765869140624,371.1983947753906,558.0646362304688
2023-07-05,801.1212158203125,934.8552856445312,371.8264465332031,559.3431396484375
2023-07-06,801.93505859375,936.2214965820312,374.3088073730469,561.142578125
2023-07-07,794.945068359375,923.5355224609376,369.56341552734375,562.1843872070312
2023-07-10,793.0538940429688,925.4872436523438,372.2351989746094,561.2373046875
2023-07-11,789.1998291015625,922.12060546875,372.1754150390625,557.401611328125
2023-07-12,781.8028564453125,921.5838623046876,374.4683227539063,558.0646362304688
2023-07-13,785.7047729492188,932.61083984375,372.79345703125,554.6552124023438
2023-07-14,787.3326416015625,936.8557739257812,372.6539001464844,553.4713134765625
2023-07-17,803.80224609375,945.2968139648438,378.2467041015625,569.2874755859375
2023-07-18,803.1320190429688,951.8837280273438,377.0105285644531,561.0005493164062
2023-07-19,806.7705688476562,949.9320678710938,380.1508483886719,569.6190185546875
2023-07-20,808.51806640625,971.5469360351562,390.1800231933594,577.7637939453125
2023-07-21,802.2941284179688,972.9130859375,392.8318786621094,582.5465087890625
2023-07-24,803.5628662109375,968.0338134765624,378.2865905761719,584.9616088867188
2023-07-25,812.2764282226562,970.6686401367188,373.949951171875,577.3375854492188
2023-07-26,809.45166015625,972.3764038085938,377.8977661132813,582.5939331054688
2023-07-27,801.0493774414062,966.3261108398438,373.6009826660156,583.9197998046875
2023-07-28,786.8538208007812,972.1324462890624,374.2190856933594,583.4462280273438
2023-07-31,790.5404052734375,974.1817016601562,370.1715698242188,587.3766479492188
2023-08-01,795.8307495117188,970.522216796875,368.8655395507813,579.468505859375
2023-08-02,785.4176025390625,963.1058959960938,363.6216735839844,566.7777099609375
2023-08-03,779.7442016601562,941.6861572265624,363.5319519042969,559.2484741210938
2023-08-04,791.0191040039062,947.0532836914062,366.87445068359375,542.9586791992188
2023-08-07,790.5642700195312,952.078857421875,365.4875793457031,537.8446044921875
2023-08-08,789.91796875,956.2261962890624,364.7791748046875,542.769287109375
2023-08-09,790.2052612304688,957.0133056640624,365.4775695800781,543.3849487304688
2023-08-10,783.1913452148438,948.552001953125,359.36138916015625,543.2902221679688
2023-08-11,775.0283813476562,937.4833984375,357.4855651855469,543.7638549804688
2023-08-14,771.2461547851562,944.0753173828124,358.0143737792969,531.1203002929688
2023-08-16,768.995849609375,941.0745849609376,356.4379272460937,535.429443359375
2023-08-17,764.73486328125,936.3027954101562,352.34716796875,541.86962890625
2023-08-18,761.598876953125,935.3189086914062,349.3738098144531,542.6273193359375
2023-08-21,761.0004272460938,939.7955322265624,351.279541015625,541.4434814453125
2023-08-22,757.7447509765625,936.6471557617188,351.8282775878906,538.4127807617188
2023-08-23,759.6119384765625,951.2576293945312,355.210693359375,546.3682861328125
2023-08-24,756.1170654296875,953.3237915039062,355.3902893066406,546.4155883789062
2023-08-25,747.594970703125,954.7504272460938,354.9712219238281,539.7860717773438
2023-08-28,755.3749389648438,954.89794921875,357.2660827636719,542.5325927734375
2023-08-29,761.3834838867188,952.1431274414062,355.8193054199219,544.4267578125
2023-08-30,755.8297119140625,943.4359130859376,354.1830139160156,537.37109375
2023-08-31,752.3587036132812,943.2882690429688,350.96026611328125,531.6412353515625
2023-09-01,753.9146728515625,953.077880859375,353.4247131347656,539.4072265625
2023-09-04,758.630615234375,951.7495727539062,351.6487121582031,545.089599609375
2023-09-05,754.0104370117188,952.7826538085938,353.4147033691406,542.6746215820312
2023-09-06,763.873046875,942.0584716796876,353.2650756835937,540.3069458007812
2023-09-07,771.2221069335938,950.0770263671876,356.9966735839844,548.4044799804688
2023-09-08,777.2306518554688,954.89794921875,357.8348083496094,552.5715942382812
2023-09-11,781.2523803710938,962.4737548828124,360.7681579589844,560.385009765625
2023-09-12,783.6940307617188,974.5262451171876,361.42669677734375,557.2122192382812
2023-09-13,787.04541015625,973.8374633789062,364.1007080078125,564.8836059570312
2023-09-14,786.5665893554688,971.7714233398438,363.4920349121094,565.6885986328125
2023-09-15,795.5913696289062,976.44482421875,361.9654846191406,567.1091918945312
2023-09-18,779.9356689453125,974.2310791015624,358.86248779296875,571.9866333007812
2023-09-20,748.6482543945312,971.2302856445312,357.08648681640625,569.2874755859375
2023-09-21,743.6929931640625,943.8294067382812,350.35162353515625,557.0228881835938
2023-09-22,732.3462524414062,934.9745483398438,350.5013122558594,566.4935913085938
2023-09-25,732.9925537109375,940.9269409179688,356.0787658691406,562.6105346679688
2023-09-26,736.1764526367188,933.400390625,352.0278625488281,562.9420776367188
2023-09-27,731.0056762695312,927.890625,352.2373962402344,558.5381469726562
2023-09-28,729.49755859375,927.3987426757812,345.8617553710937,558.7276000976562
2023-09-29,730.742431640625,936.5487670898438,346.3606262207031,566.8723754882812
2023-10-03,722.0048217773438,925.1358032226562,344.6344909667969,571.03955078125
2023-10-04,732.2984008789062,915.0510864257812,343.6367492675781,555.223388671875
2023-10-05,735.2667236328125,925.6768798828124,346.0712585449219,560.8111572265625
2023-10-06,734.4528198242188,929.9568481445312,347.9969177246094,562.7999877929688
2023-10-09,725.9307250976562,923.4632568359376,343.08795166015625,554.13427734375
2023-10-10,730.048095703125,935.8600463867188,350.4314270019531,560.337646484375
2023-10-11,737.1099243164062,937.7293701171876,353.4845886230469,557.2122192382812
2023-10-12,742.017333984375,938.86083984375,351.9779663085937,555.0339965820312
2023-10-13,735.2667236328125,935.9583740234376,351.6087951660156,545.6578979492188
2023-10-16,732.3223266601562,936.0568237304688,349.164306640625,545.1843872070312
2023-10-17,737.8759765625,938.5164794921876,353.5145263671875,545.9420776367188
2023-10-18,727.6064453125,928.5302124023438,349.8926696777344,542.3432006835938
2023-10-19,725.3082885742188,920.6591796875,346.90936279296875,540.9699096679688
2023-10-20,729.066650390625,917.7075805664062,353.1253967285156,533.298583984375
2023-10-23,721.04736328125,914.9527587890624,347.36834716796875,523.6857299804688
2023-10-25,716.4751586914062,901.3260498046876,344.83404541015625,526.7637329101562
2023-10-26,700.6279296875,893.9962768554688,338.2089538574219,518.0506591796875
2023-10-27,703.380859375,898.0301513671875,339.7754211425781,531.4518432617188
2023-10-30,711.0171508789062,909.9841918945312,342.7287902832031,535.2874145507812
2023-10-31,706.8997192382812,900.588134765625,347.09893798828125,535.618896484375
2023-11-01,705.9421997070312,899.30908203125,344.1056823730469,536.4239501953125
2023-11-02,707.0194091796875,905.114013671875,346.7597045898437,541.822265625
2023-11-03,710.370849609375,918.7406616210938,345.8717041015625,547.5520629882812
2023-11-06,715.517578125,930.2027587890624,347.2585754394531,543.9531860351562
2023-11-07,712.0464477539062,932.8099975585938,349.463623046875,549.0673828125
2023-11-08,714.1051635742188,920.6591796875,348.46588134765625,549.5882568359375
2023-11-09,711.2805786132812,922.2333374023438,348.2064208984375,547.741455078125
2023-11-10,714.0812377929688,923.4632568359376,348.3062438964844,548.8306274414062
2023-11-13,712.78857421875,919.3801879882812,348.8550109863281,550.5826416015625
2023-11-15,720.2573852539062,925.9229125976562,353.1054077148437,553.7554931640625
2023-11-16,722.1484375,920.9051513671876,353.77392578125,553.7080688476562
2023-11-17,720.5924682617188,906.9833374023438,352.1276550292969,533.251220703125
2023-11-20,720.6403198242188,906.58984375,353.31494140625,533.9141845703125
2023-11-21,726.74462890625,911.164794921875,352.6464538574219,531.7832641601562
2023-11-22,724.1593017578125,907.8688354492188,348.3461303710937,529.3682250976562
2023-11-23,728.3485717773438,908.1148071289062,347.0789794921875,530.3153076171875
2023-11-24,733.5192260742188,914.41162109375,348.0168762207031,530.694091796875
2023-11-28,731.867431640625,910.5745239257812,347.6676940917969,534.5771484375
2023-11-29,746.4698486328125,924.4470825195312,349.9026184082031,538.5074462890625
2023-11-30,746.3023681640625,919.8721313476562,350.3017272949219,534.8612670898438
2023-12-01,744.6744995117188,931.4326171875,349.3139953613281,541.49072265625
2023-12-04,770.5279541015625,975.2149658203124,362.8934020996094,563.2262573242188
2023-12-05,777.3743286132812,997.106201171875,364.8689575195313,576.05908203125
2023-12-06,779.3372802734375,987.0706176757812,363.4621276855469,576.24853515625
2023-12-07,780.60595703125,982.88916015625,364.5496520996094,579.3264770507812
2023-12-08,791.4979248046875,994.5480346679688,366.8644714355469,581.6468505859375
2023-12-11,790.4446411132812,1000.697265625,367.98193359375,581.7415771484375
2023-12-12,782.5928344726562,999.31982421875,364.05078125,579.989501953125
2023-12-13,780.8214111328125,997.5488891601562,364.4199523925781,587.0451049804688
2023-12-14,790.0376586914062,1016.9803466796876,369.93756103515625,590.6441040039062
2023-12-15,793.101806640625,1020.669921875,369.28900146484375,613.9420776367188
2023-12-18,792.6947631835938,1004.9771118164062,368.5606689453125,614.1788940429688
2023-12-19,791.3543701171875,999.0739135742188,368.4808349609375,620.7136840820312
2023-12-20,793.3172607421875,990.4158325195312,364.4798278808594,602.7666625976562
2023-12-21,807.53662109375,988.2020874023438,369.70806884765625,609.6802368164062
2023-12-22,799.9481811523438,978.2649536132812,371.2645568847656,603.0507202148438
2023-12-26,805.5018310546875,979.0520629882812,376.522705078125,604.2818603515625
2023-12-27,815.4841918945312,986.0867919921876,379.6157531738281,614.2262573242188
2023-12-28,816.4177856445312,989.6779174804688,383.4072265625,616.9254760742188
2023-12-29,818.3328247070312,980.52783203125,380.76318359375,608.0702514648438
2024-01-01,812.9945068359375,983.28271484375,380.97271728515625,607.4072875976562
2024-01-02,813.4733276367188,966.4093017578124,372.1725463867188,605.6078491210938
2024-01-03,800.9296264648438,968.1802368164062,372.3421630859375,609.3961791992188
2024-01-04,809.5234985351562,971.2302856445312,371.8831787109375,608.7332153320312
2024-01-05,805.3821411132812,977.6746215820312,368.69036865234375,607.9755859375
2024-01-08,796.4052124023438,966.163330078125,364.4000244140625,593.8167114257812
2024-01-09,790.2052612304688,963.9495849609376,364.509765625,592.301513671875
2024-01-10,792.8145141601562,977.0350952148438,363.3424072265625,588.8446044921875
2024-01-11,789.4871215820312,975.165771484375,363.75146484375,587.3766479492188
2024-01-12,785.752685546875,987.3165893554688,365.8268127441406,600.0674438476562
2024-01-15,800.8817749023438,993.5641479492188,369.4685974121094,606.223388671875
2024-01-16,803.9219360351562,992.777099609375,368.7702026367188,603.1928100585938
2024-01-17,736.1045532226562,965.9173583984376,355.1308898925781,592.8696899414062
2024-01-18,711.5198974609375,970.443115234375,354.6519775390625,595.0479125976562
2024-01-19,704.0989379882812,983.0859375,352.0677490234375,594.5270385742188
2024-01-23,683.3683471679688,1012.45458984375,356.09869384765625,573.07568359375
2024-01-24,697.037109375,983.0859375,356.9168701171875,585.5771484375
2024-01-25,686.9830322265625,993.66259765625,352.8858947753906,580.3209228515625
2024-01-29,696.438720703125,1000.008544921875,363.7614440917969,589.9811401367188
2024-01-30,691.4835205078125,1000.5005493164062,363.9011535644531,593.5799560546875
2024-01-31,700.2210083007812,1011.569091796875,364.2303771972656,606.6022338867188
2024-02-01,702.0402221679688,1008.6174926757812,363.73150634765625,613.3738403320312
2024-02-02,692.3692016601562,1007.4859619140624,363.77142333984375,615.26806640625
2024-02-05,691.7467651367188,1006.9940795898438,360.8580017089844,608.9225463867188
2024-02-06,691.3876953125,1009.8472900390624,356.5975646972656,615.8363037109375
2024-02-07,684.6131591796875,1005.6658325195312,357.7150573730469,639.51318359375
2024-02-08,671.7343139648438,973.3455810546876,345.1632995605469,662.527099609375
2024-02-09,671.9976196289062,994.4005126953124,347.7075500488281,686.866943359375
2024-02-12,665.4864501953125,980.035888671875,341.1423645019531,670.4352416992188
2024-02-13,667.6168823242188,1003.3536987304688,346.6499328613281,675.6915283203125
2024-02-14,662.6378173828125,1006.2069702148438,349.0046691894531,704.056396484375
2024-02-15,677.000732421875,1000.2545166015624,347.0690002441406,721.3878784179688
2024-02-16,679.801513671875,1006.7481079101562,346.27081298828125,714.7583618164062
2024-02-19,678.4610595703125,1026.91748046875,345.5025634765625,719.0675659179688
2024-02-20,696.2711791992188,1031.8367919921875,351.7085876464844,719.87255859375
2024-02-21,689.017822265625,1034.985107421875,348.4359436035156,730.6692504882812
2024-02-22,679.634033203125,1045.5618896484375,344.175537109375,725.3656616210938
2024-02-23,680.1366577148438,1044.1845703125,344.02587890625,718.8781127929688
2024-02-26,680.9505615234375,1037.1988525390625,340.4938049316406,718.7361450195312
2024-02-27,679.9212036132812,1043.1021728515625,340.5836181640625,710.1650390625
2024-02-28,674.7744750976562,1029.327880859375,335.9639892578125,703.2040405273438
2024-02-29,671.9019165039062,1035.231201171875,337.1313781738281,708.5076293945312
2024-03-01,684.9961547851562,1069.37158203125,344.76422119140625,728.443603515625
2024-03-04,685.9297485351562,1074.733642578125,344.6644287109375,731.1901245117188
2024-03-05,689.8316650390625,1070.503173828125,342.3695983886719,742.4603881835938
2024-03-06,690.6695556640625,1079.4071044921875,351.1598205566406,742.4129638671875
2024-03-07,692.3452758789062,1070.4046630859375,348.8250427246094,746.3433227539062
2024-03-11,683.5838623046875,1061.3037109375,345.1533203125,732.7528076171875
2024-03-12,698.78466796875,1059.483642578125,343.2975158691406,719.4937744140625
2024-03-13,699.1915893554688,1066.4691162109375,345.1333923339844,707.70263671875
2024-03-14,696.8217163085938,1066.124755859375,347.6976318359375,701.830810546875
2024-03-15,695.4811401367188,1062.92724609375,346.87945556640625,693.1650390625
2024-03-18,692.3213500976562,1063.7635498046875,346.79962158203125,692.2653198242188
2024-03-19,693.9012451171875,1066.4691162109375,349.14434814453125,685.4937133789062
2024-03-20,685.1398315429688,1067.0103759765625,352.2872619628906,697.2848510742188
2024-03-21,692.1776123046875,1064.3538818359375,353.6342163085937,704.9087524414062
2024-03-22,690.7892456054688,1072.716796875,354.4823303222656,707.1818237304688
2024-03-26,682.4347534179688,1066.22314453125,349.9525146484375,700.8837280273438
2024-03-27,689.7598266601562,1066.2724609375,354.3226928710937,694.490966796875
2024-03-28,693.2069702148438,1075.66845703125,356.2982482910156,712.53271484375
2024-04-01,704.027099609375,1081.916015625,357.3359375,718.1678466796875
2024-04-02,708.6472778320312,1063.7635498046875,350.6908569335937,725.8391723632812
2024-04-03,709.6765747070312,1059.827880859375,345.4526672363281,730.2430419921875
2024-04-04,731.36474609375,1061.451416015625,349.0445556640625,719.1149291992188
2024-04-05,741.8737182617188,1065.9281005859375,356.2283935546875,724.2764892578125
2024-04-08,740.4613647460938,1069.6175537109375,356.8769226074219,727.6386108398438
2024-04-09,741.3949584960938,1089.1966552734375,355.3204345703125,723.755615234375
2024-04-10,735.553955078125,1091.5087890625,364.3700866699219,737.8196411132812
2024-04-12,727.2234497070312,1086.58935546875,361.79583740234375,725.7444458007812
2024-04-15,715.61328125,1060.95947265625,358.82257080078125,717.41015625
2024-04-16,722.579345703125,1049.841796875,357.7150573730469,711.9171752929688
2024-04-18,715.61328125,1038.4288330078125,356.5476989746094,705.38232421875
2024-04-19,733.13623046875,1050.03857421875,357.7250366210937,710.7332763671875
2024-04-22,723.99169921875,1069.125732421875,361.1772766113281,725.5549926757812
2024-04-23,721.7894287109375,1072.6676025390625,361.79583740234375,732.08984375
2024-04-24,723.7523193359375,1079.062744140625,367.7325134277344,732.1845092773438
2024-04-25,723.2975463867188,1095.78857421875,327.7524719238281,769.6887817382812
2024-04-26,722.8427124023438,1090.032958984375,320.97772216796875,758.8921508789062
2024-04-29,732.2744140625,1141.4403076171875,327.3433837890625,782.7584228515625
2024-04-30,727.7739868164062,1131.8475341796875,324.0608215332031,782.5216674804688
2024-05-02,733.591064453125,1121.0740966796875,314.4224853515625,786.1205444335938
2024-05-03,727.53466796875,1123.63232421875,308.6454772949219,787.4464721679688
2024-05-06,728.994873046875,1127.813720703125,324.130615234375,765.048095703125
2024-05-07,721.0951538085938,1113.6458740234375,328.0418395996094,759.4603881835938
2024-05-08,709.84423828125,1104.8895263671875,328.9298400878906,767.8892822265625
2024-05-09,693.0155029296875,1097.7071533203125,327.8821716308594,776.4130249023438
2024-05-10,697.8200073242188,1099.035400390625,324.8589782714844,774.0927124023438
2024-05-13,706.2400512695312,1109.808837890625,327.5030212402344,765.9951782226562
2024-05-14,709.0062866210938,1102.47900390625,328.520751953125,774.897705078125
2024-05-15,698.1112060546875,1106.2176513671875,329.4187316894531,776.8865356445312
2024-05-16,708.6665649414062,1112.8096923828125,333.6592102050781,768.978515625
2024-05-17,710.5349731445312,1112.2684326171875,338.5481872558594,774.566162109375
2024-05-21,707.962890625,1102.8724365234375,338.8874206542969,786.6888427734375
2024-05-22,708.156982421875,1093.1812744140625,339.1468505859375,788.422119140625
2024-05-23,724.3661499023438,1116.2039794921875,341.0425720214844,801.277587890625
2024-05-24,736.3046875,1113.695068359375,339.92510986328125,797.9072265625
2024-05-27,741.400390625,1111.579833984375,341.4317321777344,802.818359375
2024-05-28,742.75927734375,1108.775634765625,339.9649963378906,800.3628540039062
2024-05-29,731.9854736328125,1084.2281494140625,336.8121032714844,792.1776733398438
2024-05-30,735.1642456054688,1095.7393798828125,337.26104736328125,795.2590942382812
2024-05-31,743.2688598632812,1102.970947265625,335.325439453125,799.5924072265625
2024-06-03,762.9964599609375,1141.292724609375,342.8385009765625,872.1032104492188
2024-06-04,719.7800903320312,1054.170654296875,326.8544921875,746.4852905273438
2024-06-05,753.0963134765625,1090.7708740234375,342.8485107421875,760.4962768554688
2024-06-06,756.9301147460938,1092.49267578125,346.1610717773437,786.6887817382812
2024-06-07,763.5545043945312,1103.6103515625,349.9525146484375,799.207275390625
2024-06-10,757.7067260742188,1105.676513671875,348.3461303710937,800.9887084960938
2024-06-11,759.4052124023438,1100.1668701171875,343.2276611328125,804.5997924804688
2024-06-12,763.9428100585938,1101.4951171875,342.37957763671875,808.0182495117188
2024-06-13,767.1458129882812,1089.49169921875,344.49481201171875,812.6405639648438
2024-06-14,774.9835205078125,1087.8192138671875,342.6689147949219,808.1146240234375
2024-06-18,780.2733764648438,1104.7418212890625,343.1079406738281,813.603515625
2024-06-19,804.5628051757812,1125.993408203125,348.5556640625,821.0181884765625
2024-06-20,810.1438598632812,1138.144287109375,352.4569091796875,812.4960327148438
2024-06-21,808.3967895507812,1139.9644775390625,354.3326721191406,805.322021484375
2024-06-24,811.6240234375,1151.229736328125,353.7140808105469,801.8554077148438
2024-06-25,830.5266723632812,1178.630615234375,355.57989501953125,811.0516357421875
2024-06-26,825.7464599609375,1198.357421875,358.82257080078125,814.0367431640625
2024-06-27,823.1500244140625,1200.2266845703125,365.2879943847656,812.73681640625
2024-06-28,817.1565551757812,1180.254150390625,359.69061279296875,817.5034790039062
2024-07-01,827.5419921875,1192.3065185546875,360.80810546875,810.7627563476562
2024-07-02,839.8687744140625,1171.399169921875,353.1253967285156,795.5480346679688
2024-07-03,858.3346557617188,1182.2218017578125,361.3269348144531,808.8368530273438
2024-07-04,838.1945190429688,1213.115478515625,365.9465026855469,808.2108764648438
2024-07-05,799.8310546875,1213.509033203125,369.70806884765625,827.9033813476562
2024-07-08,793.6434326171875,1215.1324462890625,369.807861328125,824.5330200195312
2024-07-09,794.2015991210938,1228.1195068359375,368.7402648925781,829.3959350585938
2024-07-10,789.1544799804688,1223.15087890625,365.1483459472656,817.5515747070312
2024-07-11,787.1161499023438,1218.4775390625,368.0717468261719,824.9664306640625
2024-07-12,787.50439453125,1213.01708984375,365.7469787597656,827.855224609375
2024-07-15,787.2131958007812,1210.1146240234375,367.8821716308594,848.7033081054688
2024-07-16,786.0726928710938,1219.9041748046875,360.2493591308594,848.0773315429688
2024-07-18,783.6705322265625,1230.1365966796875,364.52972412109375,860.451416015625
2024-07-19,780.0307006835938,1228.5130615234375,363.90045166015625,856.4069213867188
2024-07-22,797.1376953125,1221.1341552734375,351.1051940917969,844.3218383789062
2024-07-23,785.4176025390625,1206.96630859375,353.3725891113281,831.8997192382812
2024-07-24,778.4534912109375,1203.2767333984375,348.8377990722656,820.4404907226562
2024-07-25,784.5440063476562,1178.58154296875,354.6211242675781,817.070068359375
2024-07-26,785.2962646484375,1187.7314453125,362.3522033691406,830.50341796875
2024-07-29,778.938720703125,1193.142822265625,358.3668212890625,839.3143920898438
2024-07-30,784.0344848632812,1189.9451904296875,356.8086242675781,840.469970703125
2024-07-31,784.1314697265625,1195.307373046875,361.16357421875,840.0848388671875
2024-08-01,795.3178100585938,1190.584716796875,358.1170959472656,830.696044921875
2024-08-02,805.1937255859375,1177.2532958984375,360.2746276855469,816.4441528320312
2024-08-05,784.1314697265625,1153.689453125,354.3215026855469,781.5850830078125
2024-08-06,777.0702514648438,1148.0322265625,353.7021789550781,768.15185546875
2024-08-07,787.8926391601562,1153.5418701171875,354.9008178710937,778.6962890625
2024-08-08,797.21044921875,1145.8184814453125,354.1416931152344,778.1184692382812
2024-08-09,800.8502197265625,1152.70556640625,353.5223999023437,793.7665405273438
2024-08-12,805.65478515625,1163.8199462890625,354.10174560546875,782.4998779296875
2024-08-13,778.0409545898438,1159.4039306640625,350.0064697265625,768.0073852539062
2024-08-14,780.2733764648438,1152.7552490234375,349.1773986816406,773.2555541992188
2024-08-16,792.0662231445312,1178.1591796875,355.0506286621094,782.0184326171875
2024-08-19,791.7993774414062,1166.8961181640625,355.8597106933594,783.5592041015625
2024-08-20,794.783935546875,1170.4189453125,360.714111328125,789.9146728515625
2024-08-21,789.0088500976562,1165.8541259765625,362.1724243164063,785.3406372070312
2024-08-22,791.6781005859375,1181.979736328125,363.8804626464844,789.9146728515625
2024-08-23,788.6448974609375,1194.2847900390625,363.1812744140625,785.1480102539062
2024-08-26,795.8758544921875,1204.009765625,362.0825500488281,784.859130859375
2024-08-27,794.8082275390625,1216.9598388671875,360.2546691894531,785.677734375
2024-08-28,794.4927368164062,1214.47900390625,357.8474426269531,779.41845703125
2024-08-29,795.1964721679688,1212.5439453125,355.0406799316406,784.3295288085938
2024-08-30,794.395751953125,1219.7879638671875,355.7498474121094,785.3887939453125
2024-09-02,789.56689453125,1220.5322265625,355.63995361328125,791.6961669921875
2024-09-03,794.6140747070312,1238.1463623046875,356.3491516113281,794.2479858398438
2024-09-04,796.7737426757812,1226.88330078125,356.3491516113281,786.2554321289062
2024-09-05,798.5451049804688,1226.486328125,355.18048095703125,788.422119140625
2024-09-06,794.419921875,1198.899169921875,352.42364501953125,753.514892578125
2024-09-09,799.0546875,1225.5435791015625,357.61767578125,755.2000732421875
2024-09-10,800.9230346679688,1227.8260498046875,357.9073486328125,753.6593017578125
2024-09-11,797.7928466796875,1226.88330078125,357.4378967285156,740.1296997070312
2024-09-12,808.8092651367188,1242.5623779296875,365.069091796875,758.5704345703125
2024-09-13,808.4937744140625,1240.7760009765625,363.6507263183594,761.5555419921875
2024-09-16,810.9203491210938,1253.1802978515625,365.8382263183594,756.451904296875
2024-09-17,809.876953125,1258.39013671875,368.9046630859375,753.9000854492188
2024-09-18,822.494873046875,1278.485107421875,367.5162658691406,763.3851928710938
2024-09-19,829.1435546875,1282.107177734375,373.9588623046875,760.6889038085938
2024-09-20,845.0130004882812,1328.201416015625,380.4613342285156,752.7445068359375
2024-09-23,854.0396728515625,1311.7781982421875,386.494384765625,772.1480712890625
2024-09-24,858.0435180664062,1308.50341796875,382.4989929199219,768.6814575195312
2024-09-25,863.4060668945312,1313.7132568359375,379.1528625488281,763.7222290039062
2024-09-26,865.5171508789062,1318.87353515625,380.0218505859375,772.1480712890625
2024-09-27,850.5697021484375,1296.5953369140625,374.0587158203125,772.91845703125
2024-09-30,840.572509765625,1263.252685546875,370.3630065917969,758.71484375
2024-10-01,837.7334594726562,1264.6419677734375,375.4471435546875,767.4296264648438
2024-10-03,816.282958984375,1246.7301025390625,364.1401672363281,764.6851806640625
2024-10-04,804.4657592773438,1230.2572021484375,361.3833312988281,767.1407470703125
2024-10-07,785.1264038085938,1224.4520263671875,357.6376647949219,742.1038208007812
2024-10-08,801.2628173828125,1227.13134765625,360.2646179199219,752.5037841796875
2024-10-09,792.5758056640625,1234.62353515625,359.7452392578125,767.8629760742188
2024-10-10,806.7709350585938,1233.978515625,374.7879028320313,767.5740356445312
2024-10-11,801.238525390625,1213.635498046875,376.0464477539063,770.1259155273438
2024-10-14,819.2433471679688,1222.3184814453125,381.7199096679688,775.3258666992188
2024-10-15,817.3021240234375,1245.8865966796875,378.6034851074219,774.8444213867188
2024-10-16,824.92138671875,1233.6312255859375,374.83782958984375,775.61474609375
2024-10-17,811.988037109375,1221.8223876953125,372.3806762695313,781.0072631835938
2024-10-18,816.2101440429688,1254.8177490234375,373.779052734375,790.010986328125
2024-10-21,838.9466552734375,1249.4095458984375,357.4278869628906,783.7999267578125
2024-10-22,832.07958984375,1257.7947998046875,352.2239074707031,761.1222534179688
2024-10-23,842.3923950195312,1242.0164794921875,353.15283203125,756.8851928710938
2024-10-24,849.1138916015625,1243.15771484375,352.0341186523437,765.1185302734375
2024-10-25,846.0807495117188,1245.8370361328125,353.3625793457031,752.0222778320312
2024-10-28,841.6158447265625,1282.95068359375,349.56695556640625,762.7111206054688
2024-10-29,850.1815185546875,1321.6519775390625,351.63458251953125,801.8554077148438
2024-10-30,841.8099975585938,1302.1029052734375,346.5205078125,791.9850463867188
2024-10-31,842.3438110351562,1282.355224609375,345.8212890625,789.8184204101562
2024-11-01,843.120361328125,1281.90869140625,348.4782409667969,790.7813720703125
2024-11-04,831.8612060546875,1267.42041015625,345.4716796875,799.1109619140625
2024-11-05,853.0933227539062,1286.7711181640625,351.0252685546875,817.7442016601562
2024-11-06,851.83154296875,1292.3779296875,352.114013671875,823.13671875
2024-11-07,847.609375,1268.908935546875,348.9776611328125,827.7589111328125
2024-11-08,851.4432983398438,1249.2109375,348.7579040527344,811.9182739257812
2024-11-11,857.1942138671875,1259.5810546875,348.3983154296875,816.2516479492188
2024-11-12,833.8509521484375,1260.8709716796875,343.8835144042969,796.0775756835938
2024-11-13,815.967529296875,1244.100341796875,337.1812438964844,778.6962890625
2024-11-14,821.5,1247.325439453125,341.1866149902344,774.459228515625
2024-11-18,827.4934692382812,1243.852294921875,344.1531982421875,784.136962890625
2024-11-19,845.5225219726562,1239.53564453125,345.15203857421875,773.2555541992188
2024-11-21,845.0130004882812,1240.974609375,347.0199279785156,751.8296508789062
2024-11-22,847.1483764648438,1268.2640380859375,351.8843078613281,785.8220825195312
2024-11-25,866.5604858398438,1290.9886474609375,357.737548828125,813.1701049804688
2024-11-26,866.5362548828125,1294.9580078125,356.3092041015625,808.3071899414062
2024-11-27,879.5182495117188,1290.740478515625,356.22930908203125,803.2034912109375
2024-11-28,870.224609375,1276.5003662109375,351.434814453125,807.7775268554688
2024-11-29,871.632080078125,1290.1451416015625,352.6434020996094,807.8739013671875
2024-12-02,875.8298950195312,1294.6602783203125,350.3860168457031,805.4183959960938
2024-12-03,886.3125,1298.381591796875,349.57696533203125,822.3182373046875
2024-12-04,902.7157592773438,1305.9730224609375,351.09521484375,827.855224609375
2024-12-05,905.457763671875,1326.2664794921875,354.6211242675781,833.3922729492188
2024-12-06,900.6531982421875,1318.5758056640625,354.9807434082031,831.6589965820312
2024-12-09,907.520263671875,1312.1751708984375,356.8385925292969,826.266357421875
2024-12-10,906.5982055664062,1320.2626953125,358.5266418457031,835.3663330078125
2024-12-11,904.1716918945312,1317.3353271484375,358.5266418457031,829.684814453125
2024-12-12,902.3032836914062,1319.0718994140625,353.3326110839844,822.0775146484375
2024-12-13,908.36962890625,1334.6021728515625,360.714111328125,829.63671875
2024-12-16,905.1907958984376,1335.7928466796875,360.4743957519531,829.0589599609375
2024-12-17,889.6853637695312,1323.5374755859375,356.3990783691406,819.044189453125
2024-12-18,878.74169921875,1304.087646484375,355.59002685546875,807.103515625
2024-12-19,870.3944091796875,1277.0462646484375,352.01416015625,801.95166015625
2024-12-20,859.7177734375,1278.5347900390625,348.30841064453125,781.922119140625
2024-12-23,874.0343017578125,1286.8704833984375,348.6679992675781,790.7332763671875
2024-12-24,872.6268310546875,1287.3170166015625,349.4071350097656,781.9702758789062
2024-12-26,869.0598754882812,1287.4161376953125,350.1562805175781,782.35546875
2024-12-27,872.6996459960938,1297.5382080078125,351.5746765136719,770.0296630859375
2024-12-30,862.82373046875,1284.7369384765625,347.73907470703125,759.1000366210938
