Date,spread,beta,alpha,zscore,position,position_lagged
2015-01-01,,,,,0.0,
2015-01-02,,,,,0.0,0.0
2015-01-05,,,,,0.0,0.0
2015-01-06,,,,,0.0,0.0
2015-01-07,,,,,0.0,0.0
2015-01-08,,,,,0.0,0.0
2015-01-09,,,,,0.0,0.0
2015-01-12,,,,,0.0,0.0
2015-01-13,,,,,0.0,0.0
2015-01-14,,,,,0.0,0.0
2015-01-15,,,,,0.0,0.0
2015-01-16,,,,,0.0,0.0
2015-01-19,,,,,0.0,0.0
2015-01-20,,,,,0.0,0.0
2015-01-21,,,,,0.0,0.0
2015-01-22,,,,,0.0,0.0
2015-01-23,,,,,0.0,0.0
2015-01-27,,,,,0.0,0.0
2015-01-28,,,,,0.0,0.0
2015-01-29,,,,,0.0,0.0
2015-01-30,,,,,0.0,0.0
2015-02-02,,,,,0.0,0.0
2015-02-03,,,,,0.0,0.0
2015-02-04,,,,,0.0,0.0
2015-02-05,,,,,0.0,0.0
2015-02-06,,,,,0.0,0.0
2015-02-09,,,,,0.0,0.0
2015-02-10,,,,,0.0,0.0
2015-02-11,,,,,0.0,0.0
2015-02-12,,,,,0.0,0.0
2015-02-13,,,,,0.0,0.0
2015-02-16,,,,,0.0,0.0
2015-02-18,,,,,0.0,0.0
2015-02-19,,,,,0.0,0.0
2015-02-20,,,,,0.0,0.0
2015-02-23,,,,,0.0,0.0
2015-02-24,,,,,0.0,0.0
2015-02-25,,,,,0.0,0.0
2015-02-26,,,,,0.0,0.0
2015-02-27,,,,,0.0,0.0
2015-03-02,,,,,0.0,0.0
2015-03-03,,,,,0.0,0.0
2015-03-04,,,,,0.0,0.0
2015-03-05,,,,,0.0,0.0
2015-03-09,,,,,0.0,0.0
2015-03-10,,,,,0.0,0.0
2015-03-11,,,,,0.0,0.0
2015-03-12,,,,,0.0,0.0
2015-03-13,,,,,0.0,0.0
2015-03-16,,,,,0.0,0.0
2015-03-17,,,,,0.0,0.0
2015-03-18,,,,,0.0,0.0
2015-03-19,,,,,0.0,0.0
2015-03-20,,,,,0.0,0.0
2015-03-23,,,,,0.0,0.0
2015-03-24,,,,,0.0,0.0
2015-03-25,,,,,0.0,0.0
2015-03-26,,,,,0.0,0.0
2015-03-27,,,,,0.0,0.0
2015-03-30,,,,,0.0,0.0
2015-03-31,-0.0110003954884274,0.1611115005860134,4.662469477703043,,0.0,0.0
2015-04-01,-0.0062832674139577,0.0900130111276505,5.011081713743939,,0.0,0.0
2015-04-06,-0.0083167050603688,0.0293367771267509,5.3087709645934895,,0.0,0.0
2015-04-07,-0.0056102944408485,-0.0557991799340015,5.7263624219849545,,0.0,0.0
2015-04-08,-0.002198358840444,-0.1933154755781476,6.40079108874053,,0.0,0.0
2015-04-09,0.0311734748386882,-0.3113333421546821,6.980116985303954,,0.0,0.0
2015-04-10,0.0131081156047323,-0.2821945686727191,6.839328962415069,,0.0,0.0
2015-04-13,0.0109404571330113,-0.2579417977860579,6.721911133286538,,0.0,0.0
2015-04-15,8.519735469247891e-05,-0.2256219260565142,6.565077235698907,,0.0,0.0
2015-04-16,-0.0090318117991734,-0.1883375419452706,6.383768325872504,,0.0,0.0
2015-04-17,-0.0263933940638745,-0.159457646910303,6.243491614606323,,0.0,0.0
2015-04-20,-0.0418652664912064,-0.1425615047731723,6.161136310453445,,0.0,0.0
2015-04-21,-0.0458899038181118,-0.1308039286331224,6.103580110448381,,0.0,0.0
2015-04-22,-0.035067920314182,-0.1145291451114248,6.023806507706139,,0.0,0.0
2015-04-23,-0.0333845315919323,-0.1070754990887095,5.987137597951581,,0.0,0.0
2015-04-24,-0.0409807405938739,-0.1064320627994567,5.983867926483383,,0.0,0.0
2015-04-27,-0.044166192591426,-0.1049077591316321,5.976137024419968,,0.0,0.0
2015-04-28,-0.0439643970931901,-0.0982561851450865,5.942906311225099,,0.0,0.0
2015-04-29,-0.0552435316064788,-0.1099402555194353,5.998924688681948,,0.0,0.0
2015-04-30,-0.0582041195932326,-0.1005752188954568,5.952000125778746,,0.0,0.0
2015-05-04,-0.0437766702936207,-0.0849188131924911,5.873673716255333,,0.0,0.0
2015-05-05,-0.0513976607392834,-0.0734358740851133,5.816261496720695,,0.0,0.0
2015-05-06,-0.0710088107172763,-0.1200198781671407,6.042857568665136,,0.0,0.0
2015-05-07,-0.0933683623709984,-0.1151941110473814,6.017765483714274,,0.0,0.0
2015-05-08,-0.0570715683668922,-0.0573505498644755,5.7326531129523,,0.0,0.0
2015-05-11,-0.0464872628026726,-0.0195379489561058,5.545994406731616,,0.0,0.0
2015-05-12,-0.0639690485048722,0.0025459816225406,5.436822111980924,,0.0,0.0
2015-05-13,-0.0440127634824361,0.035427633612347,5.274625972410427,,0.0,0.0
2015-05-14,-0.0412678203306506,0.0614260782299815,5.146186787632273,,0.0,0.0
2015-05-15,-0.0417324023021727,0.0975606770350664,4.968031673203946,,0.0,0.0
2015-05-18,-0.0223492474938927,0.1422378692088271,4.747668061238604,,0.0,0.0
2015-05-19,-0.025368355557807,0.1646804967990294,4.636688001275641,,0.0,0.0
2015-05-20,-0.0096502758093727,0.2003185165107791,4.460861235412528,,0.0,0.0
2015-05-21,-0.0109506338810863,0.2368742215353095,4.2806429474593415,,0.0,0.0
2015-05-22,-0.0093789966693829,0.2790992007111075,4.072443535151781,,0.0,0.0
2015-05-25,-0.0072113052508402,0.3349938664140171,3.797201851776445,,0.0,0.0
2015-05-26,-0.0048826710311975,0.3717412862416142,3.615990285121879,,0.0,0.0
2015-05-27,0.0083687997858983,0.3777285104562282,3.585830801381749,,0.0,0.0
2015-05-28,0.0019817971804967,0.3900259715938757,3.5251180799638178,,0.0,0.0
2015-05-29,0.0135553017361318,0.4008126484683991,3.47188100350243,,0.0,0.0
2015-06-01,0.0015107859219667,0.4251018032794704,3.352324604056391,,0.0,0.0
2015-06-02,-0.0143597138327962,0.395068075000985,3.4990448199121333,,0.0,0.0
2015-06-03,-0.0131531894036758,0.3594459746871446,3.672884057366827,,0.0,0.0
2015-06-04,-0.0081509182705032,0.3375930266306517,3.7794138385937615,,0.0,0.0
2015-06-05,-0.0083719940752078,0.2892462567465115,4.015656977933823,,0.0,0.0
2015-06-08,-0.0151446099442429,0.2865667176902695,4.028069721649011,,0.0,0.0
2015-06-09,-0.0110274776324774,0.2968446974659168,3.976837334296106,,0.0,0.0
2015-06-10,0.0024331520163285,0.2925979582069435,3.996947136747817,,0.0,0.0
2015-06-11,-0.0008169308113501,0.2843284032233101,4.037004646490408,,0.0,0.0
2015-06-12,0.0022647122714143,0.2936309931311538,3.990912816074526,,0.0,0.0
2015-06-15,0.0054309059754718,0.3245329612416039,3.838708324396475,,0.0,0.0
2015-06-16,0.009729107179301,0.3310500216371744,3.806106483833552,,0.0,0.0
2015-06-17,0.0051851498053243,0.3306462928918804,3.807423628112611,,0.0,0.0
2015-06-18,0.0177142325978616,0.3458225398804861,3.7323892627152864,,0.0,0.0
2015-06-19,0.0233013332356273,0.3433344130233604,3.744138588286415,,0.0,0.0
2015-06-22,0.0319656256791693,0.3451340798212606,3.735069975115684,,0.0,0.0
2015-06-23,0.0307750348055582,0.3529776895924782,3.696692885285112,,0.0,0.0
2015-06-24,0.0233544063349426,0.3772188807433833,3.57790015669897,,0.0,0.0
2015-06-25,0.0345338734423779,0.3933508174907199,3.499059292483694,,0.0,0.0
2015-06-26,0.038962962802624,0.4358959039887433,3.290670093530417,,0.0,0.0
2015-06-29,0.0365495883373481,0.477651999574106,3.085870523491988,1.7602868531140643,0.0,0.0
2015-06-30,0.0397607368503036,0.5016222409239633,2.9684773450409727,1.797805634763366,0.0,0.0
2015-07-01,0.035618280861783,0.5178855797650804,2.889061727834135,1.591385568813405,0.0,0.0
2015-07-02,0.0180041818276479,0.5437210233000933,2.762863301419458,0.9712353638630412,0.0,0.0
2015-07-03,0.0344557211942895,0.5614813724610618,2.675920838650649,1.474662328610212,0.0,0.0
2015-07-06,0.0350108721333164,0.5922923905779366,2.5250479805054846,1.4478723768626987,0.0,0.0
2015-07-07,0.0437542115128342,0.6243147242751738,2.368331048470975,1.7143659572974097,0.0,0.0
2015-07-08,0.0297684313278376,0.6651188630382654,2.16884236859142,1.2380783852441937,0.0,0.0
2015-07-09,0.0339671134314754,0.7114611781894812,1.9422373022195851,1.3444958684831712,0.0,0.0
2015-07-10,0.0415873166469125,0.7728290368618568,1.6421428827715157,1.5363879494771508,0.0,0.0
2015-07-13,0.0366991258345104,0.8276049746410882,1.3744039878371923,1.3390966915177367,0.0,0.0
2015-07-14,0.0350747017048922,0.8693829232929925,1.1702757677928988,1.245211147923369,0.0,0.0
2015-07-15,0.0352405008153642,0.8998932792187335,1.0214823179131338,1.2077424184875751,0.0,0.0
2015-07-16,0.0126909473894212,0.925813868772196,0.8950548451649043,0.5186432157613827,0.0,0.0
2015-07-17,0.0175706709009597,0.9422841406450322,0.8145723997991583,0.6389121058208808,0.0,0.0
2015-07-20,0.0151626863410569,0.9631818181312216,0.7125811672218907,0.5462367092475146,0.0,0.0
2015-07-21,0.0192949194714069,0.978323389006286,0.6388255292836416,0.6439293505611013,0.0,0.0
2015-07-22,0.0221569695088863,0.9908689939498644,0.5775256339552293,0.7032886563466182,0.0,0.0
2015-07-23,0.026441189734208,1.006196491909641,0.5026601601303957,0.8048667683949333,0.0,0.0
2015-07-24,0.0191125667241411,1.0182401513379935,0.4440311929337346,0.5560323532603978,0.0,0.0
2015-07-27,0.0211415498015528,1.0239409087362716,0.4165770951931709,0.5936888160029389,0.0,0.0
2015-07-28,0.0113353861269249,1.0304577911588757,0.3850138059268486,0.2586507278831146,0.0,0.0
2015-07-29,0.01239613577515,1.0708488656417914,0.1878968427212815,0.2659091625209739,0.0,0.0
2015-07-30,0.02714638763881,1.0648398876302096,0.2185105778985345,0.7376145039458706,0.0,0.0
2015-07-31,0.0594201725522971,1.0513034340890657,0.2862167315110868,1.9698004613289737,0.0,0.0
2015-08-03,0.0511729977616246,1.0426674534072025,0.3301269744930772,1.617002361939427,0.0,0.0
2015-08-04,0.040694162323005,1.029841640249795,0.39454885149991,1.170475307344585,0.0,0.0
2015-08-05,0.0432081905216996,1.0087659372166948,0.499515817648974,1.2890296233954444,0.0,0.0
2015-08-06,0.0242037581986975,0.9940066944693904,0.5734367064636032,0.435377959791521,0.0,0.0
2015-08-07,0.0230861426132573,0.9873956863008612,0.606746555839166,0.3562907854768533,0.0,0.0
2015-08-10,0.0209342018992693,0.9758794016903808,0.6644652367103738,0.2191328290614601,0.0,0.0
2015-08-11,0.0237497318484409,0.9726237259529252,0.6813782433272344,0.33427391400291606,0.0,0.0
2015-08-12,0.0261481707489679,0.9708608542218624,0.6911890396069529,0.43361197888058656,0.0,0.0
2015-08-13,0.0252297778795025,0.963952302710729,0.7262342556327361,0.358668476898561,0.0,0.0
2015-08-14,0.0094357751498481,0.9645294681314164,0.7245267554547263,-0.5498738064628432,0.0,0.0
2015-08-17,-0.0036374305753028,0.9668945003697615,0.7136516865553117,-1.3240367628209258,0.0,0.0
2015-08-18,0.0112274450928424,0.9599948815084646,0.74810890965498,-0.4823329579674754,0.0,0.0
2015-08-19,-0.0035013024637251,0.9584643307850657,0.7563791314311157,-1.3620399553870786,0.0,0.0
2015-08-20,0.0099728871537312,0.9541636870875464,0.7778102055417531,-0.5601742963362092,0.0,0.0
2015-08-21,0.009849526487609,0.948740528041262,0.8050737342446252,-0.5785101868684038,0.0,0.0
2015-08-24,0.0260490385331904,0.9481748897902744,0.8084115696015877,0.3615968540755068,0.0,0.0
2015-08-25,0.0345084849678318,0.924793996820834,0.9246445582595372,0.8337447535601796,0.0,0.0
2015-08-26,0.0417559767402577,0.881194873927639,1.140723359665058,1.2459500511008852,0.0,0.0
2015-08-27,0.0133327978596033,0.8252814977318388,1.417491389274832,-0.5290311113862259,0.0,0.0
2015-08-28,0.0208211196287027,0.8097278325139902,1.4950078578638322,-0.0926155566187056,0.0,0.0
2015-08-31,0.0126503029148574,0.7874037905548594,1.6059710569901655,-0.6622853216509016,0.0,0.0
2015-09-01,0.0297173309364926,0.7692890911433722,1.696182481221813,0.4466511349768954,0.0,0.0
2015-09-02,0.0245870538838608,0.7271554469176377,1.9047544307187407,0.04874186362207123,0.0,0.0
2015-09-03,0.01418199761711,0.6965162603206121,2.0564531880654524,-0.7465085481140572,0.0,0.0
2015-09-04,0.0203993993629687,0.6769950473630896,2.153059585356851,-0.31328136482026564,0.0,0.0
2015-09-07,0.0106239813304194,0.6508316610849099,2.282574729950179,-1.103462080892233,0.0,0.0
2015-09-08,0.0069153126702081,0.6333997935129512,2.3688661689818167,-1.4108313249077609,0.0,0.0
2015-09-09,0.0031952534852459,0.6215556044304971,2.4275721745470413,-1.6904505912317624,0.0,0.0
2015-09-10,-0.0040343864931542,0.6103536795934241,2.483182727422278,-2.2421169566843964,1.0,0.0
2015-09-11,-0.0012464140910553,0.6063254909775214,2.5032667059358733,-1.922793686152447,1.0,1.0
2015-09-14,-0.0064580788185928,0.6032115570799373,2.518888273667078,-2.214581948283123,1.0,1.0
2015-09-15,-0.0076205621760379,0.6042394889245833,2.514020924706046,-2.1720882504687404,1.0,1.0
2015-09-16,0.0014302521960436,0.6076881722534823,2.4973279627736176,-1.442148715614973,1.0,1.0
2015-09-18,0.0110547852506059,0.6087423879531877,2.4926850003287218,-0.7546904504666737,1.0,1.0
2015-09-21,0.0061470475311158,0.6096856303223422,2.4886205047439853,-1.0555392237783898,1.0,1.0
2015-09-22,0.0055978463401733,0.6094927370207979,2.489907147661438,-1.0577591057159643,1.0,1.0
2015-09-23,0.0080922522860915,0.6079340423598635,2.4979072013613943,-0.8570393103245321,1.0,1.0
2015-09-24,0.0137017827133965,0.6074929372316705,2.500428730693191,-0.4520584354535048,0.0,1.0
2015-09-28,0.0209291882219262,0.607669616651288,2.5000981690081443,0.05759261861700431,0.0,0.0
2015-09-29,0.0277709598243363,0.6109969724427937,2.484727053173402,0.5166486507977089,0.0,0.0
2015-09-30,0.0338856905969482,0.6101450081949313,2.489697878184427,0.9427913104941967,0.0,0.0
2015-10-01,0.0386935823032446,0.6082109425449671,2.5000513583217794,1.2724583728962937,0.0,0.0
2015-10-05,0.054492745969723,0.5999297039204294,2.5414257103593965,2.3735104898101733,-1.0,0.0
2015-10-06,0.0392687485242384,0.5951616655947274,2.5660401145727625,1.247258948918757,-1.0,-1.0
2015-10-07,0.035669837196977,0.5926926770226544,2.5790410836448983,0.9982149149517345,-1.0,-1.0
2015-10-08,0.0368645590725043,0.5899626012569997,2.59307275720956,1.0914183666755415,-1.0,-1.0
2015-10-09,0.03360140864446,0.5856571933849751,2.6148376599555885,0.8758887852609251,-1.0,-1.0
2015-10-12,0.0254978295027736,0.5836696053827729,2.6252100938076066,0.34378942017409697,0.0,-1.0
2015-10-13,0.0264237675009768,0.5824526280017905,2.6316305009584724,0.4187217254210187,0.0,0.0
2015-10-14,0.0365009553625488,0.5846074033033287,2.621691027745229,1.0745471397082953,0.0,0.0
2015-10-15,0.0346469914178499,0.5835409892491142,2.627644419304772,0.9216378520603997,0.0,0.0
2015-10-16,0.0433065282708784,0.5831116370657979,2.630436709151699,1.4628254075318485,0.0,0.0
2015-10-19,0.0412295825042403,0.5850424765865717,2.621896425562084,1.2779977550813686,0.0,0.0
2015-10-20,0.0416585110077312,0.5838916186107699,2.6282574534397862,1.2680152615780051,0.0,0.0
2015-10-21,0.0386991586158678,0.5809552657782607,2.6433395599448715,1.0504376078713893,0.0,0.0
2015-10-23,0.0426280661339579,0.5824147137884484,2.636976032378056,1.2654638164682952,0.0,0.0
2015-10-26,0.0383070176071713,0.5896866390126362,2.602377530135582,0.9615540315111807,0.0,0.0
2015-10-27,0.0472676407085916,0.5995525135781619,2.5550919639747125,1.4794373287170022,0.0,0.0
2015-10-28,0.0367701914203801,0.6088658351866383,2.5106513022606376,0.7899632076851014,0.0,0.0
2015-10-29,0.0356544684960535,0.6175136681164723,2.469160135095158,0.7094769620025256,0.0,0.0
2015-10-30,0.0103056988068699,0.6126920900859382,2.493021097308441,-0.8185677518445246,0.0,0.0
2015-11-02,-0.003979797960584,0.6149252779213937,2.482235043688916,-1.7010873545408647,0.0,0.0
2015-11-03,0.0006998982850774,0.6155075909053983,2.479409374063972,-1.3396507143192369,0.0,0.0
2015-11-04,0.0070229509993349,0.6159591733126428,2.477227422316875,-0.898622556453618,0.0,0.0
2015-11-05,0.0258424179137168,0.624539233199336,2.435693375812041,0.3007581111010102,0.0,0.0
2015-11-06,0.020547950239997,0.6305916562098113,2.406839994176191,-0.03287705369630656,0.0,0.0
2015-11-09,0.0014671649510407,0.6415896904317299,2.353833970042756,-1.2238448761681364,0.0,0.0
2015-11-10,0.0047663953172421,0.6522206160588497,2.302292888383088,-0.9827586714413815,0.0,0.0
2015-11-13,-0.0207895187741362,0.6615755663828243,2.257130681054985,-2.5198202228234665,1.0,0.0
2015-11-16,-0.021832746856695,0.667258503018355,2.229403814356245,-2.414466495787324,1.0,1.0
2015-11-17,-0.0205452734325959,0.6821888302929918,2.156705929150577,-2.209652271894339,1.0,1.0
2015-11-18,-0.0289946068680819,0.719495490426243,1.9753486234099336,-2.594607950632541,1.0,1.0
2015-11-19,-0.0205185777415271,0.7392591918812473,1.8791444472655177,-1.9912011010449766,1.0,1.0
2015-11-20,-0.0212872777663961,0.7857021657923281,1.6535052892170183,-1.971419295852159,1.0,1.0
2015-11-23,-0.029260518554202,0.8109145058348478,1.5310685710660712,-2.2770235638143594,1.0,1.0
2015-11-24,-0.0237143191211721,0.822877197153944,1.4730194065726856,-1.8953385833241414,1.0,1.0
2015-11-26,-0.0323941451891971,0.8024534568614478,1.5725034499814288,-2.203133900258107,1.0,1.0
2015-11-27,-0.0311959101436438,0.7677667630747612,1.7411301954606238,-2.030253848628124,1.0,1.0
2015-11-30,-0.0229999351412231,0.7256333936971152,1.9459405781777936,-1.5805576498453073,1.0,1.0
2015-12-01,-0.0131518688004494,0.7015678310815128,2.06326535632885,-1.1049068968727038,1.0,1.0
2015-12-02,-0.0092412854998711,0.6870921999465867,2.1339242074263587,-0.9066718800547469,1.0,1.0
2015-12-03,-0.0045681998883466,0.6788095803913358,2.174577280247309,-0.6900309465516938,1.0,1.0
2015-12-04,-0.0109757565669057,0.6610938952065915,2.2610679286085875,-0.9347456155972497,1.0,1.0
2015-12-07,-0.0146045507628405,0.6380814922218863,2.3733125037096574,-1.056967320111956,1.0,1.0
2015-12-08,-0.0284871513511779,0.6135374306085682,2.4930874236822964,-1.6004909627992208,1.0,1.0
2015-12-09,-0.0245773956519852,0.5726723154365895,2.692196228660936,-1.3787064983154518,1.0,1.0
2015-12-10,-0.0183145431464795,0.5005117062879318,3.0443072156731024,-1.0844831318965376,1.0,1.0
2015-12-11,-0.0239416389727207,0.4315701022260975,3.3809761579471056,-1.2795114460578858,1.0,1.0
2015-12-14,-0.0191365721200578,0.3830905514113055,3.6177606455532487,-1.0580119423920678,1.0,1.0
2015-12-15,-0.0201124553321276,0.3156582630515498,3.9473448729498495,-1.0780898117798685,1.0,1.0
2015-12-16,-0.0124629103588154,0.2177764296168315,4.425756266045573,-0.7635857210162375,1.0,1.0
2015-12-17,-0.0002188268735159,0.1554306150460664,4.730831641630306,-0.2897966663180028,0.0,1.0
2015-12-18,-0.0041046161988743,0.08766864439639,5.06280162848487,-0.4439755235477134,0.0,0.0
2015-12-21,0.0005518161269413,0.0240487408577927,5.374457871982577,-0.2617567922419591,0.0,0.0
2015-12-22,-0.0074786222291248,0.0138814676253142,5.42454558554481,-0.5620819726810912,0.0,0.0
2015-12-23,-3.912029196417345e-05,0.0019143751167532,5.483270670691064,-0.26817170161014775,0.0,0.0
2015-12-24,0.00133563599984,-0.0456564398434883,5.716666986674934,-0.21202551165073938,0.0,0.0
2015-12-28,0.0049205053914502,-0.056287935012052,5.769123330908891,-0.0710423862046462,0.0,0.0
2015-12-29,0.0054052746970263,-0.0654776357341254,5.81457854909013,-0.04701716649782279,0.0,0.0
2015-12-30,0.0032753285694251,-0.0958777333248283,5.964013624149118,-0.11867046704351061,0.0,0.0
2015-12-31,0.0122061462096879,-0.1030087181325816,5.999219494905888,0.23970873529907577,0.0,0.0
2016-01-01,0.0183682613646228,-0.0955313373375104,5.962975267924587,0.4951772623353682,0.0,0.0
2016-01-04,-0.0025251222063793,-0.0826907742932722,5.9005695478021485,-0.30628786827090343,0.0,0.0
2016-01-05,-0.0099853514827384,-0.0718706350361536,5.847202787033689,-0.5806869945213321,0.0,0.0
2016-01-06,-0.0055638037967607,-0.0761317574589098,5.867823984818195,-0.3734513931130986,0.0,0.0
2016-01-07,-0.0169130086952488,-0.0752015762866161,5.863022456849022,-0.8244690605471048,0.0,0.0
2016-01-08,-0.0103188313543022,-0.0781324251088453,5.87705202375404,-0.5177070255497522,0.0,0.0
2016-01-11,-0.0129213424825388,-0.0777714811991596,5.874980226139172,-0.6050449079943135,0.0,0.0
2016-01-12,-0.0246106930499161,-0.0837666492794361,5.904133323368394,-1.0860525535865493,0.0,0.0
2016-01-13,-0.0119367198399182,-0.0930457925469197,5.9492919350534965,-0.5027747396457084,0.0,0.0
2016-01-14,-0.0221902756189192,-0.0898994361304487,5.933547131807521,-0.9298553441279542,0.0,0.0
2016-01-15,-0.0300596216268996,-0.0849023747497539,5.908542527449948,-1.2537516878227952,0.0,0.0
2016-01-18,-0.0453845894018463,-0.0584088010935802,5.777580061374883,-1.9305099805050407,0.0,0.0
2016-01-19,-0.0335309908823509,-0.012796801121009,5.552476905454027,-1.3287075246067903,0.0,0.0
2016-01-20,-0.0484506359756018,0.0300078393908051,5.341340430909991,-2.0111761743939427,1.0,0.0
2016-01-21,-0.0403864630965046,0.0943366763534228,5.02419256197049,-1.5700655906788628,1.0,1.0
2016-01-22,-0.0350365042857824,0.1563327540554093,4.7183955915961615,-1.2878567371641276,1.0,1.0
2016-01-25,-0.0227655190499745,0.1887055384455231,4.558196687295985,-0.6469299491311303,1.0,1.0
2016-01-27,-0.0244240759716509,0.2373932908967539,4.31785833996101,-0.7246677080687397,1.0,1.0
2016-01-28,-0.0219774131593233,0.2710545226935485,4.151310365204986,-0.5671812781415607,1.0,1.0
2016-01-29,-0.0115705814115323,0.3264225087159886,3.8782146171282585,0.10072249292346125,0.0,1.0
2016-02-01,-0.0033733209649953,0.3219215459869622,3.89958429641968,0.6463444185898921,0.0,0.0
2016-02-02,-0.0036776815812908,0.3195928252678357,3.9106506749167735,0.6261179601885376,0.0,0.0
2016-02-03,-0.0071553743277692,0.3213837035706376,3.901415752718786,0.411478557440387,0.0,0.0
2016-02-04,-0.0064538606096218,0.3375014588791323,3.821713264859644,0.47763661221365805,0.0,0.0
2016-02-05,-0.0083776650652265,0.3910992165685661,3.55771952920899,0.41115713093985495,0.0,0.0
2016-02-08,-0.0146003907932361,0.4348033658849616,3.342243160986235,0.0194352821698135,0.0,0.0
2016-02-09,-0.0256596012471721,0.4677392322685249,3.1798069982667068,-0.765656103623486,0.0,0.0
2016-02-10,-0.0293827198805578,0.5256075557020367,2.894604987349541,-1.0134783873271838,0.0,0.0
2016-02-11,-0.0326832629473567,0.5583745578294661,2.73297447609204,-1.237259117253308,0.0,0.0
2016-02-12,-0.022254512444924,0.6368836054794773,2.3465643569698544,-0.45518947343586347,0.0,0.0
2016-02-15,-0.018359462152349,0.6859267709472406,2.10511526234143,-0.17088184253870134,0.0,0.0
2016-02-16,-0.0095098993504101,0.718110545327979,1.9466798132217715,0.46009067942332443,0.0,0.0
2016-02-17,-0.012175281349974,0.7325260325494197,1.8754949127324947,0.2522208260705473,0.0,0.0
2016-02-18,-0.0077816987890937,0.7469104170777372,1.8044054567457195,0.561775554241091,0.0,0.0
2016-02-19,-0.002018856012576,0.753062652300201,1.773895110948628,0.961911159328688,0.0,0.0
2016-02-22,-0.0127671375913021,0.7554511380854403,1.7618512071990216,0.14607250967490312,0.0,0.0
2016-02-23,-0.0102522521616976,0.7632908016772906,1.7230401720101178,0.3103840455301703,0.0,0.0
2016-02-24,-0.0254337565491984,0.7697230061866253,1.6911893649679135,-0.8518198803080095,0.0,0.0
2016-02-25,-0.0150484564788135,0.7893586926775931,1.594304993229804,-0.06877941600206898,0.0,0.0
2016-02-26,-0.0056860130066827,0.7995197202239636,1.5438859657823012,0.6349736583557933,0.0,0.0
2016-02-29,-0.012562879306099,0.8012671155157857,1.5347498422919532,0.11509625594127161,0.0,0.0
2016-03-01,-0.0090510494875628,0.8070804964421013,1.5054929313627152,0.389207211587697,0.0,0.0
2016-03-02,-0.0073163929114556,0.8137806520102289,1.472019866788822,0.5166128727696585,0.0,0.0
2016-03-03,0.0001643762696152,0.8152595711598596,1.464212210209634,1.0662602788549813,0.0,0.0
2016-03-04,-0.004875284315748,0.8148670750961566,1.4659274822771682,0.6539072686185393,0.0,0.0
2016-03-08,0.0079359799758194,0.8158371753354297,1.4608066030795306,1.5928050431292433,0.0,0.0
2016-03-09,0.006867780173819,0.8122934923964487,1.477959212787919,1.451373345493014,0.0,0.0
2016-03-10,0.0101303402921777,0.8120830541463544,1.4788010807783976,1.6352078390833888,0.0,0.0
2016-03-11,0.0323893206926642,0.8093423193887246,1.4920640897595567,3.158219658418052,-1.0,0.0
2016-03-14,0.037649298190741,0.7970717277270378,1.5524829244725864,3.2242193064713534,-1.0,-1.0
2016-03-15,0.0321901456916409,0.7806211232286361,1.6334413349032737,2.5916156079392,-1.0,-1.0
2016-03-16,0.0208665781548957,0.7659751393399954,1.7054208350149755,1.7730449263369046,-1.0,-1.0
2016-03-17,0.008683096253871,0.7605797755727242,1.7320790518718183,1.0139705587806545,-1.0,-1.0
2016-03-18,0.0095465784051533,0.7580904274000667,1.744354620372361,1.048934566884688,-1.0,-1.0
2016-03-21,0.0203831294040028,0.7565492834993424,1.7520108131254126,1.6298120058371057,-1.0,-1.0
2016-03-22,0.0250204879384865,0.7542492502891575,1.763512363473133,1.833315267010337,-1.0,-1.0
2016-03-23,0.0276229398409153,0.752396728566943,1.7728865794010091,1.905784043717117,-1.0,-1.0
2016-03-28,0.0145101448809668,0.7504688130736309,1.7827418268122257,1.1541543847495623,-1.0,-1.0
2016-03-29,0.0181989123564094,0.7499190407264862,1.7856131605375285,1.3287477951464444,-1.0,-1.0
2016-03-30,0.0145428211318687,0.754712059717999,1.762584969220717,1.1131905684901602,-1.0,-1.0
2016-03-31,0.0231561519488332,0.767116844671552,1.7024447022416471,1.5481238770390906,-1.0,-1.0
2016-04-01,0.0165832735731208,0.7872985430603862,1.6045769489981594,1.201772666145955,-1.0,-1.0
2016-04-04,0.0115553648101651,0.7981654521312048,1.5519635167213948,0.9200437057843673,-1.0,-1.0
2016-04-05,0.0217177186682659,0.8194779598879438,1.448522312310899,1.4019163289393284,-1.0,-1.0
2016-04-06,0.0257558912376012,0.8324113082847139,1.386003293982057,1.5550550563483858,-1.0,-1.0
2016-04-07,0.026356896823402,0.8421799262254723,1.3389444732575262,1.5233083594125532,-1.0,-1.0
2016-04-08,0.0257394787685747,0.84992584531012,1.3017534294395985,1.4374712610647644,-1.0,-1.0
2016-04-11,0.0278887833719627,0.871636615697615,1.1966912636569011,1.4854132519992649,-1.0,-1.0
2016-04-12,0.011075241461298,0.8964444998048523,1.0766182784863618,0.6554186472667936,-1.0,-1.0
2016-04-13,0.0081005707344488,0.9066087458662708,1.0273923395425149,0.4995967420129566,0.0,-1.0
2016-04-18,0.0247306711644617,0.9194965428194128,0.9649089619640464,1.2474168958788985,0.0,0.0
2016-04-20,0.0275448989692019,0.9366275104945748,0.8819655880523234,1.3375828249103872,0.0,0.0
2016-04-21,0.0205178116077897,0.9565957258827688,0.7853215122437698,0.9773709607717416,0.0,0.0
2016-04-22,0.0355124880065291,0.9702555049633778,0.7191857670380264,1.6681187303462213,0.0,0.0
2016-04-25,0.0289908198085901,0.9845947465327024,0.6501312157838663,1.3226973878056927,0.0,0.0
2016-04-26,0.0171325634088184,0.9978587500210704,0.5860967914488766,0.6978958194943359,0.0,0.0
2016-04-27,0.0066627168377424,1.0287988729010311,0.4361227991454939,0.1283623280570091,0.0,0.0
2016-04-28,0.0121087315732593,1.0447088732514629,0.3590468411060197,0.3931235676422473,0.0,0.0
2016-04-29,0.003663932159009,1.0588534090601602,0.2906017490139909,-0.08825021570434824,0.0,0.0
2016-05-02,-0.0114219577006977,1.0624464987858762,0.2732468494636411,-0.944258822509037,0.0,0.0
2016-05-03,0.0049119473773151,1.0599564362712277,0.2855644147716152,-0.044888479537289076,0.0,0.0
2016-05-04,0.0043043293460032,1.070566760992797,0.2341839222592234,-0.08614477281887065,0.0,0.0
2016-05-05,0.0134134742804814,1.0754309551332246,0.2106581131874563,0.41025035983906466,0.0,0.0
2016-05-06,0.0109172973182474,1.0838219985838276,0.1699170257347377,0.2540111558095073,0.0,0.0
2016-05-09,0.0125300602001061,1.0915967055132845,0.1323448579325461,0.32872795493501267,0.0,0.0
2016-05-10,-0.0004924951546199,1.1112401024481429,0.0371787386872481,-0.41848634502058946,0.0,0.0
2016-05-11,-0.0196528293922471,1.1130826335869073,0.0285280099419606,-1.5216742501694125,0.0,0.0
2016-05-12,-0.0027951996796256,1.1036386681066743,0.0749627909286783,-0.5782460760811774,0.0,0.0
2016-05-13,0.0180591081961365,1.1021274008808604,0.082880870943006,0.6109236167961283,0.0,0.0
2016-05-16,0.0208785109069626,1.1063862903506203,0.0624944703184029,0.764679907982856,0.0,0.0
2016-05-17,0.0263385948627679,1.1172495135014209,0.0097094681307279,1.0902913629942008,0.0,0.0
2016-05-18,0.0141847402041497,1.1264877565596565,-0.0350047555189272,0.26865270869181374,0.0,0.0
2016-05-19,0.016942065083219,1.135997318820501,-0.0814211683820325,0.4286229808167208,0.0,0.0
2016-05-20,0.0241080130579796,1.1416392010510137,-0.1087523299608062,0.886567107558082,0.0,0.0
2016-05-23,0.0181413715351386,1.1470175057173275,-0.1346218305381326,0.45222762241137554,0.0,0.0
2016-05-24,0.0282345649024904,1.1544782582306168,-0.1709318218284981,1.120817741162963,0.0,0.0
2016-05-25,0.0328470794891258,1.1553611590271553,-0.1745623874122195,1.4093458662780394,0.0,0.0
2016-05-26,0.0118575828170257,1.167799273527531,-0.2349831605144476,-0.09461211537669917,0.0,0.0
2016-05-27,-0.004737035387242,1.1627650192653107,-0.2098371366047322,-1.3824873875452275,0.0,0.0
2016-05-30,-0.0103507806983218,1.158588468796454,-0.1894009492652584,-1.856410410077953,0.0,0.0
2016-05-31,-0.013915944272516,1.152063710114961,-0.1575405320354956,-2.1010662760247083,1.0,0.0
2016-06-01,-0.0158657292397972,1.128306729807117,-0.0407294108142357,-2.238549749719485,1.0,1.0
2016-06-02,-0.0154446380341646,1.1024861651342803,0.0863243195660405,-2.1615359884148915,1.0,1.0
2016-06-03,-0.0491949182238,1.0780913158170142,0.2065785592935798,-4.561031439479104,0.0,1.0
2016-06-06,-0.0380872731144545,1.0230895167932108,0.4769503906053014,-3.2009833081379355,1.0,0.0
2016-06-07,-0.0404349185823784,0.9820112483422404,0.6792167739794772,-3.0881810718134024,1.0,1.0
2016-06-08,-0.0296369876835909,0.9404546465241764,0.883674946299184,-2.237839163948467,1.0,1.0
2016-06-09,-0.0219182714278467,0.9121690046541236,1.0230587256916888,-1.7150932137878983,1.0,1.0
2016-06-10,-0.0161629815861141,0.8901284572649438,1.131786389481518,-1.3533145497621684,1.0,1.0
2016-06-13,-0.0287416903178687,0.882430112562856,1.169502052709154,-1.9468242166015568,1.0,1.0
2016-06-14,-0.0238943063751682,0.8720114390560418,1.220356134472941,-1.6227093677265172,1.0,1.0
2016-06-15,-0.0227963251537346,0.8615947096452868,1.2713918815154317,-1.5069515459870433,1.0,1.0
2016-06-16,-0.0149717450295785,0.840651798611751,1.374729259105269,-1.0656661749809646,1.0,1.0
2016-06-17,-0.0032603750912141,0.8172257134707598,1.4907530733185723,-0.4676046378764134,0.0,1.0
2016-06-20,-0.0018250673182373,0.8003764365136088,1.574503955401814,-0.38687279969204186,0.0,0.0
2016-06-21,-0.000635991466702,0.7903123032539195,1.624569532040432,-0.31214737035344975,0.0,0.0
2016-06-22,0.0114552409937727,0.7831240212704184,1.660366129005852,0.29902833048239347,0.0,0.0
2016-06-23,0.018676787705274,0.7799481874347508,1.6764543540873151,0.6723946119629305,0.0,0.0
2016-06-24,0.008222598236133,0.7734559712455091,1.7093351524916731,0.15159029699938717,0.0,0.0
2016-06-27,0.0006199868258791,0.7629257825178416,1.7620276751298367,-0.21621415668826233,0.0,0.0
2016-06-28,0.0025879795452521,0.7518345256186455,1.817465478333554,-0.10741682287232217,0.0,0.0
2016-06-29,0.0024118495690985,0.7440436981364034,1.8564396119689095,-0.09986142485852408,0.0,0.0
2016-06-30,-0.0007364226223613,0.7325545961438702,1.913880513336199,-0.24612921876784666,0.0,0.0
2016-07-01,0.0073378985118948,0.7196320974789403,1.97848318456386,0.16894496911056506,0.0,0.0
2016-07-04,0.0148761376730415,0.7075059035367196,2.0391627749816834,0.562745986905575,0.0,0.0
2016-07-05,0.0117968921382045,0.697856132249048,2.087632700028484,0.41974173503700213,0.0,0.0
2016-07-07,0.0236328742271467,0.6824145873192117,2.164874341215816,1.0448978611767212,0.0,0.0
2016-07-08,0.0163131757367325,0.6696291886648634,2.22915607766782,0.6717964404820533,0.0,0.0
2016-07-11,0.022066520204095,0.6573103813199338,2.2909653170950706,0.9878599975026781,0.0,0.0
2016-07-12,0.0213593325152059,0.639032926652798,2.3827897744544155,0.9352414379039997,0.0,0.0
2016-07-13,0.0079218049857741,0.6305251368484344,2.425985782914844,0.22788373027799688,0.0,0.0
2016-07-14,0.0057018793086212,0.6204679447729778,2.476481842699537,0.12959025773365457,0.0,0.0
2016-07-15,0.0314335396573048,0.614093231102614,2.508540836854668,1.5027201632016676,0.0,0.0
2016-07-18,0.0297143874937999,0.6185505611662724,2.4871683300205847,1.3865853707292006,0.0,0.0
2016-07-19,0.0201150997529317,0.6314805176767048,2.423348166271184,0.9000976619397335,0.0,0.0
2016-07-20,0.0272016083498378,0.6336390552100996,2.413109355931688,1.2904612655067247,0.0,0.0
2016-07-21,0.0409001770436856,0.6482364979128646,2.340923955279504,1.9871041560783782,0.0,0.0
2016-07-22,0.0420164066360393,0.6585811938175077,2.290197609381702,1.9528442249637454,0.0,0.0
2016-07-25,0.0501759263044871,0.6651377989829502,2.258376526541213,2.273356048532835,-1.0,0.0
2016-07-26,0.0534709382080005,0.6842630053365256,2.1639070372706724,2.300445760373462,-1.0,-1.0
2016-07-27,0.048608126544865,0.6813643897534353,2.1797071535260684,1.9459378328384433,-1.0,-1.0
2016-07-28,0.0600967050614982,0.6795330083085402,2.1899455322084203,2.3625398672199283,-1.0,-1.0
2016-07-29,0.0452772070670826,0.6781870913002476,2.1979154121811275,1.5947588841874538,-1.0,-1.0
2016-08-01,0.0503434109893494,0.6922075830153481,2.1287430830830933,1.7503554774877645,-1.0,-1.0
2016-08-02,0.0438313219692458,0.6867746854007114,2.1569644626172217,1.4179305818565688,-1.0,-1.0
2016-08-03,0.0440827099560072,0.6979172299620904,2.1020930739475334,1.3842102315531852,-1.0,-1.0
2016-08-04,0.0433580793851291,0.7012427231599458,2.0864048341069026,1.3070594931398616,-1.0,-1.0
2016-08-05,0.032396177511528,0.7004207888167541,2.0916858163577903,0.8348394803146149,-1.0,-1.0
2016-08-08,0.0340138343104832,0.7153132345614137,2.017976503505791,0.8723706395010672,-1.0,-1.0
2016-08-09,0.0373758224231415,0.7332604425327608,1.9288065382701245,0.9871921259135311,-1.0,-1.0
2016-08-10,0.0234548860356014,0.7557611738400389,1.8167341396255607,0.4343765158527184,0.0,-1.0
2016-08-11,0.0205696104997623,0.7750233203579887,1.7205757432510946,0.32559045772895606,0.0,0.0
2016-08-12,0.0222434967982163,0.7806576422148238,1.692748837171537,0.38559083029618946,0.0,0.0
2016-08-16,0.01044555018689,0.7886775015981171,1.6529635535322842,-0.07138976510631644,0.0,0.0
2016-08-17,0.0235218990030858,0.8105741737330628,1.5433509029413504,0.44044412627877183,0.0,0.0
2016-08-18,0.0169530750198037,0.8301368745666774,1.4456760926186742,0.18399964166320384,0.0,0.0
2016-08-19,0.0162639970940494,0.9079776664450192,1.0555403482893162,0.16523292342929233,0.0,0.0
2016-08-22,0.0233442554119669,1.0359898607776372,0.4134118272059126,0.45124163742439527,0.0,0.0
2016-08-23,0.0148842195883132,1.110785715355303,0.0383316357104996,0.115736896419144,0.0,0.0
2016-08-24,0.0241348873218072,1.1434706312436749,-0.125491201443598,0.46261940605965307,0.0,0.0
2016-08-25,0.0146654725976063,1.1795123190998609,-0.3059354770743878,0.07299672229534677,0.0,0.0
2016-08-26,0.0125810541193329,1.2003486545708697,-0.4101995806522565,-0.027181008756208484,0.0,0.0
2016-08-29,-0.0042044046488447,1.2120212478828432,-0.4684632224311968,-0.7151880476186415,0.0,0.0
2016-08-30,0.0132800752851576,1.1959312940167512,-0.3876331746721524,-0.026185518054202904,0.0,0.0
2016-08-31,-0.0041128365638369,1.2447929966802085,-0.6318944171736085,-0.8122030639961693,0.0,0.0
2016-09-01,-0.0162019795271621,1.2409959399371464,-0.6121799950436912,-1.4050496239912018,0.0,0.0
2016-09-02,-0.0191692191798793,1.2258439484418513,-0.5354880349442537,-1.6124988178836581,0.0,0.0
2016-09-06,-0.0109192066518479,1.175305536034735,-0.281265868931654,-1.2608680660406022,0.0,0.0
2016-09-07,0.0003020541972871,1.1362648807832734,-0.0847149334541672,-0.7561962406452094,0.0,0.0
2016-09-08,-0.0188816660886201,1.1188394678476947,0.0033837934617517,-1.7019059812115063,0.0,0.0
2016-09-09,-0.0141266387553873,1.0699405510540587,0.2496569109870794,-1.5052002375341644,0.0,0.0
2016-09-12,-0.0130977595623518,1.027978064070587,0.4611476251742967,-1.4840506904118507,0.0,0.0
2016-09-14,-0.0115889130757578,1.007720940931488,0.5636132397939981,-1.4377541831098954,0.0,0.0
2016-09-15,-0.0060382742635916,0.9799696299684372,0.7036954116709344,-1.1671992329929568,0.0,0.0
2016-09-16,0.0111248687783787,0.9585566458024526,0.8118463100778683,-0.2990977515951687,0.0,0.0
2016-09-19,0.0091716832527852,0.9527277263886402,0.8418852321212702,-0.41099594241296866,0.0,0.0
2016-09-20,0.0195929687557203,0.9401834302734168,0.9056836832927546,0.10887189953957885,0.0,0.0
2016-09-21,0.0277866490012712,0.9343832365646368,0.9355068653768585,0.5194435156866108,0.0,0.0
2016-09-22,0.0297988922154992,0.935889300972929,0.928595999498941,0.612851479826664,0.0,0.0
2016-09-23,0.032406641624135,0.9288589167804427,0.9648455831791578,0.726374910448448,0.0,0.0
2016-09-26,0.0287334107524976,0.9155452905750155,1.0329692978027012,0.514285787529377,0.0,0.0
2016-09-27,0.0332655455205221,0.8946138950024757,1.1394424220273836,0.7254846747531907,0.0,0.0
2016-09-28,0.0325532913545396,0.876491645001833,1.2319129396517043,0.6641654337626438,0.0,0.0
2016-09-29,0.0283747510030254,0.8634146686088722,1.299064156468292,0.42430715976873096,0.0,0.0
2016-09-30,0.0187705440664327,0.8339022019966671,1.4488662924189688,-0.08858131299147284,0.0,0.0
2016-10-03,0.0178323995240683,0.8037242064357433,1.6017672604602191,-0.14045106925902634,0.0,0.0
2016-10-04,0.015712220194846,0.7677585412502193,1.7839443638046064,-0.25556791019201286,0.0,0.0
2016-10-05,0.021783101821621,0.747071120089796,1.8889167331576031,0.06532530521304863,0.0,0.0
2016-10-06,0.0170066119369947,0.7048046113955777,2.103004585312703,-0.1864967003921088,0.0,0.0
2016-10-07,0.0155613827972156,0.6833542480546995,2.211980010689973,-0.2568470112204115,0.0,0.0
2016-10-10,0.0198345864185238,0.662658552285025,2.3171679130252434,-0.0307942060319287,0.0,0.0
2016-10-13,0.0083442017740416,0.6498049631086259,2.3831056197920173,-0.6373935254098687,0.0,0.0
2016-10-14,-0.0012198611146052,0.6450808784705663,2.4078952547866947,-1.1377874428439958,0.0,0.0
2016-10-17,-0.0106190126528646,0.6364669665966647,2.4517368660624435,-1.5854905406560817,0.0,0.0
2016-10-18,-0.0010476443947831,0.6371132660669843,2.4487181210264506,-1.0381279044440685,0.0,0.0
2016-10-19,0.0011906460624668,0.6328582500832982,2.470730383910465,-0.8989242181637757,0.0,0.0
2016-10-20,-0.0001779071817971,0.6336947742120591,2.4669709675085763,-0.9409592933676476,0.0,0.0
2016-10-21,0.0041960148077615,0.623792970069165,2.517131519196919,-0.6908606587261988,0.0,0.0
2016-10-24,-0.0062745545616436,0.6146847084720524,2.563334995270302,-1.1943536637465282,0.0,0.0
2016-10-25,-0.0160952747665534,0.6123702676263993,2.5749323657076206,-1.6639165906969684,0.0,0.0
2016-10-26,-0.0437663633068874,0.6129155550127969,2.5718715865089545,-3.047824192761795,1.0,0.0
2016-10-27,-0.0275388498567634,0.5604459914612259,2.836048336462439,-2.030520347865996,1.0,1.0
2016-10-28,-0.0296836958808754,0.5493309460261367,2.8915501599400297,-2.0891093716939624,1.0,1.0
2016-11-01,-0.0181819822360878,0.5058592157591614,3.110648034695851,-1.436672495670647,1.0,1.0
2016-11-02,-0.0274866671639459,0.4932075278101825,3.1742312449414447,-1.868381652112149,1.0,1.0
2016-11-03,-0.0206862638782037,0.4694588089151587,3.2938101373458,-1.4638928110314124,1.0,1.0
2016-11-04,-0.0253567815970097,0.4481464536305672,3.401218809008866,-1.65914957510547,1.0,1.0
2016-11-07,-0.021290461051755,0.4297883164402136,3.4936399214981138,-1.4049740964526498,1.0,1.0
2016-11-08,-0.0219439353512398,0.4112877062214874,3.5869237767015614,-1.3912932370986189,1.0,1.0
2016-11-09,-0.0281421466332494,0.3830134000272693,3.729604096491195,-1.661521927231758,1.0,1.0
2016-11-10,-0.0031445345175089,0.3357653045294729,3.9681596923669096,-0.33902206841660665,0.0,1.0
2016-11-11,-0.0030474811198262,0.3012874080642687,4.142854534692437,-0.3140875168009805,0.0,0.0
2016-11-15,-0.010341827788858,0.2670742519543453,4.316279656205555,-0.6715439436700205,0.0,0.0
2016-11-16,-0.0133384818087878,0.2328201193461565,4.489819407424572,-0.8021034201390931,0.0,0.0
2016-11-17,-0.027028944100508,0.2188468079474183,4.560771883524327,-1.4850947403605692,0.0,0.0
2016-11-18,-0.0432598191670956,0.2131579299643566,4.589447759019332,-2.2631980604025403,1.0,0.0
2016-11-21,-0.0476271122537377,0.2404256631655825,4.450924871928661,-2.3515915558087075,1.0,1.0
2016-11-22,-0.047809802393316,0.306195625687355,4.117538092660828,-2.2210220555946796,1.0,1.0
2016-11-23,-0.055181403224449,0.356883186550483,3.860361454780836,-2.4463848618407504,1.0,1.0
2016-11-24,-0.0548388334567153,0.4257413896063953,3.511127856663281,-2.2786577063263116,1.0,1.0
2016-11-25,-0.0329540688421992,0.5500943601771359,2.8810140736965013,-1.2133948974575333,1.0,1.0
2016-11-28,-0.0320858702982134,0.604084053826777,2.60730615525509,-1.1350387295645992,1.0,1.0
2016-11-29,-0.0295003563927949,0.6544774231912532,2.351836012396567,-0.9870707054731787,1.0,1.0
2016-11-30,-0.0185259689335413,0.6967248347476397,2.1378846957293463,-0.4968953877306793,0.0,1.0
2016-12-01,-0.0089953029063876,0.7184871145252815,2.02737610595046,-0.07136384081924474,0.0,0.0
2016-12-02,0.0060326874886449,0.7256123128018458,1.9910553729429104,0.5709847750907346,0.0,0.0
2016-12-05,0.0049838699009301,0.7152118381792028,2.0437101297977938,0.5099022860635339,0.0,0.0
2016-12-06,-0.0012285992488658,0.709109765532206,2.0746368095354457,0.22912414760933794,0.0,0.0
2016-12-07,-0.012491261486629,0.7054118825495586,2.0931742632228576,-0.2559187153046137,0.0,0.0
2016-12-08,-0.0102758968939808,0.7149683536006064,2.044578927636361,-0.15284194670570264,0.0,0.0
2016-12-09,-0.0074297379865408,0.7247327766621807,1.9951792454830335,-0.03815689148141231,0.0,0.0
2016-12-12,-0.0033477332246389,0.73182533417013,1.9593011643213332,0.13090698563263242,0.0,0.0
2016-12-13,-0.0025120726086536,0.7388135720683088,1.9240872632615007,0.1596667927791514,0.0,0.0
2016-12-14,-0.0079187039876145,0.7449413175743823,1.893267144253941,-0.0771953292849618,0.0,0.0
2016-12-15,-0.0033287399691852,0.7534950760633152,1.850054000591606,0.11977753607615407,0.0,0.0
2016-12-16,0.0073381569054915,0.7487939781102022,1.8734470760260569,0.5873499958342678,0.0,0.0
2016-12-19,0.0011919283151713,0.7357333666698836,1.9391420151301468,0.32577384128832493,0.0,0.0
2016-12-20,0.0066522687812007,0.7280209810308066,1.9776450965374224,0.5785464735602764,0.0,0.0
2016-12-21,0.0030442216356161,0.7150396727097267,2.0426113256952547,0.4449101007851163,0.0,0.0
2016-12-22,0.0032087726784681,0.7004332036901388,2.11558511345122,0.48190043280824796,0.0,0.0
2016-12-23,0.0150045760584545,0.6833387772338303,2.200972465577131,1.0613002211510947,0.0,0.0
2016-12-26,0.0048947187884507,0.6627137771194943,2.304349349403013,0.6146780355955647,0.0,0.0
2016-12-27,0.0121738163829481,0.6502069044098131,2.3666359333896616,1.0074149565708739,0.0,0.0
2016-12-28,0.0119748890433601,0.6339022032804997,2.4480985158318656,1.040688109106489,0.0,0.0
2016-12-29,0.0267333668441183,0.6231223627813454,2.5018676328849607,1.8217869910738353,0.0,0.0
2016-12-30,0.020959424953117,0.6034214349134954,2.600778899597486,1.506764176045279,0.0,0.0
2017-01-02,0.0164813416963389,0.584578346983907,2.6952062867822386,1.2754999415406396,0.0,0.0
2017-01-03,0.0119568271077867,0.565898067777448,2.788710980761385,1.0486913107364664,0.0,0.0
2017-01-04,0.0203515852807294,0.5511048861630862,2.8625227573555656,1.4906611155903118,0.0,0.0
2017-01-05,0.0167720305225889,0.5295792066208637,2.970258922254484,1.302588797410063,0.0,0.0
2017-01-06,0.0089534583365296,0.5115604278332619,3.060312370683139,0.9086675807515303,0.0,0.0
2017-01-09,0.0154186167888257,0.499087368671747,3.122325844813429,1.255038872220817,0.0,0.0
2017-01-10,0.0284923746324108,0.4877522660636977,3.1789112924174106,1.8981939020664964,0.0,0.0
2017-01-11,0.0332185378934588,0.4711933668684486,3.261965059582536,2.052520204366679,-1.0,0.0
2017-01-12,0.0336428094638563,0.4621419871943165,3.3076720459380224,1.9697986400694187,-1.0,-1.0
2017-01-13,0.0311467022476885,0.4496798780283307,3.3702636672457853,1.7695133044583518,-1.0,-1.0
2017-01-16,0.0408099672114614,0.4378679122902108,3.4295076352760057,2.1368372821420434,-1.0,-1.0
2017-01-17,0.0358917261767199,0.4259811419392176,3.4892944066048823,1.8194250677085397,-1.0,-1.0
2017-01-18,0.0357116879112853,0.409257114196872,3.5730706856818246,1.74400258182684,-1.0,-1.0
2017-01-19,0.031654672447438,0.3954730636504979,3.64225105276434,1.506260331470858,-1.0,-1.0
2017-01-20,0.0338390101312826,0.3850680996100144,3.694607932630444,1.5373957429477758,-1.0,-1.0
2017-01-23,0.0346504526203303,0.3824120181264243,3.708587143721356,1.5223563129709032,-1.0,-1.0
2017-01-24,0.046865506941035,0.3756198376474346,3.743044277264831,1.9545968346662692,-1.0,-1.0
2017-01-25,0.0390379195985932,0.3726539324526423,3.75858341666369,1.5582062152677572,-1.0,-1.0
2017-01-27,0.0434926025877566,0.3883117143387883,3.680843766022957,1.6693915746750256,-1.0,-1.0
2017-01-30,0.0410834006194815,0.4106968853636369,3.569776992001564,1.5113607954103274,-1.0,-1.0
2017-01-31,0.0418811951026318,0.4259291780710385,3.4943528162649167,1.484072176697469,-1.0,-1.0
2017-02-01,0.053219868711718,0.446998998920003,3.389922207017415,1.8537388704349225,-1.0,-1.0
2017-02-02,0.0496444283738384,0.4752824505423784,3.2496522865030983,1.6400966902160459,-1.0,-1.0
2017-02-03,0.060300565233057,0.5054342433597184,3.100105235101164,1.960196621770566,-1.0,-1.0
2017-02-06,0.0584908983051981,0.5573484229539762,2.8423519687246883,1.8089480404669704,-1.0,-1.0
2017-02-07,0.0456724315656487,0.593585330897788,2.6625850143727026,1.2845879170278753,-1.0,-1.0
2017-02-08,0.0462627835476743,0.6394488611515317,2.434675101491961,1.2616005896897369,-1.0,-1.0
2017-02-09,0.0357974525599362,0.6792041565196757,2.237293921847332,0.8635234352375689,-1.0,-1.0
2017-02-10,0.0300680171365579,0.7068266295163603,2.100194565323372,0.6412339353653482,-1.0,-1.0
2017-02-13,0.0182019591931665,0.751206349835034,1.879702371812065,0.2092910099421558,0.0,-1.0
2017-02-14,0.0166654640338617,0.8079839054621978,1.5974981765277807,0.12544948086895666,0.0,0.0
2017-02-15,0.0281243287703922,0.843545001530512,1.4210614165599456,0.51373602885046,0.0,0.0
2017-02-16,0.0185788425024737,0.8966974672383093,1.157188220041422,0.12044390949842168,0.0,0.0
2017-02-17,0.0455383108446687,0.9436573371691158,0.9242103121342566,1.1917173370355405,0.0,0.0
2017-02-20,0.0631309275723817,0.985765866241882,0.715667001454591,1.9811381901545433,0.0,0.0
2017-02-21,0.0602674028517986,1.046973416049576,0.4119266107563444,1.8071812131947351,0.0,0.0
2017-02-22,0.0456330881970687,1.100963927765588,0.1441859608487909,1.105378018893157,0.0,0.0
2017-02-23,0.0167882805203305,1.1354362143913157,-0.0263548865225757,-0.28400036210794444,0.0,0.0
2017-02-27,0.0282305433793297,1.1574154165854589,-0.135006212174491,0.24086490321415077,0.0,0.0
2017-02-28,0.0208579053276727,1.176284898941932,-0.2281642632239648,-0.1561972525795313,0.0,0.0
2017-03-01,-0.0114634377937905,1.1858376129133636,-0.2753386817981536,-1.8081354382899009,0.0,0.0
2017-03-02,-0.0072308564129244,1.1731437719506643,-0.2117353567838824,-1.5496711317527918,0.0,0.0
2017-03-03,0.0004826074698867,1.1642012506281956,-0.1666615531799111,-1.1530126498233575,0.0,0.0
2017-03-06,-0.0104608477035812,1.1584185444253887,-0.1370606083599339,-1.7320906358765735,0.0,0.0
2017-03-07,-0.0037520260153822,1.1510456023092557,-0.0995375573023826,-1.3948391846700903,0.0,0.0
2017-03-08,-0.010734309725227,1.146282393060039,-0.0750203049834432,-1.7564597236638482,0.0,0.0
2017-03-09,-0.009264758653936,1.1335959943678915,-0.0111095834096852,-1.659833594465274,0.0,0.0
2017-03-10,-0.0090907617190918,1.1220447283876906,0.0471781335698908,-1.6317109860552326,0.0,0.0
2017-03-14,-0.0104593753045518,1.108591855531579,0.1151094247841379,-1.6958224869209673,0.0,0.0
2017-03-15,-0.0157096613610683,1.094392718864268,0.1867199245919542,-1.9320122077920046,0.0,0.0
2017-03-16,-0.0229352576968535,1.079353438198883,0.2622914972256982,-2.2104051157923204,1.0,0.0
2017-03-17,-0.0108071312831805,1.0583794481811803,0.3676956877529189,-1.5631696988934334,1.0,1.0
2017-03-20,-0.0103554536184917,1.0459413086112408,0.4303878227767743,-1.5051957061201175,1.0,1.0
2017-03-21,-0.0117748028742257,1.0324681799169653,0.4984047159284666,-1.540784651331622,1.0,1.0
2017-03-22,-0.0205156165230029,1.0179380877300837,0.571714058160115,-1.897417140104833,1.0,1.0
2017-03-23,-0.0256629471298603,1.003233682759915,0.6456045007517046,-2.0409029985827334,1.0,1.0
2017-03-24,-0.0404005011748251,0.9822828699275707,0.7510820377965333,-2.5775980345136005,1.0,1.0
2017-03-27,-0.0379621488806094,0.9552590984298482,0.8869093068880955,-2.3158271257813148,1.0,1.0
2017-03-28,-0.0150734189038095,0.9311413822284345,1.0082406972381577,-1.3148218046771065,1.0,1.0
2017-03-29,-0.0062848107533426,0.9231861838664388,1.048236500090236,-0.9400518531392014,1.0,1.0
2017-03-30,0.0121691586957615,0.916121053523142,1.084038316528786,-0.22633878219476072,0.0,1.0
2017-03-31,-0.0118399107946274,0.914635560992346,1.0920094935778115,-1.1208754490098578,0.0,0.0
2017-04-03,-0.0210759333156564,0.9020646510750564,1.1556850238599532,-1.4368257586757356,0.0,0.0
2017-04-05,-0.0343771795665563,0.8917464004262703,1.2075959025064469,-1.8717481972036951,0.0,0.0
2017-04-06,-0.0317717327099078,0.8713574969834725,1.3104076352795362,-1.6970754700196333,0.0,0.0
2017-04-07,-0.0081032767982227,0.8446482870126792,1.4456696184683553,-0.8169373286123675,0.0,0.0
2017-04-10,-0.0145093538768605,0.832058395530847,1.5096864115685067,-1.0191497682853887,0.0,0.0
2017-04-11,-0.0132820398934114,0.822204806570157,1.5595831394493231,-0.9460035728846734,0.0,0.0
2017-04-12,-0.0079071979808187,0.8119414428451606,1.6116625896988823,-0.7332846817298383,0.0,0.0
2017-04-13,-0.0097281142631908,0.8037915357367245,1.6531197554239796,-0.7713972181940362,0.0,0.0
2017-04-17,-0.0186592126092293,0.7933080649794009,1.7064826204214611,-1.0503338821707375,0.0,0.0
2017-04-18,-0.0049853840367006,0.7825604237911972,1.7609536239620338,-0.5519534597895306,0.0,0.0
2017-04-19,0.0019968544621713,0.7755257227935916,1.7968303103865413,-0.29301755910093663,0.0,0.0
2017-04-20,-0.0005958890354489,0.769202407130086,1.8292710994570656,-0.36422895517015585,0.0,0.0
2017-04-21,0.030739905271309,0.7592107017810567,1.8804383401872011,0.7298949869780025,0.0,0.0
2017-04-24,0.0407260067980841,0.7624131549034998,1.8647963396882716,1.0764141295048093,0.0,0.0
2017-04-25,0.0398010950956053,0.7710233393363372,1.821771593294856,1.0375336462676858,0.0,0.0
2017-04-26,0.0446493756091381,0.7854695374202538,1.7487777279286414,1.2136711558831828,0.0,0.0
2017-04-27,0.0396853646993307,0.7953028865416496,1.699971203028486,1.0355818766976406,0.0,0.0
2017-04-28,0.0363385593094767,0.806066990204172,1.6461280843355857,0.9250932513325743,0.0,0.0
2017-05-02,0.0169664089474084,0.8099550586641922,1.6273038358265757,0.26167527932687706,0.0,0.0
2017-05-03,0.0197661800121906,0.8069617175517414,1.6433240007995051,0.37651568103389693,0.0,0.0
2017-05-04,0.0229771831759464,0.8101331074600232,1.6276576020368738,0.5179850711483962,0.0,0.0
2017-05-05,0.0179486408640219,0.8126251838167841,1.6154948439252168,0.36079285714450016,0.0,0.0
2017-05-08,0.0196223844319991,0.8211376672008492,1.5721426996301355,0.4606467532034599,0.0,0.0
2017-05-09,0.019748828281596,0.831103731196142,1.5213169489786642,0.5045587489233201,0.0,0.0
2017-05-10,0.010597071138183,0.8336573698138098,1.5086949040780937,0.1725400184311701,0.0,0.0
2017-05-11,-0.0015866659297696,0.8365337686181751,1.4941745999704512,-0.2865181323285784,0.0,0.0
2017-05-12,-0.0130832450811135,0.8265441590460602,1.5456770112719518,-0.7294731626311711,0.0,0.0
2017-05-15,-0.0253522550422076,0.8049298699712523,1.6568897098474578,-1.201869059801823,0.0,0.0
2017-05-16,-0.0064109348307912,0.7693884402925422,1.8398103554716176,-0.399661504843018,0.0,0.0
2017-05-17,0.0005506018114567,0.7483378981546154,1.9485655837143605,-0.10415881875079805,0.0,0.0
2017-05-18,0.0077416283987159,0.7369679358425564,2.007446915429278,0.2058582884514471,0.0,0.0
2017-05-19,0.0149289202858309,0.7270870521845414,2.058887654313757,0.5069309899702247,0.0,0.0
2017-05-22,0.020333636642523,0.7384473504010943,2.0004312550557963,0.7668385421448681,0.0,0.0
2017-05-23,0.0148545358281735,0.7670498664440666,1.8526916732461445,0.598902730913835,0.0,0.0
2017-05-24,0.0151357103408065,0.7978593044387426,1.6932811168415407,0.6832589067010225,0.0,0.0
2017-05-25,0.0274921630358448,0.8262926774749461,1.5461676777228073,1.3305209080447482,0.0,0.0
2017-05-26,0.0231928417142261,0.8508655865357627,1.419394137462171,1.1034653237994738,0.0,0.0
2017-05-29,0.0207513533800272,0.8848037849014059,1.2438447796316616,0.9954059719567603,0.0,0.0
2017-05-30,0.0225390896417598,0.9174632629664232,1.0747766716717555,1.0817621386917395,0.0,0.0
2017-05-31,0.0214241575082114,0.933701967238977,0.990986662836394,0.9938546816079584,0.0,0.0
2017-06-01,0.0185055822554627,0.9514408005810536,0.8993342501632817,0.8255783722353703,0.0,0.0
2017-06-02,0.0177262806031617,0.9730132359002508,0.787602376518195,0.7698884425426004,0.0,0.0
2017-06-05,0.0154188307224512,0.9890685657242416,0.7045088851212622,0.637237742136378,0.0,0.0
2017-06-06,0.0166226061829508,1.0102866360852665,0.594424513181929,0.677124168584304,0.0,0.0
2017-06-07,0.0140268740978219,1.028950602528202,0.4976150706600517,0.5332506105026772,0.0,0.0
2017-06-08,0.0041348299572625,1.048641507251867,0.3953406541812425,0.04973261911318911,0.0,0.0
2017-06-09,0.009704481015067,1.0643999843436789,0.3132487813077711,0.3022999716339767,0.0,0.0
2017-06-12,0.0187913218455477,1.083102167260434,0.2159065548474217,0.717345753496398,0.0,0.0
2017-06-13,0.0249534884901754,1.102366675475664,0.1158198316774283,0.9848513574137833,0.0,0.0
2017-06-14,0.0273652091541398,1.119091814102421,0.0291291909908109,1.0685178213988151,0.0,0.0
2017-06-15,0.0282061497580956,1.1431085643338896,-0.0956933701820483,1.073627026824148,0.0,0.0
2017-06-16,0.0058590806681388,1.1655841570758585,-0.2125300060912565,-0.02025078300696152,0.0,0.0
2017-06-19,0.0134055920364799,1.1779147695973486,-0.2769104776628479,0.3254190952088159,0.0,0.0
2017-06-20,0.0141753054378312,1.1890789581627794,-0.3349537674969411,0.33982193391847976,0.0,0.0
2017-06-21,0.0099058645161091,1.1954864836889842,-0.3680826599958884,0.10351369146183313,0.0,0.0
2017-06-22,0.0021071301391515,1.191503999948546,-0.3467771265744792,-0.3400436687429552,0.0,0.0
2017-06-23,0.0061358749877991,1.180971027445535,-0.2914171179399893,-0.17414697766676387,0.0,0.0
2017-06-27,0.0119050337755526,1.184188559163988,-0.3081138135459644,0.12430641124141513,0.0,0.0
2017-06-28,0.0137512547232709,1.1956818572985304,-0.3680817529257583,0.21152553905350682,0.0,0.0
2017-06-29,0.0478622446077059,1.2190370251413931,-0.4902819555320743,2.119045156062646,-1.0,0.0
2017-06-30,0.0308114724008454,1.226326765522088,-0.5275938588040141,1.0835895596226033,-1.0,-1.0
2017-07-03,0.0429718527325171,1.225196160808225,-0.5209874468115201,1.7313358017537976,-1.0,-1.0
2017-07-04,0.0260447610248677,1.213241053415689,-0.4572424882018513,0.7428351533760329,-1.0,-1.0
2017-07-05,0.0211838810619724,1.200869713157719,-0.3915275089678243,0.4311256211875398,0.0,-1.0
2017-07-06,0.0286065816087139,1.1992737078869853,-0.3826952153008029,0.8664395971979792,0.0,0.0
2017-07-07,0.025261408176159,1.1904721508334903,-0.3358743656655072,0.6291355619348801,0.0,0.0
2017-07-10,0.0261722654681735,1.1805168631184038,-0.283013059835107,0.6630741201722535,0.0,0.0
2017-07-11,0.0393148827312774,1.1734461781308942,-0.2452839743407677,1.5059054819652902,0.0,0.0
2017-07-12,0.040825726561299,1.1602003173251465,-0.1749260425457039,1.5639568967294664,0.0,0.0
2017-07-13,0.0347885743528992,1.1325619743942876,-0.0288879295025425,1.1305013716358945,0.0,0.0
2017-07-14,0.0146278155864472,1.1133284148902305,0.0728561055450907,-0.3041494446462799,0.0,0.0
2017-07-17,0.0132225358890281,1.0961236678516697,0.1635581056728341,-0.4212779003586923,0.0,0.0
2017-07-18,0.0169137415407343,1.069061287237289,0.3061098162975737,-0.1805504704180671,0.0,0.0
2017-07-19,0.0026231335878144,1.0860282788093307,0.2173274779238934,-1.1913677954782314,0.0,0.0
2017-07-20,0.0288353114171391,1.104296893931413,0.1213411207028727,0.7437928466059874,0.0,0.0
2017-07-21,0.0006546710783634,1.1402027240804813,-0.0668126505013502,-1.3063463573737182,0.0,0.0
2017-07-24,0.0258947486126208,1.1722956271169107,-0.2356126744981708,0.6181462953065047,0.0,0.0
2017-07-25,0.0330666590424586,1.2105827382228624,-0.4364407909766408,1.1980459209357395,0.0,0.0
2017-07-26,0.0374441821741307,1.2715486273883407,-0.7564438516547716,1.546350993516509,0.0,0.0
2017-07-27,0.0448033107202245,1.2958906653915474,-0.8836611945692558,2.0467500283979656,-1.0,0.0
2017-07-28,0.0165237998759417,1.3464064975172665,-1.148408290401159,-0.11764252762024274,0.0,-1.0
2017-07-31,0.0048831109155527,1.3997328603992885,-1.4287064790719697,-0.9612336836608202,0.0,0.0
2017-08-01,0.0193196041930576,1.4311156791369777,-1.5938570188120895,0.10966450508165375,0.0,0.0
2017-08-02,0.0194679251994775,1.4991678999187754,-1.951827643716668,0.12080107719337124,0.0,0.0
2017-08-03,0.0322922919666268,1.5863143696390534,-2.4105050366849152,1.0520007035630459,0.0,0.0
2017-08-04,0.0369284670837473,1.6242326615632483,-2.609613888333053,1.3532172604712702,0.0,0.0
2017-08-07,0.0319971510268999,1.6373792194048764,-2.677960239210539,0.9540013851896758,0.0,0.0
2017-08-08,0.0416176203695215,1.6358693278787164,-2.6687573629625243,1.6610523788846236,0.0,0.0
2017-08-09,0.0238688479941142,1.658745635549945,-2.7872802685279963,0.2618521596481626,0.0,0.0
2017-08-10,0.0133072400462541,1.6470375194147646,-2.7243918475054025,-0.6728148103846847,0.0,0.0
2017-08-11,0.0140335559834152,1.6215600019586605,-2.5893408491476784,-0.6436602285017671,0.0,0.0
2017-08-14,0.0339858816377134,1.5957749211734296,-2.4528485049846704,1.1031337873516225,0.0,0.0
2017-08-16,0.0182939664423695,1.5790582909267168,-2.363958703146687,-0.30824459569445667,0.0,0.0
2017-08-17,0.0272039663827996,1.575707672163059,-2.3457745350655603,0.4756228176636636,0.0,0.0
2017-08-18,0.027746375782014,1.5580150529814638,-2.251788377497712,0.5058049240433486,0.0,0.0
2017-08-21,0.0440606566502044,1.534139807324486,-2.125251474877925,1.9208025943338087,0.0,0.0
2017-08-22,0.0428823168804077,1.4891662657620992,-1.8871557310623877,1.7429959664294163,0.0,0.0
2017-08-23,0.0420447505358225,1.446728698611102,-1.66227994800776,1.603378662309996,0.0,0.0
2017-08-24,0.0469557491338026,1.429240608023998,-1.5688921712415531,1.9423386728609664,0.0,0.0
2017-08-28,0.0397010260290633,1.3844516533573954,-1.3315881628652615,1.277695311020945,0.0,0.0
2017-08-29,0.045566036278398,1.3536278300288076,-1.167971092090733,1.6953898911275613,0.0,0.0
2017-08-30,0.0467620645358577,1.2823713694401115,-0.7910442073380928,1.7158360954736,0.0,0.0
2017-08-31,0.0436114589757199,1.230637933925676,-0.5169875477743311,1.4072620602156418,0.0,0.0
2017-09-01,0.0171302668416171,1.1919790979188596,-0.31185755455913,-0.601464809645064,0.0,0.0
2017-09-04,0.0242506290532595,1.1752011749951226,-0.2225542001368934,-0.07579995974979412,0.0,0.0
2017-09-05,0.0137343773830735,1.1439201772694167,-0.0566017986045599,-0.871194959718441,0.0,0.0
2017-09-06,0.0064050202664009,1.1429866661239123,-0.0506807146368055,-1.4501280624527353,0.0,0.0
2017-09-07,0.0122462436581667,1.157457347977446,-0.1262061421649409,-0.9992563019420029,0.0,0.0
2017-09-08,0.0071670491840816,1.1567024806782271,-0.1215062743839752,-1.3640448875265279,0.0,0.0
2017-09-11,0.0276529129187323,1.155755072371025,-0.1159915966971087,0.18431256891986544,0.0,0.0
2017-09-12,0.015180597367836,1.1754082583184151,-0.21887069005371,-0.7328202369169582,0.0,0.0
2017-09-13,0.0197451983357215,1.1845935639201923,-0.2667779945964055,-0.37983113928960793,0.0,0.0
2017-09-14,0.0313523655300427,1.2154009590404136,-0.4283527529808237,0.46017980424136906,0.0,0.0
2017-09-15,0.0377300724984417,1.254366196466932,-0.6329153232284721,0.9167865580749588,0.0,0.0
2017-09-18,0.0268325881073741,1.2867617539904872,-0.8027261660086475,0.07291384058927908,0.0,0.0
2017-09-19,-0.0041162903948297,1.3355645572908632,-1.059242037526591,-2.2878908885213964,1.0,0.0
2017-09-20,0.0086417446228388,1.3499115908710428,-1.1342537374073052,-1.294294304629481,1.0,1.0
2017-09-21,-0.0057113354017399,1.3589783425167794,-1.1812671491865414,-2.3759336978902375,1.0,1.0
2017-09-22,-0.0038910044289615,1.3327929415541298,-1.0425004940055267,-2.1379964088575494,1.0,1.0
2017-09-25,0.0119958914254745,1.30798013920549,-0.9109625087157368,-0.9423500079529126,1.0,1.0
2017-09-26,0.0148640237143151,1.3167693525826845,-0.9572305277849668,-0.7103444611721128,1.0,1.0
2017-09-27,0.0245633457896543,1.2994636868077083,-0.865325113637323,-0.004380256273393149,0.0,1.0
2017-09-28,0.0012828608691419,1.2847793920718142,-0.7873028102800985,-1.651761555271125,0.0,0.0
2017-09-29,0.0108683153579098,1.256618777644158,-0.6381519112595129,-0.914458552185012,0.0,0.0
2017-10-03,0.0071224462961412,1.2235487559082163,-0.4627841450398158,-1.1574036168218163,0.0,0.0
2017-10-04,-0.026391583034508,1.195694072929595,-0.3151216083861126,-3.433182866548589,1.0,0.0
2017-10-05,-0.0263525212362889,1.1185453157871343,0.0926903676849315,-3.082647973236536,1.0,1.0
2017-10-06,-0.0293828808605809,1.0429644064956545,0.4923069093322798,-2.9921766275732327,1.0,1.0
2017-10-09,-0.0379208903791594,0.9634299761307538,0.9127140138583004,-3.2241580945033577,1.0,1.0
2017-10-10,-0.0325869707735249,0.8545167646844306,1.48855268237278,-2.6650330074489177,1.0,1.0
2017-10-11,-0.0252073756387707,0.7496888425943599,2.0431556907811474,-2.1178679228637085,1.0,1.0
2017-10-12,-0.0151481877887276,0.6737568488894772,2.4453315531782422,-1.5367841494483718,1.0,1.0
2017-10-13,-0.0090405027174207,0.613220223311346,2.7662962506036344,-1.2028835686748793,1.0,1.0
2017-10-16,-0.002278371366212,0.5611480190830446,3.042625457444777,-0.8592483980729706,1.0,1.0
2017-10-17,-0.0029864376810699,0.5441999955660678,3.1331667629357303,-0.8854191812109233,1.0,1.0
2017-10-18,-0.0008829404809991,0.5215281834899054,3.253759067151067,-0.7624225540050644,1.0,1.0
2017-10-19,-0.0031312490111923,0.5125441685926012,3.3021275421715672,-0.8627859830093068,1.0,1.0
2017-10-23,0.01285904608938,0.5015913170879871,3.3605574428769165,-0.1135627595181821,0.0,1.0
2017-10-24,0.0122202455145479,0.5048853264303357,3.3436312877352283,-0.12792871129215524,0.0,0.0
2017-10-25,-0.0007254698729557,0.5092023212748609,3.3211838752462133,-0.7041462556567449,0.0,0.0
2017-10-26,-0.0047264591456546,0.5098080386833364,3.317916423157366,-0.8640461624569612,0.0,0.0
2017-10-27,-0.0122514062429721,0.5093831981414046,3.3202755557188373,-1.1903471996964952,0.0,0.0
2017-10-30,0.0011045728511858,0.507912501276394,3.328079100484674,-0.5539026265013073,0.0,0.0
2017-10-31,-0.0006355533169037,0.5083057577170766,3.3260443117233103,-0.6184820298021041,0.0,0.0
2017-11-01,0.0066737469525617,0.5080900763848468,3.32722690250806,-0.2687873393556251,0.0,0.0
2017-11-02,0.009402737385459,0.5087121316122099,3.3240737459959733,-0.12582751222442234,0.0,0.0
2017-11-03,0.0160349156644046,0.5106843401539377,3.313705597363034,0.20152920873967636,0.0,0.0
2017-11-06,0.0175513365813171,0.5115782449676801,3.309201197493156,0.28625412202244843,0.0,0.0
2017-11-07,0.012791267401401,0.5105844418659984,3.3147558924891705,0.08405673803173828,0.0,0.0
2017-11-08,0.0145972068429727,0.5066496421505131,3.33601317097821,0.1791440577192983,0.0,0.0
2017-11-09,0.0181405790644793,0.50126927282527,3.365057141482013,0.34685871484767367,0.0,0.0
2017-11-10,0.0200734641452351,0.4905385266222644,3.4226405736904844,0.43530238836236174,0.0,0.0
2017-11-13,0.0139848174583159,0.476611324600436,3.497083106530317,0.1579545408923712,0.0,0.0
2017-11-14,0.005186171206307,0.4698817886712371,3.533150250448829,-0.26123821830186156,0.0,0.0
2017-11-15,-0.002017418564697,0.4634272305491102,3.5676776721643866,-0.5926964251596744,0.0,0.0
2017-11-16,-0.0008253037422534,0.4541970989648304,3.616912962262497,-0.5128979695674678,0.0,0.0
2017-11-17,0.0062890429384201,0.4405849031281211,3.689427990370747,-0.1349043500562494,0.0,0.0
2017-11-20,0.0056965473497907,0.4279014185606688,3.757129598414221,-0.1374061855005253,0.0,0.0
2017-11-21,0.0143528355819699,0.4264337604159307,3.7651047200952608,0.34171943362552787,0.0,0.0
2017-11-22,0.0203745742356886,0.422064276126585,3.788680636616488,0.7089222165743382,0.0,0.0
2017-11-23,0.0148863062163853,0.4151077936222431,3.8261462521031167,0.43956953589175846,0.0,0.0
2017-11-24,0.0158550884702735,0.3954405981875378,3.931157617127119,0.5420040482292563,0.0,0.0
2017-11-27,0.0165356536871481,0.3901403970113,3.959703461246435,0.639093076063987,0.0,0.0
2017-11-28,0.0228666816042113,0.3898750841883017,3.9614671813145215,1.0918964556743254,0.0,0.0
2017-11-29,0.0278504843373101,0.3795665290311538,4.016932899394334,1.3907126256293914,0.0,0.0
2017-11-30,0.0255717737296048,0.3522886705926847,4.1628073489819,1.2388728882506954,0.0,0.0
2017-12-01,0.0191965278807597,0.3082076796282906,4.398058750051713,0.8221874207160531,0.0,0.0
2017-12-04,0.012075635685669,0.2744166261103217,4.57852697666088,0.3698049248998829,0.0,0.0
2017-12-05,0.0026737668361216,0.2423006088434835,4.749925130289544,-0.20407850608274739,0.0,0.0
2017-12-06,-0.0073465115391719,0.2315775064059452,4.807283292433691,-0.8111040094217509,0.0,0.0
2017-12-07,-0.0039759250123301,0.23803390546049,4.77279175557044,-0.575507275805957,0.0,0.0
2017-12-08,0.0113224034724079,0.2410451670596734,4.756624928871297,0.3876508739041106,0.0,0.0
2017-12-11,0.0146067448993383,0.2372871854224963,4.776638078978099,0.602388694572709,0.0,0.0
2017-12-12,0.0019729446965424,0.235965604974688,4.783725047112962,-0.1675522584731491,0.0,0.0
2017-12-13,-0.0003092483996323,0.2436487785099439,4.742626478998023,-0.285303738091015,0.0,0.0
2017-12-14,0.0068327933015668,0.2478512419612865,4.719935929846412,0.21899600792540924,0.0,0.0
2017-12-15,0.0246775073202909,0.2449130284089437,4.73549201383554,1.407450835674364,0.0,0.0
2017-12-18,0.0290668998836602,0.2492561009106221,4.712592295754822,1.6588676048186008,0.0,0.0
2017-12-19,0.0320813694703339,0.2476081028410596,4.721736084967707,1.7864167100246704,0.0,0.0
2017-12-20,0.0248995321650933,0.2450459958815302,4.735903959892022,1.2512882523744555,0.0,0.0
2017-12-21,0.0247319898288842,0.2303360243109055,4.814688206615308,1.2130024052805857,0.0,0.0
2017-12-22,0.0283647593817291,0.2086745040311898,4.930501988025004,1.417483519289118,0.0,0.0
2017-12-26,0.021483525449621,0.1672484794536915,5.151613381252746,0.9803781902630342,0.0,0.0
2017-12-27,0.0148019187141275,0.1509270852545563,5.239047984304807,0.542078706479209,0.0,0.0
2017-12-28,0.0268849447492282,0.1373616143566104,5.311629546474632,1.2782548358591865,0.0,0.0
2017-12-29,0.0221383944005574,0.1134779959192682,5.439280836107402,0.9540273721477069,0.0,0.0
2018-01-01,0.0127797001726963,0.1059056753406723,5.480271458707401,0.3481737559210746,0.0,0.0
2018-01-02,0.021353219852007,0.1014268267791284,5.504654891997571,0.8736305766424367,0.0,0.0
2018-01-03,0.0102884663523196,0.0978248676401211,5.524522125506447,0.10880611606017525,0.0,0.0
2018-01-04,0.0138611548873358,0.1110084830566084,5.45503830499284,0.32542330163944444,0.0,0.0
2018-01-05,0.0152010884598798,0.1249868817119429,5.381360411951165,0.40274645864793307,0.0,0.0
2018-01-08,0.0126327175497379,0.1364130721034606,5.321388762569214,0.14960691833462414,0.0,0.0
2018-01-09,0.013457589292009,0.1498275423716383,5.250600453682141,0.19024960723581585,0.0,0.0
2018-01-10,0.0146168463039572,0.1535004299534147,5.23137721375686,0.27095627690353113,0.0,0.0
2018-01-11,0.0164803209087992,0.1463865114385874,5.269421302578881,0.4279310757914764,0.0,0.0
2018-01-12,0.0113919205219813,0.1564007660987587,5.216575266933474,-0.09671858938901237,0.0,0.0
2018-01-15,0.0263558857682075,0.1497821183719977,5.251864640990584,1.374120082740297,0.0,0.0
2018-01-16,0.0265266839935585,0.2249363194264609,4.85343842971474,1.350310515329097,0.0,0.0
2018-01-17,0.0218678745846911,0.2659746751904087,4.636031267203621,0.8471285091015099,0.0,0.0
2018-01-18,0.0383322541925936,0.301095740377375,4.449998579202022,2.4447808990396744,-1.0,0.0
2018-01-19,0.0374328078720069,0.4157371174842569,3.8425460553888726,2.2221769404922234,-1.0,-1.0
2018-01-22,0.0281161769931697,0.5699540612722471,3.0249705966046365,1.2522227799109285,-1.0,-1.0
2018-01-23,0.011931944614512,0.7151195438641349,2.255347998765733,-0.3503428587098386,0.0,-1.0
2018-01-24,0.0079102470935277,0.7735657679892682,1.945668214007016,-0.7771131599714771,0.0,0.0
2018-01-25,0.0050110698976437,0.806626453967016,1.770727946871269,-1.1013701853805715,0.0,0.0
2018-01-29,-0.0013394533127817,0.8251507741169449,1.672811431806398,-1.741163952228633,0.0,0.0
2018-01-30,0.016800710247729,0.8208926481358395,1.6957551466210132,0.11920334859486317,0.0,0.0
2018-01-31,0.0036514037829977,0.8470238564822857,1.5573667119174148,-1.1907237430942585,0.0,0.0
2018-02-01,-0.0133086309875789,0.8508159206074061,1.537424689086354,-2.8234715663683594,1.0,0.0
2018-02-02,-0.0067391116660617,0.8243718239056737,1.6780867343813526,-2.0057802417040027,1.0,1.0
2018-02-05,-0.0059793673754153,0.8139750881022111,1.733490110205902,-1.8418646020198546,1.0,1.0
2018-02-06,0.0071901608962052,0.8075790725870459,1.7675369669120655,-0.6104205699857714,1.0,1.0
2018-02-07,-0.0076295955705907,0.8077802202419968,1.766600719320777,-1.882353227815352,1.0,1.0
2018-02-08,-0.0151089844146827,0.8025077457894209,1.7946421391478935,-2.4318001316422184,1.0,1.0
2018-02-09,-0.0167480829899124,0.7869691857022317,1.8773689364165296,-2.433869119653303,1.0,1.0
2018-02-12,-0.0105394524629103,0.776710346507426,1.932159676685826,-1.8437594778993678,1.0,1.0
2018-02-14,-0.0069042008461481,0.7673566847408443,1.9822531234749547,-1.5185163292418018,1.0,1.0
2018-02-15,-0.0075738255733126,0.7625751975297743,2.007986065330159,-1.5269620338949923,1.0,1.0
2018-02-16,-0.0156403648545628,0.7663728365509752,1.9881422789003131,-2.083579686772917,1.0,1.0
2018-02-19,-0.0201185090173874,0.7605414224248409,2.0192266192040345,-2.2977749146338478,1.0,1.0
2018-02-20,-0.0203160269764346,0.7506545358873229,2.071706569021286,-2.1772007530253727,1.0,1.0
2018-02-21,-0.0297728287605449,0.7430837097672153,2.111914238545749,-2.6865867284852305,1.0,1.0
2018-02-22,-0.0435096268536647,0.7305662751889367,2.1783297172720606,-3.356546680593154,1.0,1.0
2018-02-23,-0.0327801443068827,0.7021079349854221,2.329430303752763,-2.407341604410622,1.0,1.0
2018-02-26,-0.0298860256022197,0.676276685129072,2.466586077222689,-2.0999397616941278,1.0,1.0
2018-02-27,-0.0249363539372904,0.6446075202271973,2.634808048826038,-1.7283320566494358,1.0,1.0
2018-02-28,-0.0317537576883402,0.627272329787302,2.726669132170829,-2.0200234937628516,1.0,1.0
2018-03-01,-0.0381180322998018,0.6032081029846156,2.8544104498399,-2.2484412534067957,1.0,1.0
2018-03-05,-0.040426635588243,0.5708420384588077,3.0264077687287063,-2.2351013661149195,1.0,1.0
2018-03-06,-0.0419744150378886,0.5304576098018472,3.24133960913342,-2.187170184645407,1.0,1.0
2018-03-07,-0.0488716256357784,0.4926141806043013,3.442918900383372,-2.400356867592694,1.0,1.0
2018-03-08,-0.0346677611663883,0.4510528538032156,3.664252086843441,-1.6354288820008678,1.0,1.0
2018-03-09,-0.0344827558010467,0.4280236409790517,3.786753220565136,-1.5613706325404542,1.0,1.0
2018-03-12,-0.0313653414114094,0.4070189187384426,3.898425573236889,-1.36786832619032,1.0,1.0
2018-03-13,-0.0274990406648267,0.3718127713395786,4.086212705445234,-1.1622393811157394,1.0,1.0
2018-03-14,-0.023659211120844,0.3466956251714241,4.220314520969756,-0.9719111279042159,1.0,1.0
2018-03-15,-0.0155560723205525,0.3294445137229329,4.312397559289085,-0.6116327128954073,1.0,1.0
2018-03-16,-0.022508498478087,0.3214904697972244,4.354673199045414,-0.8750873456269551,1.0,1.0
2018-03-19,-0.0216146125304481,0.3199082564393881,4.362703074881889,-0.8087460836471557,1.0,1.0
2018-03-20,-0.0241862085697159,0.3239944439577735,4.340390979302818,-0.8896436491319756,1.0,1.0
2018-03-21,-0.0150530804046489,0.3275624385776777,4.320892755186355,-0.47287690231814605,0.0,1.0
2018-03-22,-0.0106105702864829,0.3299891566524633,4.307622443398613,-0.2592981662457706,0.0,0.0
2018-03-23,-0.0198493315287535,0.3356445190679674,4.277080560840571,-0.6382483383663737,0.0,0.0
2018-03-26,0.0082191782462908,0.3417797233469111,4.2439161665536345,0.6209276758201171,0.0,0.0
2018-03-27,0.0041288373167374,0.3377535641361945,4.26562882962679,0.4475615482474633,0.0,0.0
2018-03-28,0.0015388970038781,0.3470935081427933,4.215565195780118,0.35582765866914434,0.0,0.0
2018-04-02,0.0092741810135807,0.3524848048990843,4.186642199651868,0.727892528025131,0.0,0.0
2018-04-03,-0.0012903136264905,0.3599897936488807,4.1466270553839175,0.2506851283971347,0.0,0.0
2018-04-04,-0.0102041426931707,0.3694584191993211,4.095771086123188,-0.14026950893406875,0.0,0.0
2018-04-05,-0.0098454778205889,0.3676107149823914,4.105470292004219,-0.10851205211206881,0.0,0.0
2018-04-06,-0.0021244702759171,0.3637149536070829,4.126080241296077,0.27085330682068054,0.0,0.0
2018-04-09,0.0061542428988086,0.3692896017834537,4.096083851329769,0.6787070494105887,0.0,0.0
2018-04-10,-0.0022715303038953,0.3804893564114887,4.036114518449483,0.28649206863041876,0.0,0.0
2018-04-11,-0.0076337056609019,0.3844651082398935,4.014688653177092,0.04456929423890425,0.0,0.0
2018-04-12,-0.005305094363726,0.3882182381003444,3.994301317367429,0.17578899351610716,0.0,0.0
2018-04-13,-0.0128147247374008,0.3902447228612097,3.983222110021267,-0.17254306099718905,0.0,0.0
2018-04-16,-0.0092869796890981,0.3729448572864449,4.075800164022468,0.02050265683079636,0.0,0.0
2018-04-17,-0.002838144146694,0.3668661744507194,4.108057982941201,0.3796276902179966,0.0,0.0
2018-04-18,-0.0078362156568938,0.3753393216946742,4.062249153602026,0.15463236722955354,0.0,0.0
2018-04-19,-0.0043768350197157,0.3787890937960906,4.043358309395147,0.37142360852481626,0.0,0.0
2018-04-20,0.0044505113675779,0.3911393430208021,3.9764261128246954,0.9430508973286962,0.0,0.0
2018-04-23,-0.0120607604493931,0.4074896937881974,3.888043162180655,0.029416331516644762,0.0,0.0
2018-04-24,-0.0101008593391349,0.4006014398315214,3.9242609620774616,0.20143305358970998,0.0,0.0
2018-04-25,-0.0171036727730813,0.3957733048394878,3.949542223392136,-0.2336420894653927,0.0,0.0
2018-04-26,-0.0163506098964374,0.3841398492741567,4.011277909105982,-0.15884925708873354,0.0,0.0
2018-04-27,-0.0185599336870194,0.367626430152907,4.099207831858077,-0.2878854915380326,0.0,0.0
2018-04-30,-0.0107754176311074,0.3408255550336679,4.242376009156356,0.2658576088347727,0.0,0.0
2018-05-02,-0.0083740417808209,0.3327824171861542,4.28462642394702,0.4822594781267149,0.0,0.0
2018-05-03,-0.0002714932084322,0.3185078921267891,4.36049099132914,1.092607184638484,0.0,0.0
2018-05-04,0.0116540125297186,0.3118075531110009,4.395876396233616,1.9251316377171515,0.0,0.0
2018-05-07,0.0020284344713699,0.3233268940745045,4.333487702458209,1.1773017714303515,0.0,0.0
2018-05-08,-0.0028168211531081,0.3295659281850289,4.299542103060617,0.821521202841952,0.0,0.0
2018-05-09,8.787904299212279e-05,0.3359879491427864,4.264500593637701,1.0495602363456322,0.0,0.0
2018-05-10,0.008032956595507,0.3392280775855182,4.246872316595085,1.5890387159769834,0.0,0.0
2018-05-11,0.0112819165336475,0.346357624295944,4.208369643708322,1.7528990007534462,0.0,0.0
2018-05-14,0.0140266890456057,0.3527024285310933,4.1743018498854365,1.862503776855242,0.0,0.0
2018-05-15,0.0169280808578617,0.3640692933240484,4.112920363040256,1.9734698056016875,0.0,0.0
2018-05-16,0.008570451738175,0.3784758043382107,4.035029861680717,1.3623101134497577,0.0,0.0
2018-05-17,0.0129040587419924,0.3877846738078949,3.984539219013685,1.595681160292762,0.0,0.0
2018-05-18,-0.003259423499065,0.3969635276010358,3.934860597894825,0.5493943410909234,0.0,0.0
2018-05-21,-0.0072061324914991,0.3977118407115277,3.930607247032485,0.2916171636517498,0.0,0.0
2018-05-22,-0.0040593676535456,0.3961609578772609,3.938819247416032,0.4707129651764188,0.0,0.0
2018-05-23,-0.012839267940822,0.3941354476229269,3.9497729137019904,-0.09186513312060747,0.0,0.0
2018-05-24,-0.0089729251542798,0.38731386170604,3.986771725532925,0.11868549506415652,0.0,0.0
2018-05-25,-0.003210370178007,0.3841243354505707,4.003937571286928,0.4685436319894003,0.0,0.0
2018-05-28,0.0131498670417373,0.3840195211188031,4.00431429268926,1.5185922081062981,0.0,0.0
2018-05-29,0.0115100734328819,0.390454327953819,3.9694104009493487,1.3551707294171722,0.0,0.0
2018-05-30,0.01285954452984,0.3941509489051158,3.9494998675330018,1.4008501994372542,0.0,0.0
2018-05-31,0.0525870893823352,0.397352029953628,3.932416289903549,3.9995698419658936,-1.0,0.0
2018-06-01,0.0405765872672532,0.4163643476948307,3.829940184870278,2.8535093591828966,-1.0,-1.0
2018-06-04,0.0119879398453122,0.4263950818301105,3.7762474445275664,1.0021217857628633,-1.0,-1.0
2018-06-05,0.0198058683286239,0.4242031298604736,3.788837200605573,1.4851367160979676,-1.0,-1.0
2018-06-06,0.012383404165364,0.4264164617334327,3.7773421843892,0.9765635629726552,-1.0,-1.0
2018-06-07,0.015985661513711,0.4261950808830583,3.779031041584869,1.1894296113941107,-1.0,-1.0
2018-06-08,0.0065037295053276,0.4275715096300412,3.772034762795995,0.5270190746479257,-1.0,-1.0
2018-06-11,0.0012619488503076,0.4262116388504213,3.779790867634071,0.14171995867580423,0.0,-1.0
2018-06-12,0.0001679418652495,0.4239084622573676,3.7925779787677287,0.03897516843384357,0.0,0.0
2018-06-13,-0.0047253017646049,0.4230569357496696,3.797298661522161,-0.3256887149628311,0.0,0.0
2018-06-14,-0.0036602996578549,0.4189008181904043,3.8201225056065145,-0.27703337916674586,0.0,0.0
2018-06-15,-0.0094475869861576,0.4149398246268022,3.841895176294787,-0.7324541367668269,0.0,0.0
2018-06-18,-0.0063075048995617,0.4076323293804185,3.881994971375903,-0.5314435622805851,0.0,0.0
2018-06-19,-0.0001420163360492,0.4044738959090725,3.899287655370299,-0.0766643755611276,0.0,0.0
2018-06-20,0.0093048159866526,0.4042728384066689,3.9003956468735006,0.636114528266612,0.0,0.0
2018-06-21,0.0131412641595072,0.4018320782417181,3.914113392763264,0.9114895729995782,0.0,0.0
2018-06-22,0.0223868992054532,0.4155327647824999,3.838695509001533,1.6227361216514031,0.0,0.0
2018-06-25,0.0246105420404103,0.4310110469122668,3.7536350397040303,1.7353401788007268,0.0,0.0
2018-06-26,0.0219829440661762,0.4488876893313125,3.6553469788136232,1.4687231838683066,0.0,0.0
2018-06-27,0.0317102790002166,0.4670440707290366,3.5553155150945037,2.1447483500787965,-1.0,0.0
2018-06-28,0.0336220566069309,0.4829878166627981,3.4677319739710604,2.1650389763829243,-1.0,-1.0
2018-06-29,0.0199998872514308,0.5004563585505906,3.3717859302470368,1.1145684739503716,-1.0,-1.0
2018-07-02,0.004120166944769,0.5109026621261552,3.314362176420168,-0.011103047036870354,0.0,-1.0
2018-07-03,-0.003700564309915,0.5210645176161939,3.258078270266888,-0.5553915405906765,0.0,0.0
2018-07-04,0.0069293961518961,0.5359632824458498,3.175291466651501,0.185497488232131,0.0,0.0
2018-07-05,0.0154522165718384,0.5537076969074289,3.0769797178707585,0.7600147442429275,0.0,0.0
2018-07-06,0.0074957154062915,0.5716168392272652,2.977920421318008,0.18792881080304727,0.0,0.0
2018-07-09,0.0054287606921414,0.5886041287170614,2.883724781818344,0.031403334610084946,0.0,0.0
2018-07-10,0.0200672701507711,0.5979457600986862,2.831927917580104,1.0334330547133643,0.0,0.0
2018-07-11,0.0128521346616268,0.6124730160489218,2.751630970059787,0.4952516336490049,0.0,0.0
2018-07-12,0.0184079592177965,0.6308855174693058,2.64949437035566,0.8663116851272518,0.0,0.0
2018-07-13,0.0166553799802167,0.6543534166501027,2.5193558536424505,0.7145584200610622,0.0,0.0
2018-07-16,0.006718146763136,0.6844265889775712,2.352349672583667,-0.006877314009263679,0.0,0.0
2018-07-17,0.0117134304672523,0.7226592894651734,2.139546021040867,0.3411534387805113,0.0,0.0
2018-07-18,0.0108264477744928,0.7478270436385822,1.9995683894571408,0.2547494032499953,0.0,0.0
2018-07-19,0.0424386106338277,0.779258701539784,1.8245994027478,2.513889217579043,-1.0,0.0
2018-07-20,0.0509264895260956,0.8141833702695432,1.63073353870913,2.9838891662237326,-1.0,-1.0
2018-07-23,0.0324976622709733,0.8412558961824446,1.4806964901966042,1.5366861508854235,-1.0,-1.0
2018-07-24,0.0494413511373101,0.863193855011996,1.3589394793323724,2.655357769401884,-1.0,-1.0
2018-07-25,0.0519022219188629,0.8706260033424507,1.318256008663773,2.6524579242085498,-1.0,-1.0
2018-07-26,0.0634258549712836,0.8617086370338374,1.3689737513690234,3.209552337733685,-1.0,-1.0
2018-07-27,0.0668331144378822,0.8589681445926535,1.38526032496625,3.1189316231969735,-1.0,-1.0
2018-07-30,0.0550594532707835,0.8650658688055229,1.352218740638942,2.203305042652972,-1.0,-1.0
2018-07-31,0.057305700851991,0.8509027600103054,1.432091624202091,2.1995365974110572,-1.0,-1.0
2018-08-01,0.042694078633394,0.8296445756464552,1.5516298360432872,1.3374165123687605,-1.0,-1.0
2018-08-02,0.0487217331841289,0.8113152471693055,1.654666837158188,1.5946114766716177,-1.0,-1.0
2018-08-03,0.0250958415762081,0.7734733288771415,1.8664358536721477,0.3602737990145304,0.0,-1.0
2018-08-06,0.036542584377365,0.7589924538300448,1.9477151241729256,0.9160958573704969,0.0,0.0
2018-08-07,0.042086837142909,0.7261578882662302,2.131472830139061,1.1646040065635803,0.0,0.0
2018-08-08,0.0402391201192995,0.6908710939882312,2.3290108950660064,1.0413571258848076,0.0,0.0
2018-08-09,0.0355164363320472,0.653543660810433,2.5380255733395893,0.7804706579140266,0.0,0.0
2018-08-10,0.0274447156374937,0.6137283914878786,2.760741801225987,0.37030426552225276,0.0,0.0
2018-08-13,0.0138202983346369,0.5782768843646491,2.9593530998051176,-0.31359642813189204,0.0,0.0
2018-08-14,0.0082097268991074,0.5386553255483281,3.181043844593221,-0.6124134236950278,0.0,0.0
2018-08-16,0.0185606824924784,0.4945686605370866,3.427514797261388,-0.11273672704947511,0.0,0.0
2018-08-17,0.0072655798490028,0.410200965704673,3.898891645834522,-0.7191133520507094,0.0,0.0
2018-08-20,0.0097559673331091,0.3601351346590884,4.178899440330356,-0.6157043412414246,0.0,0.0
2018-08-21,0.0105566298005679,0.3294291164311301,4.350972987436819,-0.5918639068617784,0.0,0.0
2018-08-23,0.0048338086826218,0.3052060984720916,4.486668201259716,-0.888886975823338,0.0,0.0
2018-08-24,-0.0037010492884139,0.2787904571434146,4.634524041572353,-1.3248914217273298,0.0,0.0
2018-08-27,-0.0037311189041824,0.2736453481389451,4.663650914520427,-1.2953546210865585,0.0,0.0
2018-08-28,0.0012540876475235,0.2739488400851977,4.661700201524668,-0.9989424401354153,0.0,0.0
2018-08-29,-0.007328362765981,0.2733918218009429,4.664791877413625,-1.4131397570727664,0.0,0.0
2018-08-30,-0.0114726921222212,0.2704405970468765,4.681546725311363,-1.5879561694687154,0.0,0.0
2018-08-31,-0.0158282028754161,0.2732406686648755,4.666058502032956,-1.7482740757827973,0.0,0.0
2018-09-03,-0.0051580551027354,0.2789663487515247,4.634291321884915,-1.1602078404609286,0.0,0.0
2018-09-04,-0.0140832924961129,0.2800930514435452,4.628265718216766,-1.563405937496657,0.0,0.0
2018-09-05,-0.0121584305560138,0.291384706631884,4.565616713889612,-1.42808184906962,0.0,0.0
2018-09-06,-0.014089120912869,0.3060023313593085,4.484572325305939,-1.4917200269886575,0.0,0.0
2018-09-07,-0.0074071562743096,0.3208161494135696,4.40243352424608,-1.1507751537830402,0.0,0.0
2018-09-10,-0.0092514899939402,0.3319623928402022,4.340931170504918,-1.2316373382608705,0.0,0.0
2018-09-11,-0.0238251715791184,0.3494470113135122,4.244132582680159,-1.8943545592782187,0.0,0.0
2018-09-12,-0.0229807826948467,0.3878366151543844,4.030932945612653,-1.8128165697971885,0.0,0.0
2018-09-14,-0.0163629081050462,0.407862707230082,3.919914686232914,-1.4731027932004188,0.0,0.0
2018-09-17,-0.0318023395469642,0.4165782036882078,3.8718333107497913,-2.1207542701409583,1.0,0.0
2018-09-18,-0.0262660335362427,0.4429317322732646,3.725289975776923,-1.7826249731765142,1.0,1.0
2018-09-19,-0.0432493549553494,0.4649238576914025,3.6030512973962985,-2.4127273782233516,1.0,1.0
2018-09-21,-0.0173735793079297,0.4941719423929307,3.4400711939696538,-1.239429138550454,1.0,1.0
2018-09-24,-0.0245119001361246,0.5128980035104745,3.3359830891171014,-1.477616753694251,1.0,1.0
2018-09-25,-0.0232801854272097,0.5409690136460003,3.1799558606713227,-1.3758866865170647,1.0,1.0
2018-09-26,-0.0067587181596726,0.5581904157399478,3.084051168196711,-0.6978855772831319,1.0,1.0
2018-09-27,0.0110428974857077,0.5638241320991328,3.052722410567079,0.0049555912994705895,0.0,1.0
2018-09-28,0.0254857956890242,0.5591733288879097,3.078951670181658,0.5618708914435226,0.0,0.0
2018-10-01,0.0473086728144167,0.548166628373469,3.140894043427358,1.3783456183826364,0.0,0.0
2018-10-03,0.0519069720344944,0.5247317209122723,3.272160410454367,1.5019008285085116,0.0,0.0
2018-10-04,0.0200363008470385,0.4942768899294467,3.442101065052289,0.27023087651087613,0.0,0.0
2018-10-05,0.0317726902036512,0.4843631829450442,3.4975635816252764,0.7004986995616017,0.0,0.0
2018-10-08,-0.0051311422267441,0.4681251356023183,3.588244920935864,-0.6741815642750247,0.0,0.0
2018-10-09,-0.0080586026695117,0.4788654908733263,3.529190464759948,-0.7729498460384467,0.0,0.0
2018-10-10,-0.006308138941562,0.4857130300182019,3.4914030766892297,-0.6886009353080715,0.0,0.0
2018-10-11,-0.011128367651541,0.4935919923062989,3.448063182397297,-0.8495521027316594,0.0,0.0
2018-10-12,-0.010263558285724,0.5015877537916018,3.403923640734294,-0.7958218889024675,0.0,0.0
2018-10-15,0.0018654346875126,0.507625748752315,3.3705988057823624,-0.3393202290693432,0.0,0.0
2018-10-16,-0.0079648945330492,0.5151192314856217,3.3296062866566545,-0.6896215311141546,0.0,0.0
2018-10-17,-0.0169064089450596,0.5221615601589256,3.290867568289938,-0.9954003690671597,0.0,0.0
2018-10-19,-0.030100950584154,0.5317413358761518,3.238045129861403,-1.4395665291747735,0.0,0.0
2018-10-22,0.0019421125984644,0.529671958686339,3.248708078012156,-0.25691639063865035,0.0,0.0
2018-10-23,-0.009920366428934,0.5207254389253706,3.2975808707928045,-0.6592473582916951,0.0,0.0
2018-10-24,-0.007130084400881,0.5203676112971984,3.299290793114203,-0.5350122557589245,0.0,0.0
2018-10-25,-0.0225446888328,0.5155439309494254,3.32538970733706,-1.0762785035239384,0.0,0.0
2018-10-26,-0.0139771776398704,0.5104111484872046,3.352844392696704,-0.726574295719851,0.0,0.0
2018-10-29,-0.022678356427098,0.5005541546222856,3.4061563079888666,-1.041353333013611,0.0,0.0
2018-10-30,-0.0230252221837385,0.4919616091995615,3.452261709814654,-1.0420891257260383,0.0,0.0
2018-10-31,-0.0208304801096073,0.4894745483783625,3.465029313844434,-0.9291214372388946,0.0,0.0
2018-11-01,-0.0159545107674152,0.4836603601543472,3.495988011283972,-0.7000029313634422,0.0,0.0
2018-11-02,-0.0064374532309265,0.4797439647159291,3.5167845605358274,-0.2496212105383569,0.0,0.0
2018-11-05,-0.0013578769671749,0.4738823912871159,3.5483918848418763,0.019437446804104957,0.0,0.0
2018-11-06,-0.0045405628287111,0.4696452872398776,3.5714057924700846,-0.11015298216116912,0.0,0.0
2018-11-07,-0.0023447178092967,0.4649087244259889,3.5969784208509856,0.027075972363319496,0.0,0.0
2018-11-09,-0.0092991469923071,0.4557367197857169,3.6467093571791738,-0.28838175887458695,0.0,0.0
2018-11-12,-0.0288188450922453,0.4465605891106598,3.696293710527725,-1.297478225856211,0.0,0.0
2018-11-13,-0.0292526146567233,0.4420901983811082,3.719862249930064,-1.29744101732527,0.0,0.0
2018-11-14,0.0005701553653532,0.4359799086303434,3.752439302188497,0.39167496357693843,0.0,0.0
2018-11-15,-0.0028342911519114,0.4308402881592,3.780364955623013,0.21696347542999056,0.0,0.0
2018-11-16,0.0095904291292177,0.4270265369796975,3.80102615561482,0.9291429126039247,0.0,0.0
2018-11-19,0.0120375798550611,0.4204255557712322,3.836942974597918,1.0866654187534661,0.0,0.0
2018-11-20,0.0131730047087614,0.4143264152467608,3.8702313051090815,1.1418384529322894,0.0,0.0
2018-11-21,0.0139817709890608,0.4036375688799231,3.9284865819178494,1.1804432619353284,0.0,0.0
2018-11-22,0.0095733309128287,0.391998047882855,3.991856229544376,0.9247404967529238,0.0,0.0
2018-11-26,0.0315826177522597,0.3825391044720505,4.043273891037101,2.152356090269309,-1.0,0.0
2018-11-27,0.0372177670873812,0.3742524568933121,4.088755677756314,2.3470536992869513,-1.0,-1.0
2018-11-28,0.0531531708655461,0.3648832304596434,4.140234845098367,3.0359081674044703,-1.0,-1.0
2018-11-29,0.056844892831056,0.3457739553154112,4.244991053355353,2.9647329581678115,-1.0,-1.0
2018-11-30,0.0484419404267006,0.3548546168251397,4.19625936905987,2.342722453618623,-1.0,-1.0
2018-12-03,0.0419262761049439,0.374613142377321,4.089275193484548,1.9207224370323872,-1.0,-1.0
2018-12-04,0.027180910645983,0.3967861192373648,3.969166543386379,1.209596697524956,-1.0,-1.0
2018-12-05,0.0376333054953641,0.4035742006941107,3.9324961985407776,1.607165743487969,-1.0,-1.0
2018-12-06,0.046341722730776,0.41981970564306,3.8446200353384894,1.8978093939641179,-1.0,-1.0
2018-12-07,0.0161548831098801,0.4253269617148829,3.815367125362074,0.6103915349106183,-1.0,-1.0
2018-12-10,0.0341845151367645,0.4463225622961108,3.70133078414798,1.3060439709537008,-1.0,-1.0
2018-12-11,0.0116115545143751,0.4562121318530614,3.648002118246532,0.37762377073273845,0.0,-1.0
2018-12-12,0.0166638994544627,0.4619165929864454,3.61710900112082,0.5622709087393024,0.0,0.0
2018-12-13,0.0123834141683158,0.478743160146063,3.5259482686516987,0.3704411182215021,0.0,0.0
2018-12-14,0.0107957084584233,0.5007417229350255,3.406612557900812,0.2868282113327012,0.0,0.0
2018-12-17,0.0393768421918028,0.5192528553046604,3.3061884577389686,1.4127775706131422,0.0,0.0
2018-12-18,0.0322218843341564,0.5578602916725581,3.097031882038173,1.0810613525531685,0.0,0.0
2018-12-19,0.0291384204245406,0.5909601756227356,2.917714761794846,0.9225691812577113,0.0,0.0
2018-12-20,0.0267747553484567,0.6341938319225141,2.6835041401954984,0.8013320528662703,0.0,0.0
2018-12-21,0.0172848654171176,0.6529733658350754,2.5820422796333573,0.3797512110437163,0.0,0.0
2018-12-24,-0.0042282740708037,0.6558016962565709,2.567440743287708,-0.551011223722657,0.0,0.0
2018-12-26,0.0098445900298984,0.6576394199926411,2.557986146158421,0.0293902876771924,0.0,0.0
2018-12-27,0.004973501031237,0.663239666456022,2.5279966554715525,-0.191331112018846,0.0,0.0
2018-12-28,0.0125899956547383,0.6649071581605389,2.519048587938192,0.13971688792050213,0.0,0.0
2018-12-31,0.0033088851370464,0.6743395161825071,2.4676136383622183,-0.250106389686655,0.0,0.0
2019-01-01,0.0183989986384935,0.692687028215961,2.366918947319657,0.4414555157695304,0.0,0.0
2019-01-02,0.0130650367029483,0.7364712020382298,2.127348847447709,0.2381714182554688,0.0,0.0
2019-01-03,0.0070450481067254,0.7752219689365892,1.9153564647903172,-0.030264751926983437,0.0,0.0
2019-01-04,-0.0014945663856202,0.8561674615049587,1.4722147668552603,-0.40472661000638444,0.0,0.0
2019-01-07,0.0005860763650895,0.8703769799384313,1.3942190661314076,-0.3121698830655302,0.0,0.0
2019-01-08,0.0045168551146037,0.8823742895314711,1.3283954581640325,-0.1380897725493814,0.0,0.0
2019-01-09,0.004207177534095,0.8871493109938193,1.302260241419667,-0.16129975187088885,0.0,0.0
2019-01-10,0.0136595460402046,0.8959230675786924,1.2541926189910386,0.2672561051597814,0.0,0.0
2019-01-11,0.0121959576357149,0.8968081267619741,1.249726657509325,0.1813031202758097,0.0,0.0
2019-01-14,0.0155331345762723,0.9005545085706332,1.2294070014247485,0.3301682184754881,0.0,0.0
2019-01-15,0.0234595382249471,0.9007911209960284,1.2285461936506916,0.6873143241507543,0.0,0.0
2019-01-16,0.0298719761649337,0.9003810006655912,1.2315199735410394,0.9671067476154658,0.0,0.0
2019-01-17,0.02153076564485,0.9030561552161904,1.2180741311109822,0.5348004367165796,0.0,0.0
2019-01-18,0.005171406925041,0.907678397335366,1.1931415664414835,-0.27932722679367594,0.0,0.0
2019-01-21,-0.0065439016488477,0.9057667144853124,1.20396228238715,-0.8700254246806763,0.0,0.0
2019-01-22,-0.0289566462596901,0.8981172942846921,1.2459900052236108,-1.9733629643099462,0.0,0.0
2019-01-23,-0.0310240668891523,0.8697653069915481,1.4013696105263005,-2.0500286328439348,1.0,0.0
2019-01-24,-0.0249146584807204,0.8425768192313604,1.550121189621609,-1.7000174524292324,1.0,1.0
2019-01-25,-0.0254456226044279,0.8152685104131024,1.699742519970609,-1.7184376008044344,1.0,1.0
2019-01-28,-0.0260939003950069,0.7855647777518887,1.8625149293200352,-1.7416896520633234,1.0,1.0
2019-01-29,-0.0321387794910981,0.7551562664953472,2.029190010679713,-2.0100757951346604,1.0,1.0
2019-01-30,-0.0249938751628318,0.7253173162120002,2.192625764158896,-1.627655779829027,1.0,1.0
2019-01-31,-0.0219591534005467,0.7107542144304047,2.2723522935378258,-1.4487574583599125,1.0,1.0
2019-02-01,-0.0160701408908376,0.6917307931444895,2.376561130509096,-1.1488863754660745,1.0,1.0
2019-02-04,-0.0171842945251232,0.6692970779286458,2.499690088115129,-1.1809183875778235,1.0,1.0
2019-02-05,-0.015132590147592,0.6413025547784956,2.6534138583932743,-1.0690996295642086,1.0,1.0
2019-02-06,-0.0095101826308545,0.599475778079956,2.8833993675047527,-0.8149220679146155,1.0,1.0
2019-02-07,-0.0121948929593167,0.5380737596130732,3.2215891833116124,-0.9635422104480363,1.0,1.0
2019-02-08,-0.0129638248331556,0.4748580762444395,3.5699162617391327,-1.02839223992536,1.0,1.0
2019-02-11,-0.0025323831006858,0.4123277481292718,3.9141681266159942,-0.5418930271207302,1.0,1.0
2019-02-12,-0.0044167668114956,0.3655331791529379,4.172251859354976,-0.6268826441369081,1.0,1.0
2019-02-14,-0.009195338825694,0.3301462585169074,4.367430393536748,-0.8284582575271727,1.0,1.0
2019-02-15,-0.0118766131029453,0.2940087216026071,4.5667067418371,-0.9275798694465884,1.0,1.0
2019-02-18,-0.0144208872311344,0.2495802317460264,4.811688033358547,-1.015436214123045,1.0,1.0
2019-02-19,-0.0167213363612805,0.2047008643101833,5.059190502104766,-1.0875981762414746,1.0,1.0
2019-02-20,-0.0044809891707737,0.1381243565739726,5.426431658131478,-0.5258681019772588,1.0,1.0
2019-02-21,0.0001402841309364,0.1029373001821367,5.620652504763894,-0.30099347624616324,0.0,1.0
2019-02-22,-0.0077416526783373,0.0776314753061411,5.760447561520178,-0.6282441805302315,0.0,0.0
2019-02-25,0.0081957649810534,0.0707351749287245,5.7984165717713845,0.12963792752132455,0.0,0.0
2019-02-26,0.0016822258386265,0.0811740642691277,5.740767659688855,-0.13985727191381617,0.0,0.0
2019-02-27,-0.0055141701067669,0.0846908732145329,5.721227523200189,-0.4692779390210658,0.0,0.0
2019-02-28,-0.0119921911820231,0.0917982872068528,5.681870585871245,-0.7801285202817771,0.0,0.0
2019-03-01,-0.0100195785396439,0.0975023513656614,5.650361503849473,-0.649275393850057,0.0,0.0
2019-03-05,0.0003463986590351,0.1023193925864563,5.623646937479784,-0.06506407541110884,0.0,0.0
2019-03-06,-0.0010633065860159,0.103618905767651,5.616473082360364,-0.10519102016240742,0.0,0.0
2019-03-07,0.0097970743286657,0.1062878083155104,5.601777599150083,0.5324095412269487,0.0,0.0
2019-03-08,0.0101046288237256,0.0942871535285294,5.66822093270215,0.590931218475304,0.0,0.0
2019-03-11,0.0088848913504872,0.0683313716015438,5.811933151506199,0.520922929819902,0.0,0.0
2019-03-12,0.0276502649173622,0.0633657799963354,5.839657900753563,1.64690964706554,0.0,0.0
2019-03-13,0.052349162184599,0.0778088982323546,5.760521362411681,3.0445839757861255,-1.0,0.0
2019-03-14,0.0497586446839379,0.0983205038929248,5.648363358861759,2.661590188618212,-1.0,-1.0
2019-03-15,0.0551794829884214,0.1378392012831245,5.43097782575756,2.8825258623501115,-1.0,-1.0
2019-03-18,0.0477740421089061,0.2588595014559841,4.763833279433445,2.359643841529031,-1.0,-1.0
2019-03-19,0.0410950410860659,0.3705973062478411,4.147662938096598,1.9457893104050903,-1.0,-1.0
2019-03-20,0.0469403799653767,0.4570931613724821,3.6705109047787614,2.181925359786628,-1.0,-1.0
2019-03-22,0.0362982868653305,0.5433506028268008,3.1947685170406896,1.5861997546821818,-1.0,-1.0
2019-03-25,0.0474201521568518,0.5872721705637849,2.95292881769396,2.035967194124911,-1.0,-1.0
2019-03-26,0.0420668243850212,0.6269700131228696,2.734323719777665,1.7040809843308338,-1.0,-1.0
2019-03-27,0.0380562612050026,0.6796155924080768,2.444094207634864,1.4630437192229058,-1.0,-1.0
2019-03-28,0.0325205713667093,0.721165816076379,2.2149351453072583,1.1840897128369,-1.0,-1.0
2019-04-01,0.0346279925200994,0.7551884400257682,2.0274102130109544,1.2390605069979437,-1.0,-1.0
2019-04-02,0.0248564982297363,0.791513841124265,1.8268857349321648,0.8062806832300587,-1.0,-1.0
2019-04-03,0.0254815698030439,0.8177252178406241,1.6821431705563707,0.8204088258694207,-1.0,-1.0
2019-04-04,0.0273328432445065,0.8407440243472197,1.5551075511914405,0.8797997640153729,-1.0,-1.0
2019-04-05,0.0272096995896147,0.8580893365092149,1.4595690030429305,0.8501198242887316,-1.0,-1.0
2019-04-08,0.0139414014852681,0.8791924440916724,1.3431711395132169,0.2838058865662206,0.0,-1.0
2019-04-09,0.0133098551710091,0.8940592785920091,1.260975795303323,0.2513552459460816,0.0,0.0
2019-04-10,-0.0151849046359195,0.9069921880611844,1.1894561655587257,-0.9211439505635399,0.0,0.0
2019-04-11,-0.0011640758270736,0.9070821004723008,1.1884116413575274,-0.32556020116823775,0.0,0.0
2019-04-12,0.0018994969368106,0.9174665299316758,1.1305692116127215,-0.19183428569003436,0.0,0.0
2019-04-15,-0.0092702792587733,0.9365754670137946,1.024327903935692,-0.6371614006152284,0.0,0.0
2019-04-16,-0.0113146319288244,0.9534788154715254,0.92992794123227,-0.698764090366926,0.0,0.0
2019-04-18,-0.0055019506605118,0.9810259371727684,0.7762583128779177,-0.43603909966384585,0.0,0.0
2019-04-22,-0.0075918081201473,1.0041319917524254,0.6473670268016809,-0.5042747339387724,0.0,0.0
2019-04-23,-0.0167984579882434,1.0103169162752044,0.6125847815195442,-0.8711373273780603,0.0,0.0
2019-04-24,-0.0091773552031577,1.00174277616392,0.6597948418316442,-0.5498147475423296,0.0,0.0
2019-04-25,-0.0114885654219083,0.9947081647843284,0.6989990092159601,-0.666125698295803,0.0,0.0
2019-04-26,-0.0169469848750161,0.983676281479522,0.7604164419592445,-0.9183853944177833,0.0,0.0
2019-04-30,-0.0051334302552934,0.9667439476053477,0.8544528773854578,-0.43183527908500907,0.0,0.0
2019-05-02,-0.0019059359135917,0.9573708165186916,0.9067449164809602,-0.3140634731431052,0.0,0.0
2019-05-03,-0.0040802505687276,0.948615308803454,0.9557051221540948,-0.4304411642553567,0.0,0.0
2019-05-06,-0.0151445522274116,0.9335565391562286,1.0398054506406975,-0.9508068914493333,0.0,0.0
2019-05-07,-0.0146083537812318,0.9104635419562966,1.1682859583818803,-0.9425360602561661,0.0,0.0
2019-05-08,-0.0160920855462434,0.8912948931651816,1.27505272974079,-1.0206254762775404,0.0,0.0
2019-05-09,-0.0116077872449373,0.8739366547914397,1.371683304617343,-0.8189895250013168,0.0,0.0
2019-05-10,-0.0165061651936566,0.861244766962241,1.4425197838378183,-1.0476075297785097,0.0,0.0
2019-05-13,-0.0144154436035144,0.8458976244698307,1.5280975366713925,-0.9511854648486292,0.0,0.0
2019-05-14,-0.0097111264904379,0.8336448669471257,1.5964384633783588,-0.7330747384578864,0.0,0.0
2019-05-15,-0.0176338862826721,0.823135169954722,1.655265315003084,-1.0926978441468895,0.0,0.0
2019-05-16,-0.016745613438073,0.8095898171797095,1.7310156494918498,-1.0455399500164424,0.0,0.0
2019-05-17,-0.0200086594481669,0.7963395586563824,1.805052000732668,-1.1721900498916042,0.0,0.0
2019-05-20,-0.0112280723362685,0.7760350223661695,1.9184531859270644,-0.7624464599353994,0.0,0.0
2019-05-21,-0.0138716854614884,0.7584689251073685,2.0168199645421607,-0.876559093328194,0.0,0.0
2019-05-22,-0.014930598072504,0.739173455405902,2.124899014026501,-0.9205928533401098,0.0,0.0
2019-05-23,-0.0461936501369084,0.7177804883344012,2.2447646895097755,-2.2946550472886487,1.0,0.0
2019-05-24,-0.0293060462313405,0.675824528781242,2.4791499575575235,-1.478246591936235,1.0,1.0
2019-05-27,-0.0191616506028786,0.6482482524209314,2.6334725625770448,-1.0128848050400585,1.0,1.0
2019-05-28,-0.0060267138968836,0.6276734644312193,2.748845487353946,-0.4470469082420463,0.0,1.0
2019-05-29,-0.0056637969842263,0.6134960113222482,2.828498119202012,-0.43344565039410415,0.0,0.0
2019-05-30,-0.0040678340192115,0.6053184920641426,2.874393257737847,-0.3572079786331999,0.0,0.0
2019-05-31,-0.0037684050257129,0.5950850655622085,2.931953967110732,-0.3405183498997033,0.0,0.0
2019-06-03,0.0067818663748728,0.5833691161160119,2.9978739583477547,0.09472346190504789,0.0,0.0
2019-06-04,0.0054793095534648,0.5722054980972463,3.0610364515869835,0.02798160685742115,0.0,0.0
2019-06-06,0.000763354244039,0.5581400637478549,3.140595090623728,-0.17927459664704018,0.0,0.0
2019-06-07,0.0124386246281837,0.5439857441997558,3.2205789050742206,0.3071261326067699,0.0,0.0
2019-06-10,0.012932659298527,0.5320967895854903,3.288133437467985,0.31827609382464833,0.0,0.0
2019-06-11,0.0145296306451156,0.5244470734614747,3.331723655192788,0.3824434222143226,0.0,0.0
2019-06-12,0.0141494023020567,0.5160561003758054,3.379559756856948,0.363205531099718,0.0,0.0
2019-06-13,0.0145713877793136,0.5025452460360099,3.456336700937044,0.3767636815670035,0.0,0.0
2019-06-14,0.0205028325141154,0.4982771218047648,3.480896795107564,0.6362896887153286,0.0,0.0
2019-06-17,0.0190704024648629,0.5097931541537818,3.4161977096006826,0.6171551400829792,0.0,0.0
2019-06-18,0.0160695188970869,0.5180119404443013,3.3700843215255816,0.525212906959212,0.0,0.0
2019-06-19,0.007616505135541,0.5201523617405575,3.358338815342988,0.18647379124299301,0.0,0.0
2019-06-20,0.0056281195094181,0.5205408602378653,3.3563924409559003,0.1300069961925771,0.0,0.0
2019-06-21,0.0102712601741887,0.5209923068290505,3.354040736975929,0.3936228129959996,0.0,0.0
2019-06-24,0.0183334718899219,0.5260651455792075,3.325478323008583,0.859622708712416,0.0,0.0
2019-06-25,0.0175595012665605,0.5309190172193482,3.2983418897565406,0.8531661248702674,0.0,0.0
2019-06-26,0.0305288494552002,0.5448234077288191,3.2198375251049955,1.639722466437685,0.0,0.0
2019-06-27,0.0307346488903235,0.5605428501061505,3.13126715117782,1.6983148689816137,0.0,0.0
2019-06-28,0.0241340643919873,0.5759540450796206,3.0444181666099173,1.3497594733518918,0.0,0.0
2019-07-01,0.0389310475353337,0.5882304694257225,2.9751755707050997,2.2362522899919246,-1.0,0.0
2019-07-02,0.0457930585833921,0.6074764454623506,2.866658261392683,2.6078907980505037,-1.0,-1.0
2019-07-03,0.0412674131990753,0.6228652072117921,2.780151063895792,2.237447714224199,-1.0,-1.0
2019-07-04,0.0282498477269359,0.6401636917753029,2.682701827620332,1.4630291641245332,-1.0,-1.0
2019-07-05,0.0141405620814079,0.6621035441740207,2.5586853693491047,0.6993994673432498,-1.0,-1.0
2019-07-08,0.0066668440972597,0.6835875071642196,2.4368909589216563,0.31199065028147704,0.0,-1.0
2019-07-09,-0.0002466127330378,0.6940106202322167,2.3777391822235354,-0.059301084839919346,0.0,0.0
2019-07-10,-0.0023033466338961,0.7048806099022398,2.315910390709081,-0.16031734176146437,0.0,0.0
2019-07-11,0.0010801150264345,0.6961626814458203,2.365463451248831,0.014198248682347444,0.0,0.0
2019-07-12,-0.0042277825610641,0.6968716047117218,2.361453608490054,-0.28192453447710447,0.0,0.0
2019-07-15,-0.0152252133661692,0.6996829593258298,2.34537640586012,-0.8849569542158983,0.0,0.0
2019-07-16,-0.0131873350949747,0.6928968294030772,2.383632101072334,-0.7635819137079219,0.0,0.0
2019-07-17,-0.0252665465097106,0.6881943710675988,2.4100992670773045,-1.4261774768561921,0.0,0.0
2019-07-18,-0.0198027710908315,0.6756508996608239,2.480818516915205,-1.089708290358769,0.0,0.0
2019-07-19,-0.016830545822601,0.6611656818275682,2.5627609396485136,-0.9098974958882015,0.0,0.0
2019-07-22,-0.0305502527314152,0.6416661551204071,2.67343025978979,-1.6473501225742997,0.0,0.0
2019-07-23,-0.0622027521904944,0.6422915437821121,2.6694388748654814,-3.2628134159781936,1.0,0.0
2019-07-24,-0.0546023035152631,0.6165001241882062,2.815074780235776,-2.6024053059045875,1.0,1.0
2019-07-25,-0.0464014544089552,0.5891823143760405,2.9695800631921614,-2.068261633424832,1.0,1.0
2019-07-26,-0.0599098057464537,0.5865463504430468,2.983760351468634,-2.5720888352466535,1.0,1.0
2019-07-29,-0.0694361513202395,0.5701962876426703,3.0755448447188303,-2.804540085689906,1.0,1.0
2019-07-30,-0.0629683680527777,0.5587297108879048,3.139402270916144,-2.335262143007642,1.0,1.0
2019-07-31,-0.0694800521864551,0.5406642575479875,3.2411279128973214,-2.457197542516681,1.0,1.0
2019-08-01,-0.0706305356337435,0.4967910193879827,3.48961045807838,-2.3526030562206426,1.0,1.0
2019-08-02,-0.0764750629930119,0.4704512800503282,3.6384520629469583,-2.4254444008869913,1.0,1.0
2019-08-05,-0.0773028254840086,0.4166196658191182,3.943730785576445,-2.3063969560123416,1.0,1.0
2019-08-06,-0.0788431593798795,0.4348677187336232,3.8388246035164,-2.228334712933351,1.0,1.0
2019-08-07,-0.0777317107619581,0.4055417604736554,4.004703237019067,-2.0745551459103004,1.0,1.0
2019-08-08,-0.0615354201601463,0.3967431669975058,4.053725117233007,-1.4891924294214793,1.0,1.0
2019-08-09,-0.0442406462084108,0.2946740237137374,4.63431148447288,-0.9367884830100626,1.0,1.0
2019-08-13,-0.0654657016516805,0.131709942703825,5.562223895991098,-1.531690973876515,1.0,1.0
2019-08-14,-0.0589211824565597,0.0609993827930277,5.964123504067249,-1.295467352568198,1.0,1.0
2019-08-16,-0.0587098533101611,0.0712945542895793,5.904164066992736,-1.2495753817079605,1.0,1.0
2019-08-19,-0.066853453731282,0.0691452566600392,5.915273129583437,-1.4383611599853146,1.0,1.0
2019-08-20,-0.0597635672260004,0.0722839672736083,5.896091035455183,-1.19768356219175,1.0,1.0
2019-08-21,-0.0565998126937381,0.0464732263354163,6.042467424986286,-1.0985045169081815,1.0,1.0
2019-08-22,-0.0786926815948138,0.0182386121228493,6.202407019720932,-1.6686608489754318,1.0,1.0
2019-08-23,-0.0813400596892582,0.0732417464841335,5.887503728714817,-1.674627306050634,1.0,1.0
2019-08-26,-0.040655847269887,0.1763465681711328,5.298495914148007,-0.5632090689631096,1.0,1.0
2019-08-27,-0.0363938420162778,0.1149507371831746,5.647229038434584,-0.4382983695087065,0.0,1.0
2019-08-28,-0.040086418277121,0.0291234768656891,6.13501758211928,-0.5188787839118035,0.0,0.0
2019-08-29,-0.048070189498295,0.0098608066077623,6.243614933592192,-0.7071374168840225,0.0,0.0
2019-08-30,-0.0446766327716089,0.0413631677959369,6.062725314049486,-0.5970862146565207,0.0,0.0
2019-09-03,-0.0469549650092231,0.1069618134975284,5.687814856235114,-0.6347247152646652,0.0,0.0
2019-09-04,-0.0241898366382431,0.2435998171672534,4.908728058952192,-0.031566631200798716,0.0,0.0
2019-09-05,-0.0245155384778639,0.2705784601321057,4.754130676446774,-0.024451989545568122,0.0,0.0
2019-09-06,-0.0231572387180309,0.3188422166821478,4.478445035683935,0.026852250427776236,0.0,0.0
2019-09-09,-0.0269081824314374,0.3244356033347625,4.445556827559042,-0.05474027305433229,0.0,0.0
2019-09-11,-0.0258194216888267,0.3405976030821169,4.352516932657874,-0.008355254809062521,0.0,0.0
2019-09-12,-0.0122805262385714,0.3225296934903569,4.454185277225022,0.3710475815733328,0.0,0.0
2019-09-13,-0.0230830315893402,0.3517808047514124,4.286803539667937,0.09839161929474796,0.0,0.0
2019-09-16,-0.0253821458759087,0.391862080765649,4.057631812878124,0.05597265685619305,0.0,0.0
2019-09-17,-0.0306313880197399,0.4384740993246693,3.7912670798539896,-0.06974414686375081,0.0,0.0
2019-09-18,-0.0448604074352467,0.4592174718358096,3.6720783462216415,-0.450478608301142,0.0,0.0
2019-09-19,-0.0334545435695865,0.4413688603771422,3.772192623981114,-0.1086335920044287,0.0,0.0
2019-09-20,0.027191422792296,0.4665069283465986,3.627892008051292,1.6367803993358083,0.0,0.0
2019-09-23,0.0375447681214291,0.5379010800468838,3.2212928064990307,1.914911607045374,0.0,0.0
2019-09-24,0.0320319366121042,0.6613917151872607,2.518278015296173,1.722955781720423,0.0,0.0
2019-09-25,0.0230813666422537,0.7300190296299128,2.127050938983283,1.4712492940440582,0.0,0.0
2019-09-26,0.0104309917385805,0.7789830364819254,1.847487241393808,1.1294181422323741,0.0,0.0
2019-09-27,0.0016962628469583,0.8113736258482325,1.66208399403331,0.8992496709853611,0.0,0.0
2019-09-30,-0.0125588873855155,0.8281080832886589,1.5653979318044549,0.528198542495248,0.0,0.0
2019-10-01,0.0037764563545827,0.836460239956828,1.5160296685716927,1.0730433085410491,0.0,0.0
2019-10-03,-0.0004727111962319,0.8625283664177065,1.3659688470278877,0.9956254164091976,0.0,0.0
2019-10-04,0.0011957918120426,0.865858693628103,1.3456723193829738,1.086817256635848,0.0,0.0
2019-10-07,0.0042430069464716,0.8600162630116651,1.3779458997301468,1.2018729824977483,0.0,0.0
2019-10-09,0.0074305274037484,0.876982383762671,1.2802086006318936,1.3079491177136935,0.0,0.0
2019-10-10,-0.0006322228151054,0.9031591111233356,1.130020037218225,1.0386664630879732,0.0,0.0
2019-10-11,-0.0035290353164203,0.9172767966302504,1.04851039416522,0.9439455664447364,0.0,0.0
2019-10-14,0.0030224028420375,0.9270490854172037,0.9916800989745972,1.1594164967614504,0.0,0.0
2019-10-15,0.0009808108080529,0.9400933522869986,0.9163378790481628,1.0854556012044967,0.0,0.0
2019-10-16,0.0057972556632615,0.9425238431549634,0.90177362814382,1.2221924936948128,0.0,0.0
2019-10-17,0.0057154125637239,0.9501424899066367,0.8576047933168409,1.1983673103718258,0.0,0.0
2019-10-18,0.0071271680671882,0.9501222839806948,0.857344591994762,1.2125593077283185,0.0,0.0
2019-10-22,0.0079143271795407,0.9503145731810324,0.8558254025185201,1.2096494053070739,0.0,0.0
2019-10-23,0.018645926581378,0.9604889833518891,0.7971240002387043,1.5113891428320307,0.0,0.0
2019-10-24,0.0133725669359154,0.985432194502331,0.6542446091458114,1.3012076769213685,0.0,0.0
2019-10-25,0.0222576741118967,0.991585379928671,0.6193178217337536,1.5203735859136156,0.0,0.0
2019-10-27,0.0259192258628804,0.999713131092719,0.5731537385889363,1.569482065299863,0.0,0.0
2019-10-29,0.0402303558007215,1.012123454643075,0.502380835838709,1.9201730140216744,0.0,0.0
2019-10-30,0.0416895674994757,1.0213242957329098,0.4505560949933231,1.8730609613213407,0.0,0.0
2019-10-31,0.0288170312392876,1.0294663780962383,0.4049532295062406,1.4365991748044131,0.0,0.0
2019-11-01,0.0323418539096334,1.0339514317255014,0.379961222587089,1.4830974811582274,0.0,0.0
2019-11-04,0.0344403963715462,1.040038497422772,0.3461113232184809,1.490407811848698,0.0,0.0
2019-11-05,0.047029920177751,1.042169237549529,0.3348579712811572,1.7874113181063647,0.0,0.0
2019-11-06,0.0479847747735711,1.0418042619068886,0.3383028090746185,1.7510787299209076,0.0,0.0
2019-11-07,0.0438926325497126,1.042761794730371,0.3339272208033321,1.5811725815299453,0.0,0.0
2019-11-08,0.0255011938279547,1.0438093984649273,0.3292065819696921,1.028256058086096,0.0,0.0
2019-11-11,0.021158683733379,1.041220181323478,0.3449574682064531,0.8788171117994442,0.0,0.0
2019-11-13,0.0217206062232779,1.0435863994367778,0.3322111056875911,0.8663786745976608,0.0,0.0
2019-11-14,0.0389934222109333,1.0489479964269213,0.3023018978315539,1.3323049821653465,0.0,0.0
2019-11-15,0.0242577940322661,1.0522807767589948,0.2845305952968218,0.868606025363485,0.0,0.0
2019-11-18,0.0079786328857682,1.0545749151590322,0.2721848756786782,0.36283606373360405,0.0,0.0
2019-11-19,0.0175493803365558,1.0496795154276346,0.3008844424176127,0.6244215575904712,0.0,0.0
2019-11-20,0.0337556694405307,1.044900875451072,0.3292204610064759,1.1000374291463817,0.0,0.0
2019-11-21,0.0431551571188082,1.0428814252853866,0.342025649851748,1.367059985808949,0.0,0.0
2019-11-22,0.0444315706889577,1.0418101275329896,0.3495410548836775,1.371651440734835,0.0,0.0
2019-11-25,0.0257318424051931,1.0261551325885003,0.4408316322619008,0.7421212786509321,0.0,0.0
2019-11-26,0.0276240467166681,1.0097300485826792,0.5362842760173274,0.7989333261590894,0.0,0.0
2019-11-27,0.0208293503439369,1.0071485544161118,0.5521508217442008,0.525933325082599,0.0,0.0
2019-11-28,0.0116279319300742,1.0042847835438262,0.5693931189844488,0.1605099971431733,0.0,0.0
2019-11-29,0.0187540485126396,0.9977451074660908,0.6074977503902472,0.40288015660551535,0.0,0.0
2019-12-02,0.000165379828565,0.996266878090852,0.6164601375510621,-0.35961048125360445,0.0,0.0
2019-12-03,-0.0164934693279246,0.999488539996324,0.5978918129738586,-1.089749154134119,0.0,0.0
2019-12-04,-0.0218751098738492,1.0011168472661254,0.5881171517234289,-1.3835736213709173,0.0,0.0
2019-12-05,-0.0252416349831081,1.0090861382497802,0.5416433554983051,-1.5327002673473447,0.0,0.0
2019-12-06,-0.0404851040284333,1.03121244168832,0.4135232642502684,-2.183090616668906,1.0,0.0
2019-12-09,-0.0320656920552355,1.014315366192339,0.5099358096345892,-1.7708023198650746,1.0,1.0
2019-12-10,-0.0269832794875526,0.9835175266598564,0.6868872840061115,-1.545187583652042,1.0,1.0
2019-12-11,-0.0396245004058091,0.9499295496234372,0.880118923181425,-2.0675524073318865,1.0,1.0
2019-12-12,-0.0411546964583786,0.9201104826600032,1.051209877342438,-2.054078777837168,1.0,1.0
2019-12-13,-0.0241847814851441,0.8471803642031889,1.4712649115670065,-1.3290093565065009,1.0,1.0
2019-12-16,-0.0312197970075418,0.7851984454563976,1.828731337777933,-1.6099944763905816,1.0,1.0
2019-12-17,-0.0180717303646034,0.6810432551006184,2.429655295911404,-1.0879547710374378,1.0,1.0
2019-12-18,0.0039634291346888,0.523531299878484,3.339533483958464,-0.24022245704385542,0.0,1.0
2019-12-19,0.0107712618275062,0.3404585630568854,4.397921116847328,0.012486343073048195,0.0,0.0
2019-12-20,0.0241056814600375,0.3305353884112723,4.455777735253453,0.5855240126341321,0.0,0.0
2019-12-23,0.024552644458772,0.3548170360947133,4.315838116768605,0.6189806609429879,0.0,0.0
2019-12-24,0.0111166942511644,0.38299893445627,4.153323157557757,0.05396651369568273,0.0,0.0
2019-12-26,-0.0003289133495982,0.394787491082967,4.085421905919381,-0.4267607303259419,0.0,0.0
2019-12-27,0.0051695279289045,0.3946182181214283,4.086503953777541,-0.1837097534607324,0.0,0.0
2019-12-30,0.0091742123695266,0.4004008508692132,4.053319381319334,-0.015212567888828547,0.0,0.0
2019-12-31,0.0017843320435373,0.4123185051924576,3.984968156658824,-0.3490882552973114,0.0,0.0
2020-01-01,0.0091638346251161,0.4154090261536836,3.967260258585686,-0.029929492525463244,0.0,0.0
2020-01-02,0.0156029385565736,0.4172325186802417,3.957205287943474,0.24067151146959226,0.0,0.0
2020-01-03,0.0043638245463513,0.3962304164054047,4.079499142403163,-0.2543733785877151,0.0,0.0
2020-01-06,-0.0166812798308271,0.3615317292149245,4.280884475663104,-1.1624111127408077,0.0,0.0
2020-01-07,-0.0047749338283287,0.3528079351984702,4.331370510792056,-0.624462617758304,0.0,0.0
2020-01-08,-0.0041998114430044,0.3286989868371938,4.4713493055994045,-0.5960228980326275,0.0,0.0
2020-01-09,0.0048072023750664,0.3042271126251708,4.613509373586703,-0.2117828448500121,0.0,0.0
2020-01-10,0.0100490127338332,0.2829558458099048,4.737255012213017,0.010194958319096703,0.0,0.0
2020-01-13,0.010993033188954,0.2815937776133636,4.74573406342471,0.044027378207634936,0.0,0.0
2020-01-14,0.0155755404809367,0.2775099885399844,4.769991765246337,0.2358585033041215,0.0,0.0
2020-01-15,0.0110913069735425,0.2720364403103409,4.802398097836347,0.03751963405317696,0.0,0.0
2020-01-16,0.0090894472213973,0.2692156155629506,4.819296310321986,-0.05070253728776893,0.0,0.0
2020-01-17,0.0016726154871855,0.272709461811189,4.799507519714007,-0.3679982289064722,0.0,0.0
2020-01-20,-0.0038042666717852,0.2688650017617611,4.822023405475005,-0.5896133267624522,0.0,0.0
2020-01-21,-0.0137434920441597,0.2633100362207446,4.854432353430864,-0.9987904537826386,0.0,0.0
2020-01-22,-0.0105660290268532,0.2525405575870557,4.916912776024588,-0.8333001128920736,0.0,0.0
2020-01-23,-0.0106633691784663,0.2511620434086709,4.924958789496645,-0.8106601680027267,0.0,0.0
2020-01-24,-0.0165947976682725,0.249557419569566,4.9342043745084005,-1.0361965433036937,0.0,0.0
2020-01-27,-0.0381691423684018,0.2470260336823877,4.9486513969256345,-1.9347221419240272,0.0,0.0
2020-01-28,-0.0308174514973507,0.2445397241783648,4.962707611611673,-1.5349266572809923,0.0,0.0
2020-01-29,-0.0223412009092209,0.2441501662186686,4.9646191491319165,-1.123973371070752,0.0,0.0
2020-01-30,-0.0284169730437751,0.2341069608523432,5.0226223853031815,-1.34302627231438,0.0,0.0
2020-01-31,-0.0367954411306721,0.2337111951258746,5.024551650221692,-1.6658708759223528,0.0,0.0
2020-02-03,-0.0613979071178345,0.2165340624995148,5.123418639221756,-2.6811863660046806,1.0,0.0
2020-02-04,-0.0321593399681414,0.2032325453628284,5.199363345298465,-1.3100902112232926,1.0,1.0
2020-02-05,-0.0181016097378747,0.1798005645271566,5.334678588010265,-0.6795210197617082,1.0,1.0
2020-02-06,-0.0198564614113343,0.1734111669280179,5.371331058660912,-0.7284858706172104,1.0,1.0
2020-02-07,-0.0153938040481123,0.1690649597457416,5.396180194333699,-0.5150278220866785,1.0,1.0
2020-02-10,-0.018190057188911,0.1891402670628051,5.279223861893964,-0.6100297406765608,1.0,1.0
2020-02-11,-0.0183769893832785,0.1978836053163543,5.227919988862296,-0.5935140868710885,1.0,1.0
2020-02-12,-0.015515617184924,0.1948985730804895,5.244850592225541,-0.4495430961373101,0.0,1.0
2020-02-13,-0.0181695056553696,0.1891712079857543,5.27760097678083,-0.5449772468884266,0.0,0.0
2020-02-14,-0.0346421073015579,0.2025278179089297,5.199496138771401,-1.2602142737071393,0.0,0.0
2020-02-17,-0.0370891533604265,0.2313101298758806,5.031418783504356,-1.3542179104092662,0.0,0.0
2020-02-18,-0.0396923366002763,0.2546530583553214,4.89498284201754,-1.4665518824247028,0.0,0.0
2020-02-19,-0.0289957536078484,0.2660063264510228,4.828064577226447,-0.9049229223042147,0.0,0.0
2020-02-20,-0.0341759501121863,0.2862417253409757,4.709661575275419,-1.1371200754420514,0.0,0.0
2020-02-24,-0.0378525795659432,0.3121913562551496,4.557939923227302,-1.2895821880417326,0.0,0.0
2020-02-25,-0.0445130885172937,0.3374713641075686,4.410161147016202,-1.5816374573709995,0.0,0.0
2020-02-26,-0.0421044843747138,0.3854740368026581,4.130105927529808,-1.4102212162587815,0.0,0.0
2020-02-27,-0.044839235336664,0.4211606412338696,3.921764185911552,-1.494879803518757,0.0,0.0
2020-02-28,-0.0464604942048629,0.4179515711000521,3.939495927295131,-1.5239828128412507,0.0,0.0
2020-03-02,-0.034604557630637,0.5004321828806336,3.4594589575273225,-0.9077473843446159,0.0,0.0
2020-03-03,-0.038395948225018,0.5770264213189578,3.0138921804933605,-1.076659861090569,0.0,0.0
2020-03-04,-0.0576185583588109,0.6256425533395416,2.7309135951672574,-1.9999396685236301,0.0,0.0
2020-03-05,-0.0699790785278917,0.7208908390715558,2.1767503374909367,-2.50043523032264,1.0,0.0
2020-03-06,-0.0732750526149734,0.7577325142448625,1.961503691999652,-2.4978135883600268,1.0,1.0
2020-03-09,-0.0675833718881468,0.8310879645349271,1.534351594206365,-2.12883975549577,1.0,1.0
2020-03-11,-0.0594706893362753,0.9775490056738162,0.6829997240412471,-1.7150278185032923,1.0,1.0
2020-03-12,-0.053230971267169,1.0730768812305922,0.1274155478370904,-1.3996796175410886,1.0,1.0
2020-03-13,0.0094294397441432,1.229232687869373,-0.7793838051942421,1.127544961972318,0.0,1.0
2020-03-16,0.0127291739655186,1.2133073226811109,-0.6867599043476211,1.2276552508537708,0.0,0.0
2020-03-17,0.0365863555265546,1.18645785379584,-0.5309750487307161,2.1480269387254425,-1.0,0.0
2020-03-18,0.0535984102598243,1.1281155503471338,-0.1924355257522068,2.721769405557529,-1.0,-1.0
2020-03-19,0.0143812086867427,1.0512992452159569,0.2523633343408997,1.1629566018487016,-1.0,-1.0
2020-03-20,-0.0477284273348503,1.0343313322816263,0.3501846932638148,-1.1142945271409876,0.0,-1.0
2020-03-23,-0.026616904618149,1.0621730945203351,0.1883497800071021,-0.2983713051547836,0.0,0.0
2020-03-24,-0.0767130491489114,1.0798554996834655,0.0857324570691897,-2.138340569623658,1.0,0.0
2020-03-25,-0.0789346970433158,1.1169779411012228,-0.1297478171779378,-2.106418808411728,1.0,1.0
2020-03-26,-0.0930558897878519,1.1389882372843625,-0.2581383382161677,-2.4956084777429934,1.0,1.0
2020-03-27,-0.1068462576347029,1.1562302734509566,-0.3591991943757753,-2.7988595116955315,1.0,1.0
2020-03-30,-0.0948284184335692,1.1716593218665132,-0.4502298166591831,-2.2141787049185666,1.0,1.0
2020-03-31,-0.0548614763794041,1.1929507639669863,-0.5748367817795801,-0.8608230540415804,1.0,1.0
2020-04-01,0.0217295357255959,1.2034023639713636,-0.6364002595859066,1.553555817196059,0.0,1.0
2020-04-03,0.042135563797613,1.1949088670492285,-0.5876638587987664,2.1287935222829546,-1.0,0.0
2020-04-07,0.0756742867675539,1.1793183084668972,-0.498027708329273,3.0287362457648657,-1.0,-1.0
2020-04-08,0.0716647026728063,1.157943695040185,-0.3749669514676501,2.681229482232673,-1.0,-1.0
2020-04-09,0.0269948657082679,1.1377209104375967,-0.258762116682095,1.3449896132946644,-1.0,-1.0
2020-04-13,0.0128091781424224,1.1299607186455107,-0.2145528818695394,0.9574363711553767,-1.0,-1.0
2020-04-15,0.0472116964402227,1.1243304405729315,-0.182765628423418,1.8501701203127567,-1.0,-1.0
2020-04-16,0.103789048218311,1.1097652203520385,-0.0997023181529535,3.242997277877521,-1.0,-1.0
2020-04-17,0.0774160138130684,1.0818549896963128,0.0602574880046171,2.346743822504578,-1.0,-1.0
2020-04-20,0.117650220964645,1.0643571732494148,0.1605539644680265,3.1420012697044784,-1.0,-1.0
2020-04-21,0.1288508238483245,1.0404922247192117,0.2976679428122377,3.1113104747407583,-1.0,-1.0
2020-04-22,0.1080720190804589,1.0110148010309428,0.4661319394386778,2.43887986622022,-1.0,-1.0
2020-04-23,0.0495341452581872,0.9887117073327136,0.5935685672476305,1.1962321575553925,-1.0,-1.0
2020-04-24,0.0385580406658707,0.978788937347502,0.649375960767272,0.9613842937787598,-1.0,-1.0
2020-04-27,-0.0201594455409921,0.9696954974438168,0.7003926711186406,-0.13540493329622988,0.0,-1.0
2020-04-28,-0.0344468827700543,0.9668310007797548,0.7154854928906635,-0.3957178206027421,0.0,0.0
2020-04-29,0.0136871170644949,0.9656417875585764,0.7210103623052486,0.4840886179154458,0.0,0.0
2020-04-30,0.0177760888410558,0.9610801998517527,0.7463177006919333,0.5448368337977803,0.0,0.0
2020-05-04,-0.0063237155740543,0.9559106385283492,0.7750663616389613,0.0916687433961295,0.0,0.0
2020-05-05,0.0113810980338753,0.9519409475269154,0.7966112887907499,0.40836626624513744,0.0,0.0
2020-05-06,0.0428566972481956,0.9493984926515564,0.8109590474759667,0.9691180432713319,0.0,0.0
2020-05-07,0.0545154302945745,0.9464934955690264,0.8281708232793088,1.150393438779676,0.0,0.0
2020-05-08,0.0432482032592043,0.9387759867698664,0.8723607574127135,0.9097088064442819,0.0,0.0
2020-05-11,0.0499291500283352,0.9303723193941532,0.9198889844201892,1.0056524842338388,0.0,0.0
2020-05-12,0.0568632096365098,0.9197204076637292,0.9800118190676352,1.1008982574672792,0.0,0.0
2020-05-13,0.060005073705839,0.9054240041694624,1.06039122304548,1.1245928919897146,0.0,0.0
2020-05-14,0.030864822931262,0.8925559812842347,1.1328629491500548,0.5806450387285166,0.0,0.0
2020-05-15,0.0193944068446674,0.8825420424290651,1.1888147006477805,0.3646984578107895,0.0,0.0
2020-05-18,0.0081352644958982,0.8748675792970068,1.2315964508881292,0.15773175045261054,0.0,0.0
2020-05-19,-0.0130909963281089,0.8665764177582671,1.27743742599477,-0.2206954623186056,0.0,0.0
2020-05-20,-0.0039821338232099,0.8632167597882173,1.2955240512744537,-0.068002144920639,0.0,0.0
2020-05-21,0.0060895613164309,0.8592223838446038,1.3173731407294884,0.09912094235062612,0.0,0.0
2020-05-22,-0.0261046486634679,0.8541520337421774,1.345386425884327,-0.4823354821526821,0.0,0.0
2020-05-26,-0.0044948344573354,0.850382976826527,1.3654609196551195,-0.10169772922056396,0.0,0.0
2020-05-27,0.0078266659619279,0.8436592293686486,1.4022698421807167,0.10755559046012463,0.0,0.0
2020-05-28,0.0445599351154246,0.8353568500080839,1.4480073215665898,0.7481552555589734,0.0,0.0
2020-05-29,0.0542128802372001,0.8258498868858888,1.501066299699021,0.8949043991786992,0.0,0.0
2020-06-01,0.0743333403569614,0.8132557751717869,1.5712451621973855,1.2241150526014664,0.0,0.0
2020-06-02,0.028213816371962,0.8018067272729972,1.6354374046017606,0.36536087668967066,0.0,0.0
2020-06-03,0.0247989707603144,0.7901266939996479,1.6998642784039166,0.28476703928202524,0.0,0.0
2020-06-04,0.0361337630122848,0.773923719718646,1.7889682122462365,0.47150465239439554,0.0,0.0
2020-06-05,0.0664688026793616,0.7567510155689697,1.8836835987949796,0.9976945941886891,0.0,0.0
2020-06-08,0.0499323184824227,0.7491933569243989,1.9259881088924475,0.6661281170832426,0.0,0.0
2020-06-09,0.0394389584369294,0.7461555429388235,1.94331217690259,0.44722107611308837,0.0,0.0
2020-06-10,0.0279064021155601,0.7424762207971981,1.9640705574814052,0.2048287683109544,0.0,0.0
2020-06-11,0.0229837025752326,0.7395445854243952,1.9804971077304243,0.08413348377635133,0.0,0.0
2020-06-12,0.0483990892248478,0.7318274690137594,2.023185776617936,0.5573308671129874,0.0,0.0
2020-06-15,0.0311218167897848,0.7452807382730263,1.9500849450004,0.18817366450654274,0.0,0.0
2020-06-16,0.0570557965556588,0.7257299409185576,2.057772022422951,0.6977924306218846,0.0,0.0
2020-06-17,0.0638813554934554,0.7303607166805425,2.0331018968129437,0.8160483214755252,0.0,0.0
2020-06-18,0.0697463906305033,0.7282180844549032,2.045713321374749,0.9189038991024446,0.0,0.0
2020-06-19,0.0811895746914999,0.74430788920686,1.9583634176718376,1.135013701635203,0.0,0.0
2020-06-22,0.0439721908641308,0.7625311947320579,1.8594973107721675,0.37696318020136543,0.0,0.0
2020-06-23,0.033684441407435,0.7844202939780701,1.7405850296776055,0.149283057449204,0.0,0.0
2020-06-24,0.0508993670140753,0.7563232448463144,1.8973786426126609,0.47455151579276095,0.0,0.0
2020-06-25,0.0260834437658061,0.7291359649616217,2.050300050585821,-0.06614637003489039,0.0,0.0
2020-06-26,0.0708453887692641,0.7554165349282693,1.9075711084437188,0.8636617053806124,0.0,0.0
2020-06-29,0.0720785533273336,0.8209967591276992,1.548859183743723,0.8828548410422442,0.0,0.0
2020-06-30,0.0483232476570583,0.9123444219107404,1.0484620071586592,0.292843745810196,0.0,0.0
2020-07-01,0.0613559782580352,0.9542341595578072,0.8208018941467596,0.6243138188999314,0.0,0.0
2020-07-02,0.0627565633037674,0.9950985635240266,0.5984977649020502,0.6474336766837877,0.0,0.0
2020-07-03,0.0446659335377086,0.997341018150998,0.588429520517499,0.08711841595172111,0.0,0.0
2020-07-06,0.0601459075216208,0.9869117597546092,0.6477873740673452,0.5475429373719544,0.0,0.0
2020-07-07,0.0590940965844488,1.0042711707091097,0.5531881395611071,0.5271415590796235,0.0,0.0
2020-07-08,0.0728699683735101,1.019839939273594,0.4684207180297708,0.9512233356818253,0.0,0.0
2020-07-09,0.0706228362633742,1.041538362955151,0.3505101275468831,0.8554616896303177,0.0,0.0
2020-07-10,0.0637276938832789,1.060650652306118,0.2471040932039123,0.62036201731573,0.0,0.0
2020-07-13,0.0499602292989544,1.0658651804807762,0.2199162372263954,0.1985043157503266,0.0,0.0
2020-07-14,0.05918624437827,1.0863145810805843,0.1072311945190609,0.5157488154752452,0.0,0.0
2020-07-15,0.0597757186597114,1.093034766872746,0.0709219726388994,0.5474207856039592,0.0,0.0
2020-07-16,0.040442879811791,1.1129765858831513,-0.0393309123261804,-0.023191615724444215,0.0,0.0
2020-07-17,0.0684021288179037,1.1592768151134265,-0.2963288340036554,1.0058709869518012,0.0,0.0
2020-07-20,0.105420523386142,1.2025597645390065,-0.536106844696068,2.425444445329775,-1.0,0.0
2020-07-21,0.071785160976538,1.2166811148367562,-0.6126024518279269,1.110657196606669,-1.0,-1.0
2020-07-22,0.0738695776019433,1.234006654770077,-0.7072867089425907,1.152319133598485,-1.0,-1.0
2020-07-23,0.044661823365633,1.254654228396353,-0.8191647032161304,0.09192133450704505,0.0,-1.0
2020-07-24,0.0528593841131179,1.2832787622120925,-0.9753872685139892,0.3600342019569612,0.0,0.0
2020-07-27,0.0406459413860513,1.3039156038608084,-1.0879113171079349,-0.1306292479468069,0.0,0.0
2020-07-28,-0.0154279299746509,1.3260755186948492,-1.2089727864986504,-2.3196922800830237,1.0,0.0
2020-07-29,-0.0414992351001828,1.3189701424288098,-1.1686118085455677,-3.282460693263273,1.0,1.0
2020-07-30,-0.048985091897328,1.2977089663594277,-1.0506003894726357,-3.29001558475543,1.0,1.0
2020-07-31,-0.0464495633346171,1.280623954011732,-0.9563320051287773,-2.894860555849443,1.0,1.0
2020-08-03,-0.0209189234075113,1.2728131847971675,-0.91389625926589,-1.879085963653909,1.0,1.0
2020-08-04,0.0033157141120012,1.2706263669835798,-0.902023882926204,-1.0699690013547216,1.0,1.0
2020-08-05,-0.0201089345336384,1.275582618727163,-0.9296951375521534,-1.7322054065377224,1.0,1.0
2020-08-06,-0.0126127668470221,1.2902814545019905,-1.0122241810209207,-1.440459867591363,1.0,1.0
2020-08-07,-0.0115528913277813,1.3021800654626403,-1.0790682225398802,-1.3568204590912705,1.0,1.0
2020-08-10,-0.0219104731048762,1.3054867995748196,-1.0977973651925526,-1.6087996912991933,1.0,1.0
2020-08-11,-0.0104400443171339,1.2994332375331787,-1.0644397080168115,-1.2412204226019015,1.0,1.0
2020-08-12,0.015401651326238,1.308298254839253,-1.1141462369166677,-0.5136968175220133,1.0,1.0
2020-08-13,0.0096084697706739,1.2934921826960173,-1.0311833943309257,-0.6939878611475768,1.0,1.0
2020-08-14,0.013606486100091,1.2732633999858889,-0.9179833883003,-0.5926691362212051,1.0,1.0
2020-08-17,-0.0077903158022198,1.259344071673175,-0.8400221643945907,-1.196443647101895,1.0,1.0
2020-08-18,-0.0222810430410138,1.182214563170093,-0.4092561911245553,-1.631287198694458,1.0,1.0
2020-08-19,0.0006635348558132,1.0923496598023903,0.0923436062109894,-0.9612675786897571,1.0,1.0
2020-08-20,0.007036043390352,1.011504219081348,0.5443785276122268,-0.7771048251381362,1.0,1.0
2020-08-21,0.0307632598236882,0.9754644385046912,0.7460433941609148,-0.09634392969466617,0.0,1.0
2020-08-24,0.0253390757211748,0.947651595118531,0.9020886945475411,-0.23697269536421897,0.0,0.0
2020-08-25,0.0172690875077696,0.9771095507558268,0.7379219950570999,-0.4439968828791433,0.0,0.0
2020-08-26,-0.0118868083114325,1.0005562697857855,0.6081200331821233,-1.258863147077643,0.0,0.0
2020-08-27,-0.0087503033645344,1.0346811861762286,0.4183597825860854,-1.138831948193511,0.0,0.0
2020-08-28,-0.0394764050650389,1.0172726019305345,0.5163154269604959,-1.9512916063244963,0.0,0.0
2020-08-31,0.0115192000103236,0.9492237328634516,0.8963969099872671,-0.4890817002999105,0.0,0.0
2020-09-01,0.0009998255612462,0.9535867733012344,0.8728219474120449,-0.7551438724731092,0.0,0.0
2020-09-02,0.012408269261618,0.929762584584236,1.0067908200519513,-0.42929309230711366,0.0,0.0
2020-09-03,0.0260432717347613,0.9285880013989128,1.0145684881284032,-0.05696227867234946,0.0,0.0
2020-09-04,0.0259695185758612,0.9029815345293516,1.1592808722399166,-0.06030772440542635,0.0,0.0
2020-09-07,0.024780305169302,0.8774189275602027,1.3033573608290467,-0.08232912136381709,0.0,0.0
2020-09-08,0.0367221085193438,0.8006294481381052,1.7344370432052871,0.24081731870196713,0.0,0.0
2020-09-09,0.034762131703097,0.7539730182686339,1.99681784966178,0.1982872777730243,0.0,0.0
2020-09-10,0.0296469476249594,0.6685663828122855,2.476116795566795,0.07409337547976613,0.0,0.0
2020-09-11,0.0111954481261622,0.6171009092699219,2.765277632813616,-0.4138825596995431,0.0,0.0
2020-09-14,0.0022809337080644,0.5905896388787224,2.9142351732527687,-0.6387322067148916,0.0,0.0
2020-09-15,0.0044953016188094,0.5870393379889444,2.9349555632366235,-0.5567488292856521,0.0,0.0
2020-09-16,0.0249935134593339,0.6165554626368959,2.7706318636846685,0.03044203958097158,0.0,0.0
2020-09-17,0.023313087869206,0.593703405544684,2.8996638555892438,-0.004454920774662128,0.0,0.0
2020-09-18,0.0107698116234002,0.6036299117046642,2.845532736696134,-0.3552331232013761,0.0,0.0
2020-09-21,-0.0032853083480293,0.585342179331342,2.948377066170755,-0.7322192393958487,0.0,0.0
2020-09-22,-0.008541656165721,0.5892741526431288,2.926456288126141,-0.8574161447994416,0.0,0.0
2020-09-23,0.0011664767679473,0.6026250222793749,2.8519537209332912,-0.549537879105464,0.0,0.0
2020-09-24,-0.0011734989808278,0.6015127325141522,2.858212206749365,-0.5939390009078721,0.0,0.0
2020-09-25,0.0087905901701925,0.6027157180547991,2.851374743383264,-0.2757595250921337,0.0,0.0
2020-09-28,0.0055501972554949,0.593965252350399,2.900602141731447,-0.3552672959713086,0.0,0.0
2020-09-29,0.0203147758426727,0.5869756173755982,2.9395851643720694,0.11005362181587634,0.0,0.0
2020-09-30,0.0316951829030545,0.5659387803338318,3.057271863141253,0.47727256031602183,0.0,0.0
2020-10-01,0.0405787831396038,0.538927994081805,3.208313183166009,0.7870621210708791,0.0,0.0
2020-10-05,0.0427175044372325,0.5155362329231887,3.3391457281413297,0.8872328584979018,0.0,0.0
2020-10-06,0.0595027156676799,0.5027157476291451,3.4111244480313987,1.4523276433597596,0.0,0.0
2020-10-07,0.0794145646698822,0.5023776135358398,3.4139534638961355,2.075254391960875,-1.0,0.0
2020-10-08,0.1046867100444202,0.4887681088155192,3.491365954134241,2.8203118148873965,-1.0,-1.0
2020-10-09,0.136945886888685,0.4628876122538688,3.637828124977041,3.6323645816862515,-1.0,-1.0
2020-10-12,0.1199877614056323,0.4317167951698659,3.8144750668780767,2.7942072054745055,-1.0,-1.0
2020-10-13,0.0953552894504952,0.4001052916319249,3.992816288479146,2.0036034812049066,-1.0,-1.0
2020-10-14,0.1027396116933099,0.4152586973460533,3.908961489442092,2.2207635962750736,-1.0,-1.0
2020-10-15,0.0799914596323616,0.4218159347091037,3.8733912808154334,1.572418598863462,-1.0,-1.0
2020-10-16,0.095947210672163,0.3958713515952833,4.019125205844671,1.9701706952525406,-1.0,-1.0
2020-10-19,0.0868812176909488,0.384239150873511,4.085271425030205,1.669777781047081,-1.0,-1.0
2020-10-20,0.1041428938648305,0.4149603829925823,3.914741345987728,2.047366722013608,-1.0,-1.0
2020-10-21,0.1122057370307776,0.4441163344146611,3.753707198133528,2.148029315352433,-1.0,-1.0
2020-10-22,0.0965514420735376,0.5135707044493967,3.3679094053959364,1.6767047740256165,-1.0,-1.0
2020-10-23,0.0974852242498061,0.5886869732751537,2.9506643229944127,1.639147195339255,-1.0,-1.0
2020-10-26,0.0562050511548757,0.6600681358011521,2.554578507188414,0.6452298058779834,-1.0,-1.0
2020-10-27,-0.0130492742024754,0.7197188294799193,2.2235220141339047,-0.9986197866616088,0.0,-1.0
2020-10-28,-0.0106820646800986,0.6768876078611693,2.4641230275789043,-0.9496041714958992,0.0,0.0
2020-10-29,-0.0354760536551541,0.6566827730158258,2.577841025294568,-1.5189209808909194,0.0,0.0
2020-10-30,-0.0234467301468517,0.6133524909406397,2.8209443785970216,-1.2221960229220132,0.0,0.0
2020-11-02,-0.0071323182528977,0.5897873064538209,2.953549167788597,-0.8362915116279906,0.0,0.0
2020-11-03,0.015291679360573,0.5797546797836662,3.0106732132173435,-0.32154919006724414,0.0,0.0
2020-11-04,0.0062445787378822,0.590414993984877,2.952271542834528,-0.5508597969632669,0.0,0.0
2020-11-05,-0.0022260056584011,0.5945386350645546,2.930139719358074,-0.7588790049759219,0.0,0.0
2020-11-06,0.0133109905327968,0.5886915169272949,2.9636398700897297,-0.3859499664522172,0.0,0.0
2020-11-09,0.0327005168824463,0.5929311434942406,2.940883360287051,0.06585777163198916,0.0,0.0
2020-11-10,0.0591976958491589,0.6028383171985898,2.88677305751631,0.6789764256417261,0.0,0.0
2020-11-11,0.0294887712644298,0.6267117518072534,2.754707316328458,-0.043004239523073674,0.0,0.0
2020-11-12,0.0304705118314547,0.6390737325956453,2.686794424261504,-0.04077038749628947,0.0,0.0
2020-11-13,0.0144476791467531,0.6479396181051797,2.638296122944958,-0.4363515753101193,0.0,0.0
2020-11-14,0.0184853758013394,0.648451500629027,2.636587089609627,-0.34321307976590754,0.0,0.0
2020-11-17,0.0351958667863061,0.6519883069780168,2.617488747946835,0.06221809726410122,0.0,0.0
2020-11-18,0.0194071953663499,0.6627273162090056,2.5579025972317333,-0.31991302530523286,0.0,0.0
2020-11-19,-0.005939051629066,0.6681671680117528,2.5280268586221344,-0.92820297432032,0.0,0.0
2020-11-20,-0.0078262444725192,0.6665076783380348,2.5381730714379565,-0.9781659174929892,0.0,0.0
2020-11-23,-0.0170931956556352,0.6632953919565185,2.5570620339821297,-1.2015740681488483,0.0,0.0
2020-11-24,0.0044984158472796,0.6594872772999398,2.5795226028452336,-0.7012100502897081,0.0,0.0
2020-11-25,0.0006463857477418,0.6592442434403767,2.5816409659555504,-0.7907829241739014,0.0,0.0
2020-11-26,0.0075771034340892,0.6585259508424437,2.586462451210073,-0.6220459316113488,0.0,0.0
2020-11-27,0.010340479938419,0.6592052776315127,2.5833230937681937,-0.5522857139634638,0.0,0.0
2020-12-01,0.0151357406471412,0.6601553513269063,2.5785380315588387,-0.4284838083117014,0.0,0.0
2020-12-02,0.0176775087397058,0.6612472664008041,2.5730703707675224,-0.3620487439532885,0.0,0.0
2020-12-03,-0.0071093770997547,0.661761413958333,2.570981528099087,-0.9581993838639041,0.0,0.0
2020-12-04,-0.0098215372286492,0.6589694307681061,2.5871547514768203,-0.9986154761120416,0.0,0.0
2020-12-07,-0.009803751344342,0.6551207293788454,2.6093742006358207,-0.9723709092533258,0.0,0.0
2020-12-08,-0.0111300780793262,0.6509757518018223,2.6333545821997597,-0.9805947250064422,0.0,0.0
2020-12-09,-0.0056836347003796,0.6451034029330696,2.667493072863292,-0.8378584629760176,0.0,0.0
2020-12-10,-0.0270086619708758,0.6381906484340835,2.707846843747179,-1.3320730917618075,0.0,0.0
2020-12-11,-0.033265883399387,0.628650295393269,2.762926344162683,-1.449044814404776,0.0,0.0
2020-12-14,-0.0452908223981363,0.6201249750400347,2.811827664881041,-1.6758168104491535,0.0,0.0
2020-12-15,-0.032609280300615,0.6092435326155625,2.87412544725573,-1.3306685750010394,0.0,0.0
2020-12-16,-0.0169825810508617,0.5977516487073726,2.9404386890533893,-0.9541724178327965,0.0,0.0
2020-12-17,0.0025211524456754,0.5865533203602957,3.005657519704479,-0.5192909883198573,0.0,0.0
2020-12-18,-0.0131086731500404,0.575864005230462,3.0684921312209137,-0.867007710683474,0.0,0.0
2020-12-21,-0.0311589130097575,0.5637139584594381,3.139475734771076,-1.2524234017625413,0.0,0.0
2020-12-22,-0.0235040554301617,0.5466833182666924,3.238546658478211,-1.0637010076146427,0.0,0.0
2020-12-23,-0.0249486785383088,0.5311948629199277,3.328864623256839,-1.0743093841499423,0.0,0.0
2020-12-24,-0.0182800860575653,0.5147235264364259,3.425051253370745,-0.9130980247863101,0.0,0.0
2020-12-28,-0.0123470873233286,0.4991309701499172,3.516222455169074,-0.7680913901472614,0.0,0.0
2020-12-29,-0.0030681705994117,0.4853003730670843,3.597248958494334,-0.5542210446613778,0.0,0.0
2020-12-30,-0.0027324398341708,0.4749368783976862,3.658255815400074,-0.5311620179082782,0.0,0.0
2020-12-31,0.0061802727040856,0.4643517259887414,3.720634947269016,-0.3280743550864594,0.0,0.0
2021-01-01,-0.0010229133713317,0.458097635290826,3.757761980364701,-0.4625346816420958,0.0,0.0
2021-01-04,-0.0005242430423075,0.4541229355967253,3.781215688604149,-0.42873844378966686,0.0,0.0
2021-01-05,0.0082522340920756,0.4559377628882544,3.7704803495022303,-0.21018907452691502,0.0,0.0
2021-01-06,0.0005061611547003,0.4679654586481468,3.6996014270227526,-0.3541832242448834,0.0,0.0
2021-01-07,0.0012483589054341,0.4774942341799609,3.6433001016258206,-0.3062217951143094,0.0,0.0
2021-01-08,0.0073759535262984,0.4811163011000419,3.621899823492244,-0.12136403888942635,0.0,0.0
2021-01-11,0.0286806414366975,0.4884585747337674,3.5786137590358824,0.4839158581660391,0.0,0.0
2021-01-12,0.0569385696449873,0.4930597748892614,3.5520137127445435,1.2972547484875216,0.0,0.0
2021-01-13,0.0542187787025101,0.5062096620340334,3.4753488092570457,1.2841035414691118,0.0,0.0
2021-01-14,0.0489539839711774,0.5149369202307097,3.424720119759214,1.1830689402769168,0.0,0.0
2021-01-15,0.0545505949118889,0.5350076989588153,3.306819503905477,1.4557897303971745,0.0,0.0
2021-01-18,0.0700412523029716,0.5627734065393137,3.143339011156067,2.123718818907921,-1.0,0.0
2021-01-19,0.0704774500694722,0.5921931581619031,2.970290044379833,2.24173486578942,-1.0,-1.0
2021-01-20,0.0621122415621355,0.6438041291175552,2.665896956906989,2.0571076284113983,-1.0,-1.0
2021-01-21,0.0587069780171898,0.6817794863544774,2.442017476765458,1.9156856920986995,-1.0,-1.0
2021-01-22,0.0470391522284492,0.6751857498238962,2.4821786697949744,1.4131046249774302,-1.0,-1.0
2021-01-25,0.071171240381259,0.6578168473170846,2.585962448121852,2.2029140814045745,-1.0,-1.0
2021-01-27,0.0403082127712752,0.6051284209677295,2.8995900992265047,1.044471401710301,-1.0,-1.0
2021-01-28,0.0203224133745338,0.534990947854115,3.3161337305433163,0.3254092014317151,0.0,-1.0
2021-01-29,0.0301043606231599,0.4665012485079272,3.722686549844268,0.6466277317910569,0.0,0.0
2021-02-01,0.0629980395569065,0.3965241509869182,4.138119328744276,1.7626096264797448,0.0,0.0
2021-02-02,0.1027744993493202,0.3103298802272954,4.650464497872562,3.0165205698658997,-1.0,0.0
2021-02-03,0.1095328986782884,0.2299758111748878,5.12925138360978,2.9732657363363892,-1.0,-1.0
2021-02-04,0.1035114406023957,0.1639786179536921,5.523004176776437,2.5537769777482557,-1.0,-1.0
2021-02-05,0.1077516699229965,0.1426012547668411,5.6521269762853885,2.513924888618528,-1.0,-1.0
2021-02-08,0.1104297954028186,0.1939235099127604,5.349905579299202,2.4649112733125538,-1.0,-1.0
2021-02-09,0.1119940933994561,0.2301027227924795,5.137554611097127,2.355627542779321,-1.0,-1.0
2021-02-10,0.0899081481651706,0.2487318275303498,5.029362055865762,1.6852782280476,-1.0,-1.0
2021-02-11,0.0806226640594731,0.2508850104004865,5.018699714639773,1.396843493068862,-1.0,-1.0
2021-02-12,0.0859145314474358,0.2578155268693075,4.979447738585673,1.4742384241868431,-1.0,-1.0
2021-02-15,0.1003562292057571,0.281617518513331,4.83976016274733,1.7613673480051095,-1.0,-1.0
2021-02-16,0.0969357305627409,0.3306482511823072,4.550598623432155,1.6109001410577382,-1.0,-1.0
2021-02-17,0.0724323167328755,0.3817690955632655,4.249285942800951,1.0065001088536452,-1.0,-1.0
2021-02-18,0.0580405666869485,0.4164396300290688,4.045087133579124,0.6579434116288708,-1.0,-1.0
2021-02-19,0.0478155853627209,0.4283642371061264,3.975895936767577,0.4080415162359283,0.0,-1.0
2021-02-22,0.0498568742604321,0.4398749999002593,3.9086052667282942,0.4377052530940486,0.0,0.0
2021-02-23,0.054026677943467,0.4443827422516945,3.88313383530626,0.5127966349778574,0.0,0.0
2021-02-24,0.0931611136662953,0.4299464200923711,3.9701090393102048,1.3623343559220713,0.0,0.0
2021-02-25,0.0948897795591658,0.4316532534791282,3.961767816326948,1.3520917504459973,0.0,0.0
2021-02-26,0.0735043058782718,0.4207595951487728,4.02830634912178,0.8441459995353118,0.0,0.0
2021-03-01,0.070254722790084,0.3482537774991054,4.460578128553614,0.7504806192270127,0.0,0.0
2021-03-02,0.0724720965492022,0.2927167371203344,4.792476253053807,0.7724244580543398,0.0,0.0
2021-03-03,0.0734215227385766,0.2430583225229972,5.089531785414978,0.7662815512456341,0.0,0.0
2021-03-04,0.0489724480971169,0.202232106909847,5.334332106418927,0.20924280985850788,0.0,0.0
2021-03-05,0.0303792695091363,0.1650188209530803,5.557326903683236,-0.21805562526969433,0.0,0.0
2021-03-08,0.0227428186641606,0.1580626793405204,5.599998178990647,-0.40193398578337747,0.0,0.0
2021-03-09,0.0441158951586291,0.1549892101717136,5.619778104857484,0.05303503516404536,0.0,0.0
2021-03-10,0.0384144955955365,0.1773267007783599,5.488994624537572,-0.10696907830786603,0.0,0.0
2021-03-12,0.0362240947315606,0.2040492657152357,5.332243939212175,-0.1968740120590065,0.0,0.0
2021-03-15,0.0209214703461675,0.2276030494638367,5.194121365343748,-0.6087164450693409,0.0,0.0
2021-03-16,0.0105852189629636,0.2449103796119171,5.092679833077269,-0.8948579404853646,0.0,0.0
2021-03-17,0.0033576583971395,0.2601198360661952,5.003233389272758,-1.0834309471668655,0.0,0.0
2021-03-18,0.0053084933465081,0.2759929710845294,4.910076891743528,-1.0508003078119974,0.0,0.0
2021-03-19,0.0076763745314996,0.2806197259910455,4.884192815489043,-1.031012447329582,0.0,0.0
2021-03-22,-0.0115555592416591,0.2747375052196301,4.920749063078951,-1.577423776569436,0.0,0.0
2021-03-23,0.0102323010275937,0.2893983491598085,4.835016970358478,-1.0147641083334058,0.0,0.0
2021-03-24,0.0007029955549155,0.3124518271946913,4.699701227175032,-1.3077742427666885,0.0,0.0
2021-03-25,-0.0046678297947311,0.3529077109618035,4.460898923125107,-1.4741716959595128,0.0,0.0
2021-03-26,0.014644846530448,0.3997267651404452,4.184251004090283,-0.9386972407281327,0.0,0.0
2021-03-30,0.054455464947257,0.4440185984545411,3.9230777906395793,0.15378853150399036,0.0,0.0
2021-03-31,0.0207731117350364,0.4546345648176056,3.8622805924051775,-0.8174783984191724,0.0,0.0
2021-04-01,0.0027174594516234,0.4898432517959437,3.6553454707867674,-1.3532660588828793,0.0,0.0
2021-04-05,-0.008976884773467,0.5294813748607252,3.421962368174168,-1.692483385683908,0.0,0.0
2021-04-06,-0.01687061575746,0.5716138683714864,3.1735813363159204,-1.887571016244722,0.0,0.0
2021-04-07,-0.0183683596365362,0.6286581385233956,2.8370060608376604,-1.8960472404969642,0.0,0.0
2021-04-08,-0.0242117441380034,0.6770314537418785,2.5518502742438924,-2.0198793982637993,1.0,0.0
2021-04-09,-0.0368079739728921,0.7389100425736053,2.18671669142293,-2.298910973567319,1.0,1.0
2021-04-12,-0.0501108191941197,0.7800582586321312,1.9437723635993944,-2.523518373377599,1.0,1.0
2021-04-13,-0.0386749007885329,0.8210397037807307,1.7011183280896285,-2.0761461411958906,1.0,1.0
2021-04-15,-0.0153885998865117,0.8424327159582313,1.5745452786894294,-1.4168319997128018,1.0,1.0
2021-04-16,-0.0117723202698742,0.8565360654412056,1.4916017400773232,-1.2844272412071107,1.0,1.0
2021-04-19,0.0083440664138425,0.8630946441575066,1.453165229623596,-0.7787880013510385,1.0,1.0
2021-04-20,-0.0060582921312715,0.8563412277395379,1.4934649207934108,-1.0856233585130992,1.0,1.0
2021-04-22,-0.0028368684751542,0.8634270402970176,1.4517982103345108,-0.9765736047900024,1.0,1.0
2021-04-23,-0.0078574284688048,0.8684786369065983,1.4223268107759273,-1.0608348331481554,1.0,1.0
2021-04-26,-0.0272040170158973,0.8733332363177196,1.393942847951343,-1.4651106818712356,1.0,1.0
2021-04-27,0.001580672311559,0.880606096654638,1.3510811413777866,-0.7733543958161649,1.0,1.0
2021-04-28,-0.0026353026170324,0.8792335953410236,1.3592760953700758,-0.8415163659857936,1.0,1.0
2021-04-29,-0.0029985237618896,0.8708074698931612,1.4094448576013487,-0.8289184590928103,1.0,1.0
2021-04-30,-0.0186654976569524,0.8533457180698423,1.5131192036576566,-1.1607396575783833,1.0,1.0
2021-05-03,-0.0057600909409307,0.8515789036377093,1.5235229872504936,-0.8496875444372464,1.0,1.0
2021-05-04,-0.0276268138008237,0.854673763448384,1.505133233625238,-1.2972772227554368,1.0,1.0
2021-05-05,-0.0346289666946173,0.8656089866503415,1.4396156797819124,-1.4115919951700662,1.0,1.0
2021-05-06,-0.0428092679461062,0.8742951487991167,1.3870359979935207,-1.5535378688850447,1.0,1.0
2021-05-07,-0.0279322006754529,0.8783047987913845,1.3623275023888055,-1.177118210144797,1.0,1.0
2021-05-10,-0.0379608118945355,0.8855784712313718,1.3189419356091223,-1.3742371247219032,1.0,1.0
2021-05-11,-0.0219871829678197,0.8822512709512549,1.3376910969765188,-0.9761011469298349,1.0,1.0
2021-05-12,-0.0057938089239275,0.8779888979881845,1.3620710937647322,-0.5699014567993073,1.0,1.0
2021-05-14,-0.0084210012045904,0.8782821543304852,1.360162970357342,-0.6083284677331297,1.0,1.0
2021-05-17,0.0106564991509436,0.8855432241636886,1.317297455413426,-0.11033101753897577,0.0,1.0
2021-05-18,0.0297721391850451,0.8788964605087867,1.3565607263591437,0.4050814808814536,0.0,0.0
2021-05-19,0.0283782524871103,0.8611749578456512,1.46126769725121,0.4166194301385388,0.0,0.0
2021-05-20,0.0206052171355342,0.8443106511443086,1.560974904316887,0.251271767248648,0.0,0.0
2021-05-21,0.0399378216550507,0.8386591257985394,1.5946881827972534,0.8310189461879418,0.0,0.0
2021-05-24,0.0477346153687774,0.8338230670932795,1.6239429424517686,1.0712384417474012,0.0,0.0
2021-05-25,0.0290031007000912,0.8328397220711893,1.6307772459274892,0.5342409330784467,0.0,0.0
2021-05-26,0.0318428104376788,0.8377278632547568,1.6027637896389877,0.6310115002492899,0.0,0.0
2021-05-27,0.0175985593799818,0.8236630157326307,1.6859100336759862,0.23219912865507514,0.0,0.0
2021-05-28,0.0211594424655015,0.7927644423444052,1.8672168901333297,0.39356153326574095,0.0,0.0
2021-05-31,0.0270061314748053,0.761347553416606,2.0514566974777244,0.6518399916559853,0.0,0.0
2021-06-01,0.0291654039764202,0.7686480647673162,2.008146807342488,0.7775478145079632,0.0,0.0
2021-06-02,0.0301282680392631,0.7550487961372216,2.087907785245441,0.8650209980526875,0.0,0.0
2021-06-03,0.0285272517253218,0.7359360411373669,2.199967115382277,0.8700815210251409,0.0,0.0
2021-06-04,0.0172065864775952,0.7114330200160589,2.343809054816445,0.5040267626650919,0.0,0.0
2021-06-07,0.0151928484584518,0.6999919438889872,2.411027767481859,0.457255837235145,0.0,0.0
2021-06-08,0.0118375895697759,0.7092610087998976,2.356915318965544,0.3362467147644714,0.0,0.0
2021-06-09,0.0138462070238514,0.7224096170061576,2.280061152775003,0.4260255714565404,0.0,0.0
2021-06-10,0.0071288502772395,0.7379766692773708,2.189009452808812,0.17928506132583735,0.0,0.0
2021-06-11,0.012400628145464,0.759440589673137,2.063263368492626,0.4261157523054637,0.0,0.0
2021-06-14,0.0187651295762334,0.7673603795426013,2.017017566788509,0.7218192632305037,0.0,0.0
2021-06-15,0.0243626394713967,0.795850185905821,1.8503466692833836,0.9635728898876637,0.0,0.0
2021-06-16,0.0248653436410082,0.8508574972426323,1.528355993941788,0.9688464032497738,0.0,0.0
2021-06-17,0.0090835577461794,0.8920041215225427,1.2877300778844178,0.2810349271107833,0.0,0.0
2021-06-18,0.0210158981077004,0.9014236242022748,1.2327364070280469,0.780924285330269,0.0,0.0
2021-06-21,0.0206679976439332,0.9042916108165808,1.2163357102102204,0.7533560723010172,0.0,0.0
2021-06-22,0.0245971882167772,0.939175923923992,1.012425317678514,0.894231037140837,0.0,0.0
2021-06-23,0.0360997844289823,0.9213589164997392,1.117196205588738,1.3576711821489713,0.0,0.0
2021-06-24,0.0482194756877447,0.881384917745705,1.352032775380251,1.8102103388577704,0.0,0.0
2021-06-25,0.0540917539735534,0.8374989476561562,1.6100109993109344,1.9643713356186396,0.0,0.0
2021-06-28,0.0489711627170823,0.7801453267753928,1.946784853215398,1.6819237352600538,0.0,0.0
2021-06-29,0.0588733189962544,0.6995299745080249,2.419200641712261,2.0830195877967785,-1.0,0.0
2021-06-30,0.0524783924039344,0.6046817868809914,2.975624021330535,1.7509562869258104,-1.0,-1.0
2021-07-01,0.0380972681762838,0.5084569935996136,3.5403060269220714,1.1473651490728884,-1.0,-1.0
2021-07-02,0.032086947523592,0.4588623453843523,3.8316354027747166,0.8899117794582745,-1.0,-1.0
2021-07-05,0.0365728261269673,0.4216465785478511,4.050465104313572,1.0248286506131712,-1.0,-1.0
2021-07-06,0.0557218242102282,0.4067439587736531,4.138640094200884,1.6922293452944435,-1.0,-1.0
2021-07-07,0.0560086509754622,0.4179066038252245,4.074565804727115,1.6374156483506885,-1.0,-1.0
2021-07-08,0.0497921801362135,0.4670101381644899,3.788446321295133,1.3616991494142068,-1.0,-1.0
2021-07-09,0.0376075337783357,0.4025590681289672,4.167905071986697,0.8846013240382903,-1.0,-1.0
2021-07-12,0.023155380426441,0.389560299805939,4.245501900618338,0.3029299829302528,0.0,-1.0
2021-07-13,0.0288035505258186,0.3876963575003881,4.257294814199639,0.5020352625358798,0.0,0.0
2021-07-14,0.0258134076151081,0.3873049596157563,4.260554442770416,0.36175342388133075,0.0,0.0
2021-07-15,0.0385781171236296,0.3349317460005503,4.568223388577602,0.8530068989846055,0.0,0.0
2021-07-16,0.0379516386537275,0.2412498450580691,5.118404661242272,0.8000003126403188,0.0,0.0
2021-07-19,0.0055280627434401,0.2089907322239342,5.308557476516533,-0.5056917695808683,0.0,0.0
2021-07-20,-0.0129936599697009,0.1739252285013117,5.514727160212916,-1.2539789181841647,0.0,0.0
2021-07-22,-0.009509544834255,0.199343034052888,5.3664569399426645,-1.141927082548727,0.0,0.0
2021-07-23,-0.0155515443301477,0.2085472866779546,5.312816483160475,-1.3686894284496016,0.0,0.0
2021-07-26,-0.0230275352863795,0.2345423430050707,5.160438462653332,-1.643645336555645,0.0,0.0
2021-07-27,-0.012591901962524,0.2587352354040412,5.018550659995901,-1.1966024771934562,0.0,0.0
2021-07-28,-0.0209560536867485,0.2742125958044532,4.928447352988268,-1.5351013360807764,0.0,0.0
2021-07-29,-0.0169364905133191,0.3018537082815296,4.766924323856857,-1.3507554314960721,0.0,0.0
2021-07-30,-0.0132341218684424,0.3205719049900256,4.658053911573085,-1.227717110620391,0.0,0.0
2021-08-02,-0.0162332108545908,0.3695430888249298,4.372166039343926,-1.3923228388094304,0.0,0.0
2021-08-03,-0.0105788255894738,0.4415991693332321,3.951313423192828,-1.2268280444352906,0.0,0.0
2021-08-04,-0.0068651047897079,0.4865875278103873,3.688822239339895,-1.1060930008828223,0.0,0.0
2021-08-05,-0.0016477025053243,0.5568055022817624,3.2789275591806293,-0.9449331429112761,0.0,0.0
2021-08-06,0.0007299650523493,0.5686110281032758,3.2107902262726573,-0.8736084033991857,0.0,0.0
2021-08-09,0.0066963086280025,0.5459592723087948,3.3441445871893665,-0.6117883599289078,0.0,0.0
2021-08-10,-0.0003170808003338,0.510208564959813,3.5543654814918035,-0.9528507642634925,0.0,0.0
2021-08-11,-0.0002284206102842,0.5084669083163962,3.565061305745668,-0.9348125394932122,0.0,0.0
2021-08-12,0.0018763605126634,0.5096035952065809,3.5585595060983635,-0.8112695219052152,0.0,0.0
2021-08-13,0.0179690770507745,0.5064090859659585,3.5775343577669765,-0.059328864820728085,0.0,0.0
2021-08-16,0.0218436060310565,0.4997277496738406,3.6173781996092527,0.11809685171395827,0.0,0.0
2021-08-17,0.0091065574325388,0.5115933145084027,3.54823900403707,-0.44831503019260827,0.0,0.0
2021-08-18,0.0192252293320933,0.5162281059369612,3.521075682664065,0.043243832099833936,0.0,0.0
2021-08-20,0.0337308026851013,0.5162895729308002,3.521166861014465,0.7230543345591134,0.0,0.0
2021-08-23,0.0350348319339084,0.4898615355582791,3.676540474348845,0.7812374246170645,0.0,0.0
2021-08-24,0.0595686055046957,0.4782820121398446,3.745131597271501,1.8939170157011913,0.0,0.0
2021-08-25,0.0586877918692096,0.4429725742986626,3.952875837075903,1.771787279994889,0.0,0.0
2021-08-26,0.0546770957963986,0.3962559473835657,4.227205805776324,1.530527918603925,0.0,0.0
2021-08-27,0.0452255805280232,0.3540632607387147,4.474954629027341,1.0798790354042915,0.0,0.0
2021-08-30,0.0524950655962268,0.3337097082184693,4.594802793210047,1.369576671470707,0.0,0.0
2021-08-31,0.0566607156462457,0.3259025648021675,4.64129486496926,1.5077426437050463,0.0,0.0
2021-09-01,0.0552887777943129,0.3540800542043543,4.477619682821963,1.3967885602542112,0.0,0.0
2021-09-02,0.0537708685221884,0.3834692854230409,4.306915117152624,1.2868834326184737,0.0,0.0
2021-09-03,0.0389812885411169,0.449445067419734,3.9224020360245455,0.651249805088944,0.0,0.0
2021-09-06,0.034379324988309,0.5124690982391386,3.554938619991613,0.4491202222187904,0.0,0.0
2021-09-07,0.0373389730274578,0.5776760740359947,3.174763120658224,0.5502736933326386,0.0,0.0
2021-09-08,0.0219656357924757,0.6344987955974739,2.843646446574555,-0.08165378553821354,0.0,0.0
2021-09-09,0.0130786164220806,0.683838208226745,2.5559773514664257,-0.4393911057709504,0.0,0.0
2021-09-13,-0.006057710664252,0.7167786906072758,2.363963787529394,-1.1956080685030008,0.0,0.0
2021-09-14,-0.0214684584876643,0.7149928990124884,2.37472523206349,-1.7697188690616048,0.0,0.0
2021-09-15,-0.0226102723281966,0.6897852229726706,2.522492734814416,-1.7537072648760736,0.0,0.0
2021-09-16,-0.0242905448786725,0.6587914276509141,2.7039281354155094,-1.74629619629179,0.0,0.0
2021-09-17,-0.0394327377238568,0.624324373715355,2.905668118516515,-2.231834363783829,1.0,0.0
2021-09-20,-0.0411365334994138,0.54829135817508,3.350526040207822,-2.1674345894585483,1.0,1.0
2021-09-21,-0.0396828223635949,0.4845634992918742,3.7233357131685296,-1.99974712955405,1.0,1.0
2021-09-22,-0.0385933626498253,0.4339977391109259,4.018987159842961,-1.8679861110301432,1.0,1.0
2021-09-23,-0.0175906231294753,0.39622970913445,4.239650637814324,-1.1006673263355764,1.0,1.0
2021-09-24,0.0041722693710477,0.3789727037155408,4.340554320989266,-0.3514700579431617,0.0,1.0
2021-09-27,0.0171235359308661,0.3840118564950936,4.310963945678685,0.10460741129906707,0.0,0.0
2021-09-28,0.0020235119318194,0.3981183986428395,4.2283945658138204,-0.3846509689300771,0.0,0.0
2021-09-29,-0.0040337498196243,0.3984239966913874,4.226737807036135,-0.5719690540710746,0.0,0.0
2021-09-30,0.0019984885023149,0.3938738635145998,4.253579329679371,-0.3468708126868367,0.0,0.0
2021-10-01,-0.0034982726716554,0.3942122396969407,4.251694776344364,-0.5168772635556758,0.0,0.0
2021-10-04,-0.00073701303966,0.3942568260785361,4.251106576706286,-0.39572931143052403,0.0,0.0
2021-10-05,0.007253740545567,0.3955758861475981,4.243034153536639,-0.0864032136494793,0.0,0.0
2021-10-06,0.0244142673412959,0.4004017028869976,4.214546948642205,0.5586111840611239,0.0,0.0
2021-10-07,0.021374095601482,0.4087085322441052,4.165995253998319,0.4595549043116879,0.0,0.0
2021-10-08,0.0190532968302221,0.413331189272036,4.139284111700869,0.376317598070623,0.0,0.0
2021-10-11,0.0293138426004921,0.4176328490457899,4.114316713726796,0.7586745488636631,0.0,0.0
2021-10-12,0.0212399295674075,0.4259869352717529,4.065670373121833,0.4606497870690873,0.0,0.0
2021-10-13,0.0231732815588014,0.4342831448590036,4.016986277614979,0.5463862649446806,0.0,0.0
2021-10-14,0.0490450682055869,0.443664292615029,3.96189504554088,1.5195674263455545,0.0,0.0
2021-10-18,0.0379046620986831,0.4564833262923631,3.887383372631747,1.0592803434403817,0.0,0.0
2021-10-19,0.0419711105227205,0.4600518809435762,3.8674843837925534,1.1721463440964266,0.0,0.0
2021-10-20,0.0358738110628689,0.4665021780675914,3.8305965223959872,0.9134087038905768,0.0,0.0
2021-10-21,0.0070922736951186,0.4678502522928332,3.823885454151859,-0.1544283925954291,0.0,0.0
2021-10-22,0.0038770313469402,0.4609367947486756,3.8657209389220366,-0.29228299055436674,0.0,0.0
2021-10-25,-0.0061858390671618,0.4523938125260925,3.916943179542969,-0.6740742571086514,0.0,0.0
2021-10-26,-0.018019329277048,0.4343303485699052,4.024479535440873,-1.1280174988414429,0.0,0.0
2021-10-27,-0.0162058260464759,0.4097238193476653,4.170662185774685,-1.0592966011648448,0.0,0.0
2021-10-28,-0.0274786288979353,0.3869893781496164,4.305909503709649,-1.4724409493190571,0.0,0.0
2021-10-29,-0.0201237849221151,0.3598404135053039,4.467391787662474,-1.1829998126812158,0.0,0.0
2021-11-01,-0.0125378435269678,0.3377113139691695,4.5992787481400805,-0.8937305257890348,0.0,0.0
2021-11-02,-0.0109448474241469,0.3229489951756023,4.687513098536535,-0.8299350862587909,0.0,0.0
2021-11-03,-0.0204120662437479,0.3117079538123319,4.754765634558062,-1.1640210539508355,0.0,0.0
2021-11-04,-0.0149215344880746,0.3001198754754195,4.823899484509191,-0.9430157592635192,0.0,0.0
2021-11-08,-0.0191593098249727,0.2904566737179879,4.881609955924149,-1.0743079456883622,0.0,0.0
2021-11-09,-0.0331062292478965,0.2792884287129311,4.948290896432372,-1.5467357118447893,0.0,0.0
2021-11-10,-0.0399998246563511,0.2625082257829363,5.048246548723332,-1.7383366280678316,0.0,0.0
2021-11-11,-0.0406365151612204,0.2460698035456202,5.146063446525839,-1.6949967154139431,0.0,0.0
2021-11-12,-0.0389336789613705,0.2342607684878763,5.21607916778162,-1.5685279493062898,0.0,0.0
2021-11-15,-0.0374728389504277,0.2221991305695436,5.287608671237969,-1.4597607212760475,0.0,0.0
2021-11-16,-0.0407218036224774,0.2064430937684192,5.381419490780579,-1.5134966350540595,0.0,0.0
2021-11-17,-0.0478663826021719,0.1893046867241909,5.483431221583465,-1.6804300075105987,0.0,0.0
2021-11-18,-0.0386351706014811,0.1718632400527802,5.587110184069708,-1.3265094791878065,0.0,0.0
2021-11-22,-0.0481831300843229,0.1588668310173356,5.6643985799335095,-1.5730424621236516,0.0,0.0
2021-11-23,-0.0494453624095515,0.1612512572233649,5.649321361939013,-1.5660715456251364,0.0,0.0
2021-11-24,-0.0492449533632785,0.1623070621093087,5.642140057778533,-1.515454128093048,0.0,0.0
2021-11-25,-0.0450522704747223,0.1605885898199537,5.651556360135583,-1.3406191216755823,0.0,0.0
2021-11-26,-0.0626531442313386,0.1534295078888738,5.6936735206909095,-1.8529553477909526,0.0,0.0
2021-11-29,-0.0582947673607296,0.1634598649841131,5.632486814796648,-1.6543042239102275,0.0,0.0
2021-11-30,-0.057298441071437,0.1720846864698324,5.579608675037445,-1.5804883350615067,0.0,0.0
2021-12-01,-0.0473349120342356,0.1952429962375208,5.439680620230149,-1.2220299127184036,0.0,0.0
2021-12-02,-0.0326843272547974,0.2255233888341766,5.25710287071154,-0.7126253086525871,0.0,0.0
2021-12-03,-0.032915631535473,0.2487506584969854,5.117065332879316,-0.6946350238016429,0.0,0.0
2021-12-06,-0.032497974443636,0.2834847280669287,4.908055378120653,-0.6543837111822881,0.0,0.0
2021-12-07,-0.0226100002876883,0.340061717165567,4.567954367386875,-0.2814611915249655,0.0,0.0
2021-12-08,0.0015914316091629,0.3845032154507479,4.300644950082603,0.603638400998592,0.0,0.0
2021-12-09,-0.0126894258811804,0.4220650747210156,4.074942960791079,0.10206127560152281,0.0,0.0
2021-12-10,-0.0084789929918747,0.4563487226600046,3.86878507145624,0.2571684842243634,0.0,0.0
2021-12-13,-0.0082548730440326,0.4781875129607382,3.737436620173076,0.2574009339757995,0.0,0.0
2021-12-14,-0.003148449022754,0.500729846333737,3.6018741392651394,0.4320000571081719,0.0,0.0
2021-12-15,-0.0106331164005832,0.5152580258679547,3.5144389851526765,0.15078897967014987,0.0,0.0
2021-12-16,-0.0077438917204664,0.5243853122498263,3.459461079186392,0.23872620784198387,0.0,0.0
2021-12-17,-0.0060297366486388,0.5303557643244403,3.4236652706855213,0.28266669112093284,0.0,0.0
2021-12-20,-0.0225656753926766,0.5368901162370052,3.3846567169506643,-0.3414739128721746,0.0,0.0
2021-12-21,-0.006095461903889,0.5601832487721043,3.2451029944655287,0.2535653228120696,0.0,0.0
2021-12-22,-0.0112276935143929,0.5665735954119748,3.2068573632913937,0.05731752375044284,0.0,0.0
2021-12-23,-0.0149998599519336,0.5737732994183519,3.1633868837594634,-0.07246718867269364,0.0,0.0
2021-12-24,-0.0082478512535013,0.5802280446401514,3.124103197741879,0.1991058850453019,0.0,0.0
2021-12-27,-0.0075974786206272,0.5835244952723215,3.1040929214500856,0.23040289552725038,0.0,0.0
2021-12-28,-0.0006113488442993,0.5866855153865939,3.084948752070287,0.49473598702306926,0.0,0.0
2021-12-29,-0.0016580484689048,0.5858408112330404,3.0897258115063444,0.45753351974228024,0.0,0.0
2021-12-30,0.0068154323285982,0.5860457802966509,3.088279642654764,0.7740068314341314,0.0,0.0
2021-12-31,0.0052715105372502,0.5820258830682881,3.1121520612914058,0.7092286756761141,0.0,0.0
2022-01-03,0.0230935161559733,0.579183273150512,3.1288182159628133,1.3782687133074714,0.0,0.0
2022-01-04,0.0200566267763373,0.5729934014336782,3.165416385054276,1.2669026274586304,0.0,0.0
2022-01-05,0.0227057050630259,0.56913848136559,3.1880496998482712,1.3684866244415443,0.0,0.0
2022-01-06,0.01589987766308,0.5693676315392273,3.186354390347057,1.107525750848895,0.0,0.0
2022-01-07,0.0196549042478202,0.5654263911274228,3.2092902583957605,1.2711627185238727,0.0,0.0
2022-01-10,0.0127249475908857,0.5600253670334383,3.2411200223862524,1.0112273220584604,0.0,0.0
2022-01-11,0.0207596165061576,0.5549324372343502,3.270951958848154,1.3332068684124294,0.0,0.0
2022-01-12,0.0100735574500716,0.5449493442877009,3.3296266601956277,0.977218903551305,0.0,0.0
2022-01-13,0.0008081875348207,0.5373273682375833,3.3741595166199034,0.6475611458249232,0.0,0.0
2022-01-14,0.0097703876632198,0.5252638291123215,3.444918586955481,1.0886260063795439,0.0,0.0
2022-01-17,-0.0045173645352214,0.5158362018342919,3.5001364890325286,0.5141203073691307,0.0,0.0
2022-01-18,2.5729703746257823e-05,0.499828444898802,3.5948056007580784,0.7276522846670858,0.0,0.0
2022-01-19,0.0027058257287064,0.4810190855589358,3.706238731153651,0.8513592456878541,0.0,0.0
2022-01-20,-0.0001246005800776,0.4658414051755268,3.796174532601756,0.7158451228554019,0.0,0.0
2022-01-21,0.0079624176321106,0.453586216415796,3.868832370507597,1.0561309169836883,0.0,0.0
2022-01-24,-0.0004939096767437,0.4399096150073095,3.950045206715557,0.659579241357365,0.0,0.0
2022-01-25,-0.0052175688658113,0.4357725407430181,3.974500281825622,0.43313612481492986,0.0,0.0
2022-01-27,-0.0218169413178057,0.4315843257726472,3.999041830893564,-0.3013689949047825,0.0,0.0
2022-01-28,-0.0311978565643102,0.4234788007894706,4.046507402866736,-0.702872204325309,0.0,0.0
2022-01-31,-0.0060982309945036,0.413477424293813,4.105037391200188,0.40310223847395166,0.0,0.0
2022-02-01,-0.0037518399799862,0.407644070937906,4.139303612029576,0.49407262903829935,0.0,0.0
2022-02-02,0.0065996082524835,0.3973811244278084,4.199840103686302,0.9326815759282377,0.0,0.0
2022-02-03,0.0032878579048509,0.3867565559218966,4.262792781180785,0.7656158010367135,0.0,0.0
2022-02-04,0.0140288238808232,0.384196668466703,4.277986697373126,1.2018132258393277,0.0,0.0
2022-02-07,-0.0120107565515752,0.385197613410941,4.272326604119862,0.04380628523545214,0.0,0.0
2022-02-08,-0.0136747996436028,0.3909693758754963,4.23793161378488,-0.04874356134168004,0.0,0.0
2022-02-09,0.0072091953856365,0.3992345139303692,4.188748413825545,0.8505901629473995,0.0,0.0
2022-02-10,0.0182777292187661,0.4039978274506351,4.16073666739623,1.3110874756022803,0.0,0.0
2022-02-11,0.0224773341689443,0.4129653159367177,4.108057040570245,1.4541576071297861,0.0,0.0
2022-02-14,0.0111289327994517,0.4222034972763372,4.053970558682645,0.9065438269300219,0.0,0.0
2022-02-15,0.0245020992481488,0.4197443069016995,4.068850866183366,1.477272877108689,0.0,0.0
2022-02-16,0.0185735738963348,0.4149832452689952,4.097607404659705,1.1685154225147372,0.0,0.0
2022-02-17,0.014935098380119,0.4196111278952368,4.070758593750833,0.9726252780099919,0.0,0.0
2022-02-18,0.0163739124668569,0.4315470870293328,4.00067772551817,1.0177577129279631,0.0,0.0
2022-02-21,0.0224332931309723,0.4501696459953369,3.8910904087365945,1.288051457127345,0.0,0.0
2022-02-22,0.010603998231041,0.4656623047060568,3.800316987906689,0.6823582917608461,0.0,0.0
2022-02-23,-0.008377508203639,0.5080923640801637,3.5501353961611084,-0.38997862926674287,0.0,0.0
2022-02-24,-0.0385756862384507,0.5321303805920115,3.4083660405135734,-2.322965362490212,1.0,0.0
2022-02-25,-0.0308494196826076,0.5702474831348823,3.182735604616896,-1.904909394781507,1.0,1.0
2022-02-28,-0.0469243385360793,0.5841794985718316,3.100116909510232,-2.924886259315347,1.0,1.0
2022-03-02,-0.0714311980575694,0.5935441359659853,3.0441332460755826,-4.295094629237307,0.0,1.0
2022-03-03,-0.0671816829762801,0.6238039698872756,2.8641813927776574,-3.5790170668234507,1.0,0.0
2022-03-04,-0.053186203350013,0.6640474624625324,2.625368577443791,-2.544139519489603,1.0,1.0
2022-03-07,-0.064953081622141,0.6990249938772344,2.417578876309025,-2.931039284146268,1.0,1.0
2022-03-08,-0.0613756511454193,0.7701257483077011,1.996564075455744,-2.5479087946483765,1.0,1.0
2022-03-09,-0.0321637560496093,0.8254928588457898,1.6685728962708462,-1.1551720318200351,1.0,1.0
2022-03-10,-0.0221034461853699,0.848333011426692,1.5331310318437392,-0.7075833130004364,1.0,1.0
2022-03-11,-0.0222172338934809,0.861213374840255,1.4565115753229323,-0.6963253871367788,1.0,1.0
2022-03-14,-0.0018182964828463,0.8726631474806514,1.388572741282179,0.1562939678270701,0.0,1.0
2022-03-15,0.012574202922317,0.8727247521323988,1.3881311589884433,0.7462636378883089,0.0,0.0
2022-03-16,0.0159311120074274,0.868612283872569,1.4123287586268791,0.8680139220625014,0.0,0.0
2022-03-17,0.0087200531685809,0.8664011652071075,1.4254886564590017,0.5444439032689357,0.0,0.0
2022-03-21,0.0344724631707684,0.8818474147754735,1.3340876961725288,1.5867309234900258,0.0,0.0
2022-03-22,0.0240210823131645,0.8746452243421822,1.3769416037844566,1.1058516099053988,0.0,0.0
2022-03-23,0.0322374520322199,0.8723068241865041,1.3910486977533694,1.3979143569363475,0.0,0.0
2022-03-24,0.034339399992147,0.8664230450103269,1.4260614256180544,1.4322351443242738,0.0,0.0
2022-03-25,0.0200889844621192,0.8413841789375108,1.5742331166068286,0.832854361465411,0.0,0.0
2022-03-28,0.0193324546949575,0.8321529780913927,1.62878681204056,0.7858736403412909,0.0,0.0
2022-03-29,0.0297223369872536,0.8251926176425187,1.669926369324461,1.164627822175915,0.0,0.0
2022-03-30,0.0308695979762347,0.8174944524093125,1.71543913813791,1.1812758187925192,0.0,0.0
2022-03-31,0.0300396952968053,0.8077848235255073,1.772954663037683,1.1212756955856888,0.0,0.0
2022-04-01,0.0431775540491585,0.7944834653914002,1.851410630431105,1.6001142622194213,0.0,0.0
2022-04-04,0.1122310283479199,0.7768128577602215,1.9559565412608704,4.082097432872766,-1.0,0.0
2022-04-05,0.0953119422583519,0.7707970314166501,1.992984411216256,3.027578943648959,-1.0,-1.0
2022-04-06,0.0668739508828091,0.7497446468203336,2.118489246456482,1.9229876666280323,-1.0,-1.0
2022-04-07,0.0483556099396356,0.7218863862468253,2.283601044533783,1.3018598523513043,-1.0,-1.0
2022-04-08,0.0384389689798219,0.6991637369093455,2.4182612395265908,0.9794837572337857,-1.0,-1.0
2022-04-11,0.0257369106929057,0.678075327188089,2.5429418269556843,0.5986721120781168,-1.0,-1.0
2022-04-12,0.016542046479568,0.668982087108155,2.596903677748949,0.3251023759246945,0.0,-1.0
2022-04-13,0.0052442875312035,0.6718089254594657,2.5806160376041136,-0.007275914835341127,0.0,0.0
2022-04-18,-0.0324054612443784,0.6691450495725042,2.596371806737145,-1.087001301112461,0.0,0.0
2022-04-19,-0.0525265632227931,0.7014962663886424,2.405593293818961,-1.636798334746169,0.0,0.0
2022-04-20,-0.0455097454361732,0.7648312406545256,2.0321722832085705,-1.3816926795440632,0.0,0.0
2022-04-21,-0.0465685997753242,0.8082304925153175,1.7762138512290235,-1.3672208551197156,0.0,0.0
2022-04-22,-0.0432449053927452,0.8359303647841525,1.6126833357612336,-1.2357697022843286,0.0,0.0
2022-04-25,-0.0343409922565358,0.8701200901548514,1.4109671163081554,-0.9602848094179969,0.0,0.0
2022-04-26,-0.035431463971113,0.892441919419065,1.2791322703848227,-0.966938475031711,0.0,0.0
2022-04-27,-0.0333312153154965,0.9159069585575093,1.140755040211887,-0.8912477129537,0.0,0.0
2022-04-28,-0.04612266402202,0.9671479589427274,0.8396233711838059,-1.2177638863675186,0.0,0.0
2022-04-29,-0.0503051519541166,1.0366939910751134,0.431028238277011,-1.3119277130462699,0.0,0.0
2022-05-02,-0.0264322203799682,1.048348470129297,0.3620041305957606,-0.6626000034315309,0.0,0.0
2022-05-04,-0.0615232542486614,1.0779598696862374,0.1880016423769577,-1.5472285878161813,0.0,0.0
2022-05-05,-0.0772840569394066,1.1610220946369654,-0.3002605023773226,-1.8844742857303054,0.0,0.0
2022-05-06,-0.0883741107535973,1.205995129681661,-0.5650822316314041,-2.06892703458488,1.0,0.0
2022-05-09,-0.0799007700686562,1.2379976047598116,-0.7542083135008291,-1.7622265429577564,1.0,1.0
2022-05-10,-0.0837760663294497,1.2667783773818069,-0.9242488551725874,-1.7816435091597695,1.0,1.0
2022-05-11,-0.085635148698473,1.248302333520588,-0.8169800457916807,-1.7520553500620246,1.0,1.0
2022-05-12,-0.0731656544911985,1.1989458854861943,-0.5287010129079679,-1.4039511967615188,1.0,1.0
2022-05-13,-0.0935876843005019,1.2170927056202423,-0.636470090598336,-1.7940905405674688,1.0,1.0
2022-05-16,-0.1029481839109065,1.1856531063283269,-0.4539175640190045,-1.9127153627759064,1.0,1.0
2022-05-17,-0.1099576112170925,1.144327063766321,-0.2139177433142931,-1.9662456300201783,1.0,1.0
2022-05-18,-0.1055979513129914,0.9883327853808946,0.699241538476115,-1.784210832885367,1.0,1.0
2022-05-19,-0.0888425399976533,0.8214571027056837,1.6764528958089544,-1.3769733671547826,1.0,1.0
2022-05-20,-0.0802694905218457,0.7795878984120852,1.920036094155396,-1.1611748936468962,1.0,1.0
2022-05-23,-0.0967019261538308,0.6608325019047494,2.6150079081817963,-1.4391752060003733,1.0,1.0
2022-05-24,-0.0822827658313705,0.4782342731807921,3.684293286580076,-1.1113530810333994,1.0,1.0
2022-05-25,-0.0649393729249145,0.2794450027722218,4.848994306993722,-0.74640379616805,1.0,1.0
2022-05-26,-0.0198843786297197,0.0640628595458214,6.111495126260866,0.12475368632503657,0.0,1.0
2022-05-27,0.0010856974631855,0.0265979203265222,6.330966096410051,0.5149567474212394,0.0,0.0
2022-05-30,0.0110636307119957,-0.0038113488027578,6.50895934178368,0.6918779396236254,0.0,0.0
2022-05-31,0.0018942288765036,-0.0003966517089483,6.488809061273544,0.49959586825587887,0.0,0.0
2022-06-01,0.0054758742738955,0.0060999337114696,6.45102364132568,0.5465263281562096,0.0,0.0
2022-06-02,-0.0022553972833559,0.0127096320750762,6.412675410547926,0.3789624666908621,0.0,0.0
2022-06-03,-0.005686103791705,0.0012888779690325,6.480175790406702,0.29839230627056307,0.0,0.0
2022-06-06,-0.0055777442537993,-0.0516760232579337,6.792282063507316,0.2831751039989844,0.0,0.0
2022-06-07,-0.0165897538961269,-0.0993458180960224,7.073349886535667,0.05547315369273285,0.0,0.0
2022-06-08,-0.0131594752325918,-0.1268349551391993,7.235146746624521,0.11634005669561814,0.0,0.0
2022-06-09,-0.0038285821265783,-0.1391444947047392,7.307514711813544,0.29249677461137835,0.0,0.0
2022-06-10,-0.0290202269115089,-0.1450295744142126,7.342215361523341,-0.1965884291323901,0.0,0.0
2022-06-13,-0.0507898429189775,-0.1417147584173817,7.3218279635009775,-0.6056619784205145,0.0,0.0
2022-06-14,-0.059506168966509,-0.105132336863903,7.105722159377131,-0.7528154574669844,0.0,0.0
2022-06-15,-0.0601743355245104,-0.0601107060468814,6.839508147464545,-0.7412023622211928,0.0,0.0
2022-06-16,-0.0791186150499017,-0.0384966619981585,6.71050724708592,-1.0808863268706819,0.0,0.0
2022-06-17,-0.0635799661497877,0.0586614687323366,6.137039320628891,-0.7477175310938439,0.0,0.0
2022-06-20,-0.0331730944561793,0.1147933081757398,5.80495501815341,-0.1372464466542417,0.0,0.0
2022-06-21,-0.01842939481796,0.1549340902482545,5.5674948151168975,0.16902579645983737,0.0,0.0
2022-06-22,-0.0181479246020872,0.196881850806031,5.31997685902641,0.19393312821767064,0.0,0.0
2022-06-23,-0.0131377792378657,0.2321298077510116,5.1119550598597785,0.307311433000512,0.0,0.0
2022-06-24,0.0011159720216091,0.260753691738275,4.942895488163043,0.6047604798418607,0.0,0.0
2022-06-27,0.0060521358959708,0.2824334730892905,4.814638559276423,0.7190553986312137,0.0,0.0
2022-06-28,0.0036808914727852,0.2888427406649667,4.775956419657568,0.6853105918682695,0.0,0.0
2022-06-29,0.0087128682441612,0.2990628351846418,4.714888694000584,0.8033995193680374,0.0,0.0
2022-06-30,0.0092950489767347,0.2938608740279429,4.744121326988976,0.8388342863731052,0.0,0.0
2022-07-01,0.0109636885230672,0.2289392266702082,5.122477960053695,0.9801045292744341,0.0,0.0
2022-07-04,0.0125133158867176,0.1993875914506002,5.293534902323437,1.1180408302064009,0.0,0.0
2022-07-05,0.0123432771183464,0.1886121893979977,5.354924515646383,1.1830092284103273,0.0,0.0
2022-07-06,0.0227616232618339,0.1845432498505036,5.377270167160184,1.4954510803775016,0.0,0.0
2022-07-07,0.0379051433786019,0.1694072590382877,5.464737207500291,1.9116073341236992,0.0,0.0
2022-07-08,0.0389384053987998,0.156889916940469,5.5372689386342895,1.9152757096914268,0.0,0.0
2022-07-11,0.046226983968849,0.1369898074785807,5.653152949880179,2.060258218252336,-1.0,0.0
2022-07-12,0.0378695682861227,0.12626830862989,5.715593018996267,1.784695692401595,-1.0,-1.0
2022-07-13,0.0111930389285371,0.1189799241591094,5.758523570603924,1.0719163901146052,-1.0,-1.0
2022-07-14,0.0039326653064301,0.1143107198461828,5.786254241860589,0.8659144353530701,-1.0,-1.0
2022-07-15,0.0108131963917007,0.1137998818680353,5.789349917309239,1.0045691714268956,-1.0,-1.0
2022-07-18,-0.0035957501117471,0.1152730593175018,5.780722920229024,0.6365600714841356,-1.0,-1.0
2022-07-19,-0.0024614551817107,0.1135632861796038,5.790720291860791,0.646016120017773,-1.0,-1.0
2022-07-20,0.0106367172482504,0.1141540437214067,5.787116407132892,0.9372045039381199,-1.0,-1.0
2022-07-21,0.0091136094328262,0.1185816450005301,5.761149667848301,0.8775019223331023,-1.0,-1.0
2022-07-22,0.0303762265435596,0.121525779772463,5.74385315395967,1.345514617351628,-1.0,-1.0
2022-07-25,0.0349716937687305,0.1295715259259307,5.697005868328349,1.4032758339299989,-1.0,-1.0
2022-07-26,0.0350910564680473,0.131772203838171,5.684419259912406,1.3552006205647866,-1.0,-1.0
2022-07-27,0.0431449471518567,0.1294187882988515,5.698322757044431,1.4902048635933083,-1.0,-1.0
2022-07-28,0.0459348837883861,0.1244325066701069,5.728392570182193,1.4949655997317846,-1.0,-1.0
2022-07-29,0.0581858942757286,0.1371201404246606,5.6548469520329805,1.707561699090297,-1.0,-1.0
2022-08-01,0.0611397875851115,0.1461183503826729,5.60358883372343,1.7102724202762332,-1.0,-1.0
2022-08-02,0.0450466944333417,0.1667263903266904,5.48420034061836,1.301203824413513,-1.0,-1.0
2022-08-03,0.0483238286527198,0.1903830299693242,5.346432190913911,1.331701832856813,-1.0,-1.0
2022-08-04,0.0470503153979602,0.2088010401929705,5.239422335716593,1.264531516101691,-1.0,-1.0
2022-08-05,0.0422007612527397,0.2164441040565126,5.195964343033628,1.119032641257282,-1.0,-1.0
2022-08-08,0.0633263125039342,0.2253592513630772,5.145161111610237,1.5584161168836475,-1.0,-1.0
2022-08-10,0.065799733582796,0.2490619280606684,5.007772392185822,1.5829956999116939,-1.0,-1.0
2022-08-11,0.0725489501654186,0.274382407579814,4.860911501744856,1.720274215136628,-1.0,-1.0
2022-08-12,0.0707661998212532,0.3119164123011671,4.642487797790237,1.655344104553723,-1.0,-1.0
2022-08-16,0.0784369176340435,0.3299585429213054,4.538726353293127,1.8090882961726231,-1.0,-1.0
2022-08-17,0.0817218878228995,0.3613230028608634,4.356575574979698,1.843942663527923,-1.0,-1.0
2022-08-18,0.0651768833288541,0.403187656344142,4.113150319500859,1.4044910888124975,-1.0,-1.0
2022-08-19,0.053234935230614,0.4662903944549558,3.744664025061568,1.0733672469442967,-1.0,-1.0
2022-08-22,0.0455215843873926,0.5273134685179036,3.388281550811963,0.8418395753031049,-1.0,-1.0
2022-08-23,0.0325097327125369,0.5660921576038082,3.1620971190830103,0.4623689217206243,0.0,-1.0
2022-08-24,0.0301227229947453,0.614134355837354,2.8812739392965403,0.383588287560264,0.0,0.0
2022-08-25,0.0217539093120282,0.6457885235516635,2.696409207349979,0.1489408047840671,0.0,0.0
2022-08-26,0.0086425773813632,0.6628459342568007,2.596994951081226,-0.21378535522153758,0.0,0.0
2022-08-29,0.0081425768751666,0.6787310201447007,2.5043018617391146,-0.22879363726674265,0.0,0.0
2022-08-30,0.0147241603183436,0.6934707619965522,2.418421124633197,-0.05582795634422318,0.0,0.0
2022-09-01,0.007513298906117,0.7160947307182369,2.2864226802202987,-0.26093864401699407,0.0,0.0
2022-09-02,0.0080521296054252,0.7380846302627666,2.1581420383849013,-0.2529096974881396,0.0,0.0
2022-09-05,0.004252724702062,0.7607799045124863,2.025865877831829,-0.3699816960292477,0.0,0.0
2022-09-06,0.007292717474729,0.7756092639988957,1.93960600566467,-0.29611351016649173,0.0,0.0
2022-09-07,0.0032963725204862,0.7956932970838868,1.8225518145506232,-0.41222242467433806,0.0,0.0
2022-09-08,0.0036705152163509,0.7977155598190139,1.8113698542980528,-0.4223246566318508,0.0,0.0
2022-09-09,0.0056496721532761,0.7922828447931061,1.8439183232205665,-0.4050700767431107,0.0,0.0
2022-09-12,0.002888312652403,0.7849854904629318,1.887688182620562,-0.5401360631676152,0.0,0.0
2022-09-13,0.0159695925551517,0.774637124462384,1.9494223896513607,-0.18593043871246265,0.0,0.0
2022-09-14,0.0138714493720408,0.7603467095678652,2.0344897127735955,-0.33400138112518435,0.0,0.0
2022-09-15,0.0166664806023328,0.7482164225432901,2.106751262798717,-0.3064864597623221,0.0,0.0
2022-09-16,-0.0008716386103149,0.7469142928111295,2.11498094980563,-1.0522174160701812,0.0,0.0
2022-09-19,0.0061776630396277,0.7423576050437387,2.1419418841012154,-0.7962671034035923,0.0,0.0
2022-09-20,0.0141269640546326,0.7401404686310075,2.155242460521106,-0.5013639576340169,0.0,0.0
2022-09-21,0.020316197056907,0.7401232689614017,2.1557618556579703,-0.26921185125419655,0.0,0.0
2022-09-22,0.0081943828511326,0.7453807383731508,2.1251547409773077,-0.8036041929320333,0.0,0.0
2022-09-23,-0.007226485277858,0.7481074704352078,2.109186545603893,-1.4662300281380325,0.0,0.0
2022-09-26,-0.0069578323576555,0.7499898423724961,2.097896678484237,-1.433082156260464,0.0,0.0
2022-09-27,-0.0030202501273945,0.7650797601312648,2.008456532302316,-1.2398926974801348,0.0,0.0
2022-09-28,-0.0169636952906016,0.7769243136605987,1.938284629302185,-1.7999006766238452,0.0,0.0
2022-09-29,-0.0088835548763119,0.7968123514536204,1.8203174508635875,-1.4118504437721178,0.0,0.0
2022-09-30,-0.00429957412471,0.8203792585896209,1.6806956585602872,-1.1944708561534612,0.0,0.0
2022-10-03,0.0074772491710453,0.8506826092901283,1.5012400659989673,-0.70548161665788,0.0,0.0
2022-10-04,0.0175347352312664,0.8668858406517311,1.405339381713019,-0.2956829421217394,0.0,0.0
2022-10-06,0.0083129799254395,0.8811969042806317,1.3207413530456158,-0.6471871777545721,0.0,0.0
2022-10-07,0.001198883316535,0.8959756782167044,1.2332370408983175,-0.9075866427989195,0.0,0.0
2022-10-10,-0.0003281271208859,0.9250278743096424,1.061069730571516,-0.9381573822566311,0.0,0.0
2022-10-11,0.0020993588392137,0.9703618186888768,0.7925230691559078,-0.8135920015912136,0.0,0.0
2022-10-12,-0.0036409265916548,0.964722686494647,0.8259536792514908,-1.0294092881216093,0.0,0.0
2022-10-13,-0.0115451125725307,0.9424036445657908,0.9582701987422046,-1.3282234016365655,0.0,0.0
2022-10-14,0.0032457679744668,0.9281074495027803,1.0430601402831146,-0.7274103463119732,0.0,0.0
2022-10-17,-0.0048314453832158,0.9189077961308189,1.0986430848385735,-1.0467945845255888,0.0,0.0
2022-10-18,-0.0084043032590557,0.9026990671487582,1.195466843577912,-1.1815168738549107,0.0,0.0
2022-10-19,-0.0034230348974864,0.8855930160518188,1.2972938715943902,-0.9673698972634711,0.0,0.0
2022-10-20,-0.0079498781819244,0.857751123484724,1.4625579639439303,-1.125739556630411,0.0,0.0
2022-10-21,-0.032907117823572,0.8456055166086185,1.534765846828149,-2.0301860340728606,1.0,0.0
2022-10-24,-0.0135160795599009,0.8182004866107082,1.696555453429478,-1.2199515538790409,1.0,1.0
2022-10-25,0.0012003173452139,0.8122310379547153,1.7316530382574964,-0.6472566263485459,1.0,1.0
2022-10-27,-0.0042941386324253,0.8294323369139863,1.629697730281805,-0.8231929694611506,1.0,1.0
2022-10-28,-0.0099365577291692,0.8221720362225673,1.672819832379834,-1.0006000801145645,1.0,1.0
2022-10-31,0.0083144632739955,0.8249232604519002,1.6562615731318742,-0.29870404201453815,0.0,1.0
2022-11-01,0.0158711423949959,0.8282501917044961,1.636794841678439,0.011853706401290534,0.0,0.0
2022-11-02,0.0150460040614124,0.8446555718603984,1.540436144645863,-0.0009114292933570669,0.0,0.0
2022-11-03,0.0144307755848389,0.8502791000037587,1.507607297518878,-0.0032622412310767818,0.0,0.0
2022-11-04,0.0071922600806724,0.8530825763942289,1.4913683658016232,-0.2651862692482813,0.0,0.0
2022-11-07,0.0224977632417573,0.8507424946728822,1.505512087913111,0.3599520883802797,0.0,0.0
2022-11-09,0.0170186806055854,0.8580252079722759,1.4626132047935494,0.17611926931036992,0.0,0.0
2022-11-10,0.0190372799281677,0.8757519431562496,1.3575954188939274,0.304279746579522,0.0,0.0
2022-11-11,0.0799488708556106,0.8919243839033133,1.2617890387664072,3.1187515989991983,-1.0,0.0
2022-11-14,0.0693495052947685,0.93287596883134,1.020121956934708,2.580084519605459,-1.0,-1.0
2022-11-15,0.0750851566636532,0.9931353006139004,0.6637307411497337,2.8967192058391777,-1.0,-1.0
2022-11-16,0.0528798184435492,1.0537839237589184,0.304938484069627,1.9280745137170603,-1.0,-1.0
2022-11-17,0.049114980622452,1.1118031183361556,-0.0380995281953078,1.803243705368151,-1.0,-1.0
2022-11-18,0.0388312344275716,1.1569003770397486,-0.3047027131640298,1.332202160468583,-1.0,-1.0
2022-11-21,0.035687861831902,1.209188839068946,-0.6143508278675354,1.1986494353090573,-1.0,-1.0
2022-11-22,0.0355596995645344,1.237951990352336,-0.7843515652839423,1.1866183221606963,-1.0,-1.0
2022-11-23,0.0280694685842304,1.2623813262748915,-0.928627962606706,0.8229764153389724,-1.0,-1.0
2022-11-24,0.0484944985392674,1.2839011583112363,-1.0556874862744046,1.7770786959659655,-1.0,-1.0
2022-11-25,0.0526684773676047,1.321679196867571,-1.278433738276911,1.893418802451076,-1.0,-1.0
2022-11-28,0.0405349539335224,1.342718982585046,-1.4021683543440844,1.2654491832506691,-1.0,-1.0
2022-11-29,0.0392143099707595,1.3695710968048924,-1.5603191067493842,1.1719034790219995,-1.0,-1.0
2022-11-30,0.0288515174630195,1.3910910507859011,-1.6868443877566213,0.6849904646173928,-1.0,-1.0
2022-12-01,0.043135206521585,1.4203625076401978,-1.8594534867680703,1.2875049207497031,-1.0,-1.0
2022-12-02,0.0356460727654504,1.4644533547274936,-2.1195589479146038,0.923077815066694,-1.0,-1.0
2022-12-05,0.0317322402050646,1.4901394802209151,-2.270818094157613,0.7304294031196495,-1.0,-1.0
2022-12-06,0.0314807645306043,1.5137136521381866,-2.409616831051381,0.6978812143639518,-1.0,-1.0
2022-12-07,0.0482288850561385,1.5465226012083175,-2.603055455177381,1.3874336075030547,-1.0,-1.0
2022-12-08,0.0640414876890087,1.5736436792874262,-2.7625063357877915,1.9996829234920368,-1.0,-1.0
2022-12-09,0.0768659892685121,1.5957908092910469,-2.892132146974637,2.421167883104488,-1.0,-1.0
2022-12-12,0.1019740089130625,1.607731565877379,-2.961199919673094,3.2451032877786834,-1.0,-1.0
2022-12-13,0.100021566849076,1.6196860897651215,-3.0296265905933044,2.8717303648926475,-1.0,-1.0
2022-12-14,0.1021171884614791,1.6216819118111487,-3.0391846275405703,2.716791358309436,-1.0,-1.0
2022-12-15,0.0898877959170434,1.6384427990675476,-3.1359464554960006,2.132232455591325,-1.0,-1.0
2022-12-16,0.1125495053692891,1.64519383360044,-3.1736360392979943,2.714798894407171,-1.0,-1.0
2022-12-19,0.0970495494814294,1.6243360615445526,-3.0473177611665747,2.0667055741526945,-1.0,-1.0
2022-12-20,0.0974478894745711,1.6148203336183315,-2.988725236541325,1.9727333568733856,-1.0,-1.0
2022-12-21,0.1130497875214349,1.583026659609015,-2.798081190919178,2.30151642244958,-1.0,-1.0
2022-12-22,0.0944701686440172,1.4898643359918806,-2.2434802067960584,1.6819245696424086,-1.0,-1.0
2022-12-23,0.0844578248565977,1.4138809354192463,-1.7911580223015742,1.353824861921629,-1.0,-1.0
2022-12-26,0.1062307128421249,1.3365239146649517,-1.3310144195852152,1.8673164144961085,-1.0,-1.0
2022-12-27,0.0954652199548222,1.2099134542068346,-0.5783273885592557,1.5163411824172652,-1.0,-1.0
2022-12-28,0.0890243663664245,1.0849930776335768,0.1641457460750723,1.2985440411730784,-1.0,-1.0
2022-12-29,0.0909825363218272,0.9760794724882194,0.8118950361069581,1.3034765932822783,-1.0,-1.0
2022-12-30,0.0724217976491301,0.8444880120044957,1.5939944930616896,0.7950842800737348,-1.0,-1.0
2023-01-02,0.0693562286234685,0.7591377395781965,2.101713351672573,0.6942243820520787,-1.0,-1.0
2023-01-03,0.0680100667825844,0.6591187975629922,2.696563269878839,0.6366941977031075,-1.0,-1.0
2023-01-04,0.0489755412742822,0.5624361461050261,3.271824437233513,0.13518908846894603,0.0,-1.0
2023-01-05,0.0365852091360334,0.4409632568131202,3.993895968155125,-0.19823060480934965,0.0,0.0
2023-01-06,0.0312397016537624,0.2837380297961289,4.92791778063858,-0.3516337851321121,0.0,0.0
2023-01-09,0.0218316490997871,0.1432170775922819,5.762925640407464,-0.6147804479710164,0.0,0.0
2023-01-10,-0.0048343403295001,-0.0120037068963057,6.685226941115288,-1.3408742840495766,0.0,0.0
2023-01-11,0.0058032777283469,-0.065225475276859,7.002099035985952,-1.0527288690037135,0.0,0.0
2023-01-12,0.0070556321820804,-0.0964080185185122,7.188451994119776,-1.0303898376268796,0.0,0.0
2023-01-13,0.0046383444614644,-0.1263629847792909,7.36759036067189,-1.1103983451599244,0.0,0.0
2023-01-16,-0.0067550970233004,-0.1388953040375985,7.443288361817252,-1.4230813913925056,0.0,0.0
2023-01-17,0.00740006101543,-0.1440251067238654,7.475078816287116,-1.046556606191802,0.0,0.0
2023-01-18,0.0242324693548093,-0.1207495914302923,7.338941364069697,-0.6335203299665833,0.0,0.0
2023-01-19,0.0245212468673698,-0.1191785558395236,7.331430011191028,-0.6564629953500326,0.0,0.0
2023-01-20,0.0295576745649276,-0.1674411911986776,7.61921881023242,-0.5316951970789862,0.0,0.0
2023-01-23,0.0352054665597103,-0.2006937859638089,7.8181526585246495,-0.3938103746358973,0.0,0.0
2023-01-24,0.0429633060402236,-0.2138660048513386,7.898231206997375,-0.19592247490470577,0.0,0.0
2023-01-25,0.0106560647950344,-0.2328593294192584,8.012445195382034,-1.1845150850941255,0.0,0.0
2023-01-27,-0.0146181745901712,-0.2223384895819506,7.951283161510768,-1.9341410140947215,0.0,0.0
2023-01-30,-0.0118752376230548,-0.1852617005737646,7.732645788211065,-1.7976995564259168,0.0,0.0
2023-01-31,-0.0167338483046161,-0.155194612457278,7.555683343306685,-1.892599375356639,0.0,0.0
2023-02-01,0.0006217565947381,-0.119526129944521,7.34571236844466,-1.3582809719764055,0.0,0.0
2023-02-02,-0.0136738302701979,-0.106652480410963,7.270730174772641,-1.732695144476249,0.0,0.0
2023-02-03,0.021534380564619,-0.0805095365310522,7.1171262131888575,-0.721748888560331,0.0,0.0
2023-02-06,0.0152189968940443,-0.0665272241355964,7.035821787764155,-0.8968024577655063,0.0,0.0
2023-02-07,0.0171562637080608,-0.0743569202209839,7.082394017867595,-0.8141959574271861,0.0,0.0
2023-02-08,0.0160412348263936,-0.0809773065229106,7.121792183215411,-0.8192125039273116,0.0,0.0
2023-02-09,0.0136573769422768,-0.0888128938145621,7.168304731070245,-0.8576100053980095,0.0,0.0
2023-02-10,0.0171058802255783,-0.1042923825022286,7.259698462586559,-0.7410702485134882,0.0,0.0
2023-02-13,0.0174256674247795,-0.1137181704325957,7.315549610078397,-0.7146936920453576,0.0,0.0
2023-02-14,0.0258853778404929,-0.1218764285976137,7.363941994009275,-0.47369230023921716,0.0,0.0
2023-02-15,0.024235002830536,-0.1248303347645078,7.381951479690548,-0.5130653900036692,0.0,0.0
2023-02-16,0.0202327496666033,-0.1222522099733542,7.367346269660728,-0.6147469205641068,0.0,0.0
2023-02-17,0.012861743757308,-0.1187476045256954,7.347171660585365,-0.8081354499711094,0.0,0.0
2023-02-20,0.0012455453388686,-0.1313655319750709,7.421646163593744,-1.0985153011046163,0.0,0.0
2023-02-21,0.0043591711903566,-0.1331744931678062,7.43230744332252,-0.9832844699325517,0.0,0.0
2023-02-22,-0.017583550336512,-0.126781948731457,7.39489167617146,-1.5360061077268299,0.0,0.0
2023-02-23,-0.0221263008260607,-0.0975961643552883,7.222963580112738,-1.5993237125308588,0.0,0.0
2023-02-24,-0.029676173580973,-0.0696929223338906,7.058472812426474,-1.7363166337825624,0.0,0.0
2023-02-27,-0.0242271200597939,-0.038199808346159,6.872721292826229,-1.5303341315529617,0.0,0.0
2023-02-28,-0.0185143545935934,-0.006393480494747,6.68543640839046,-1.339104924944993,0.0,0.0
2023-03-01,-0.018516413587778,0.0211616766033985,6.52327541675218,-1.299742833514752,0.0,0.0
2023-03-02,-0.0254436809923851,0.0527063061790646,6.337763931242246,-1.42507326737404,0.0,0.0
2023-03-03,-0.0055741286896866,0.0976213427684519,6.073662712246504,-0.9148881671824513,0.0,0.0
2023-03-06,0.0017422384882869,0.1173252177701262,5.958001803870161,-0.7169628403377007,0.0,0.0
2023-03-08,0.0045133632163701,0.1239056331641722,5.919461173474,-0.6271882809451674,0.0,0.0
2023-03-09,0.0059835004453738,0.1157932220672513,5.967108930943323,-0.5668893814482318,0.0,0.0
2023-03-10,-0.0196757433165429,0.0997224084857156,6.061443016169451,-1.1617564078933245,0.0,0.0
2023-03-13,-0.0302994692490594,0.099969481737402,6.059400029901383,-1.3929912401409235,0.0,0.0
2023-03-14,-0.0271721442596964,0.152178151455279,5.752587940001523,-1.2738302679306386,0.0,0.0
2023-03-15,-0.0399210667773257,0.1993347680304703,5.475481944378275,-1.5766376262092638,0.0,0.0
2023-03-16,-0.0291439677914995,0.2549088370478291,5.148893769316931,-1.2588472106120283,0.0,0.0
2023-03-17,-0.0180488528329354,0.3019500342873737,4.872727695326482,-0.9396917888706374,0.0,0.0
2023-03-20,-0.0251658955616074,0.3270194292701396,4.725677780528407,-1.1246383746753736,0.0,0.0
2023-03-21,-0.0140544430032205,0.3634949315927611,4.51180508059378,-0.7868100287865655,0.0,0.0
2023-03-22,-0.0152093142742639,0.3971811961193177,4.31465485772592,-0.7978852813691578,0.0,0.0
2023-03-23,-0.016451857774471,0.4130704096090827,4.22143250959104,-0.828143915336186,0.0,0.0
2023-03-24,-0.0201127915344434,0.4369825018397029,4.081244164010015,-0.9410450522230789,0.0,0.0
2023-03-27,-0.0182752875874787,0.4620935312018007,3.9340268611808056,-0.869563596221476,0.0,0.0
2023-03-28,-0.0078032454168344,0.4756566213309681,3.854358449901628,-0.4666193701013922,0.0,0.0
2023-03-29,-0.008948836346097,0.4960664175449848,3.734984538431616,-0.4885525929728679,0.0,0.0
2023-03-31,0.0013327565196408,0.5149373949637748,3.624617429002881,-0.01325080152008607,0.0,0.0
2023-04-03,-0.0020475408058278,0.5282770054919314,3.5467455325608475,-0.12225764319335602,0.0,0.0
2023-04-05,0.0219768910281259,0.5620036546127732,3.349816448543976,1.1128734762278674,0.0,0.0
2023-04-06,0.0264874750494565,0.6151502744019172,3.039848960294261,1.3755208585144492,0.0,0.0
2023-04-10,0.0196898867511059,0.6487534651803922,2.8442046559176504,1.0403909781342473,0.0,0.0
2023-04-11,-0.0134011132113958,0.7103355146701489,2.4849717608104216,-0.6517247489182569,0.0,0.0
2023-04-12,-0.0018050441773471,0.7379165562372694,2.3242943389648385,-0.04989473918351492,0.0,0.0
2023-04-13,-0.0110517317905625,0.7789931889662252,2.084686114218406,-0.5163506731822507,0.0,0.0
2023-04-17,-0.0369674973538822,0.7746810425664882,2.1102157261797334,-1.8249897766402574,0.0,0.0
2023-04-18,-0.0337897600548648,0.7183547568253964,2.439671053953184,-1.5851970416659713,0.0,0.0
2023-04-19,-0.0261549668474598,0.6823978466877368,2.650192498629987,-1.1590625796083622,0.0,0.0
2023-04-20,-0.0205347124430046,0.6609605961212047,2.7757072588433798,-0.8498638131405546,0.0,0.0
2023-04-21,-0.0205006380883658,0.6404438504221506,2.8956512980970324,-0.8197075467926239,0.0,0.0
2023-04-24,-0.0111850709276701,0.6150977414209526,3.043623926899896,-0.3320978625824399,0.0,0.0
2023-04-25,-0.0214030685599033,0.6013174238671568,3.123843368506254,-0.8225100396475358,0.0,0.0
2023-04-26,-0.0110539150619564,0.5767684602228877,3.2669674057799547,-0.25961897539373247,0.0,0.0
2023-04-27,-0.0129885488048171,0.566499410648848,3.326266872085765,-0.3328157682763187,0.0,0.0
2023-04-28,-0.0161767691189789,0.5554723246488177,3.3903869529880857,-0.4912179795973013,0.0,0.0
2023-05-02,-0.0099587505827254,0.5422325537680125,3.4675788459338563,-0.14270423193771323,0.0,0.0
2023-05-03,-0.0083456316444539,0.5349491422060293,3.510057521100193,-0.05455086024791955,0.0,0.0
2023-05-04,0.008100637794643,0.5275520161274384,3.553377080061083,0.8570782383964387,0.0,0.0
2023-05-05,-0.0483338759596878,0.5347320240276989,3.5112788442739067,-2.2948985861369535,1.0,0.0
2023-05-08,-0.0413538045188333,0.502351724079502,3.7007354170839823,-1.7985389075799756,1.0,1.0
2023-05-09,-0.0364083645693926,0.4728246758818795,3.87312555329176,-1.4708046012209957,1.0,1.0
2023-05-10,-0.0299491143912162,0.4523077822369696,3.992649006309594,-1.0780380544528811,1.0,1.0
2023-05-11,-0.0266988684417643,0.4346188422108397,4.095790063710455,-0.8713896561362299,1.0,1.0
2023-05-12,-0.0164703406348261,0.4209858267919341,4.175134912714453,-0.2906239176801107,0.0,1.0
2023-05-15,-0.0130395982531066,0.4132006049036609,4.220350363732734,-0.0794896631155828,0.0,0.0
2023-05-16,-0.0123040399505605,0.4075912101013784,4.252775843608205,-0.011902416899073613,0.0,0.0
2023-05-17,-0.0088825710614908,0.4036441235010808,4.275432855734113,0.21254012908340578,0.0,0.0
2023-05-18,-0.0080440572707791,0.4034055052633328,4.276163875542391,0.3068982144861349,0.0,0.0
2023-05-19,-0.009155245190541,0.4017190214716053,4.285507275167644,0.2848672254503586,0.0,0.0
2023-05-22,-0.0116975600226152,0.3992798359062074,4.299324044652282,0.1626546349755625,0.0,0.0
2023-05-23,-0.0095106931195054,0.3983596866177352,4.30412861154211,0.3409364206973342,0.0,0.0
2023-05-24,-0.0199115266695191,0.3996955186926826,4.295752336025986,-0.34633219486815237,0.0,0.0
2023-05-25,-0.0271107030878523,0.4006176003929418,4.289538235286413,-0.8162814690362158,0.0,0.0
2023-05-26,-0.0254633171820071,0.3973841552576625,4.3078860734538615,-0.6889474479312846,0.0,0.0
2023-05-29,-0.0140408117503465,0.3914371160614344,4.342392720889472,0.09247337506481765,0.0,0.0
2023-05-30,-0.0169680539779131,0.3870463674194613,4.368036365768862,-0.1251429226037178,0.0,0.0
2023-05-31,-0.03969534494788,0.3799238515447095,4.409821885622888,-1.6956895486735475,0.0,0.0
2023-06-01,-0.0261584726408052,0.3626288710768099,4.511218986396731,-0.724287041419222,0.0,0.0
2023-06-02,-0.0254848988379166,0.355503800874557,4.552918021058651,-0.66781309389697,0.0,0.0
2023-06-05,-0.0235603903971042,0.3467020424413664,4.604605746217386,-0.5390272500448975,0.0,0.0
2023-06-06,-0.0320798491793921,0.3430821609330601,4.62550926827458,-1.09040703828511,0.0,0.0
2023-06-07,-0.0224157589949278,0.3372474705729454,4.659240719901108,-0.4062728148689516,0.0,0.0
2023-06-08,-0.011808224723266,0.3370155933206645,4.659956737701036,0.34147404671001547,0.0,0.0
2023-06-09,-0.0075364347464486,0.3439551645327936,4.618367867537382,0.6664064754630031,0.0,0.0
2023-06-12,-0.0148687701414611,0.3438849720547384,4.618646802223381,0.1414523703219805,0.0,0.0
2023-06-13,-0.0087281315508578,0.3393225268586317,4.645498927959833,0.5536683859375164,0.0,0.0
2023-06-14,-0.0113337136060769,0.3363433691786219,4.663057262354468,0.35087133886797245,0.0,0.0
2023-06-15,-0.0185077367269936,0.3206712876531585,4.756010635202066,-0.18931442765691528,0.0,0.0
2023-06-16,-0.0097208754572704,0.3092586718009723,4.823569252087571,0.4310710469926075,0.0,0.0
2023-06-19,-0.0035494584032713,0.301722888925891,4.868224718344618,0.865661131449087,0.0,0.0
2023-06-20,-0.0051685185100822,0.2875835638236147,4.952254244678553,0.7214977639473354,0.0,0.0
2023-06-21,0.0116696653416479,0.2792633824040454,5.001659804944076,1.9148449388289217,0.0,0.0
2023-06-22,0.017214831648243,0.2650599368358438,5.086268799386675,2.2136180089270407,-1.0,0.0
2023-06-23,0.0168523479811435,0.2383639386605672,5.245136112125196,2.0670416376051244,-1.0,-1.0
2023-06-26,0.0107652853912447,0.2010696958386245,5.466981150762184,1.5661431138110204,-1.0,-1.0
2023-06-27,0.0208211236710447,0.1612967618222128,5.703496436496828,2.144737967131732,-1.0,-1.0
2023-06-28,0.029817874008187,0.1179026501226772,5.96164429605355,2.5904064097614268,-1.0,-1.0
2023-06-30,0.042203925826949,0.0661234927115463,6.269766998214756,3.1395987599231874,-1.0,-1.0
2023-07-03,0.0507475775860424,0.0177283447495597,6.55795080743177,3.345744632381967,-1.0,-1.0
2023-07-04,0.0530530130269391,-0.0472032412605923,6.944530910833704,3.1465151148322223,-1.0,-1.0
2023-07-05,0.0193840797526126,-0.0767850846664066,7.121075120416704,1.365260667820956,-1.0,-1.0
2023-07-06,0.020467897178266,-0.0864563939638733,7.178820882817722,1.4341136933577376,-1.0,-1.0
2023-07-07,0.0096408591992658,-0.1073562524339577,7.303356927439236,0.9205291295218713,-1.0,-1.0
2023-07-10,0.0077384587521642,-0.1144641047326417,7.345725956502545,0.8070201487655797,-1.0,-1.0
2023-07-11,0.0030342613953817,-0.1080879382230518,7.307797285876639,0.5761852369191895,-1.0,-1.0
2023-07-12,-0.0053827090837653,-0.1010735113038025,7.265897136482977,0.17134245127385836,0.0,-1.0
2023-07-13,-0.0006563958735757,-0.0989087891214692,7.252878877606429,0.3725223835018034,0.0,0.0
2023-07-14,0.0013947008640547,-0.0985868870329026,7.250954591934098,0.4485020417298266,0.0,0.0
2023-07-17,0.0236033490118442,-0.0984225520813633,7.249941575560149,1.496480438141512,0.0,0.0
2023-07-18,0.0221794205076218,-0.0977138931405056,7.24600518837168,1.3721826771817878,0.0,0.0
2023-07-19,0.0273011617234453,-0.0998581865472473,7.258952526680758,1.562789376028094,0.0,0.0
2023-07-20,0.0317986310810068,-0.0965132437901242,7.239261108027868,1.7099003986769998,0.0,0.0
2023-07-21,0.0233200937978008,-0.0708729696251695,7.087506492455833,1.2556861806804778,0.0,0.0
2023-07-24,0.0220096602922481,-0.0470675527831963,6.946422380075142,1.156684633818359,0.0,0.0
2023-07-25,0.0320540251806216,-0.0497652187372532,6.962601911460799,1.562894571540297,0.0,0.0
2023-07-26,0.0287741878786971,-0.0702725176753088,7.084623816560718,1.359414869987467,0.0,0.0
2023-07-27,0.0172270651246101,-0.0772309169615438,7.126148791362204,0.8191632904197251,0.0,0.0
2023-07-28,-0.0006657354941685,-0.0923930963872514,7.2161226684243935,0.03606627984797176,0.0,0.0
2023-07-31,0.0030645028066341,-0.1207119768088208,7.383538865216351,0.20121822568585873,0.0,0.0
2023-08-01,0.0091037640399237,-0.1140681263694008,7.344474698464838,0.4369951127054529,0.0,0.0
2023-08-02,-0.0059718196627441,-0.1143399067633728,7.346348495215714,-0.2723108502709256,0.0,0.0
2023-08-03,-0.0128095482784373,-0.1022788378324145,7.2747979121834465,-0.6193910944977796,0.0,0.0
2023-08-04,0.0030693050403224,-0.0872044135706516,7.185196593624377,0.1052898536421597,0.0,0.0
2023-08-07,0.0020746857887351,-0.0871883922724333,7.185191226865535,0.035691724338965815,0.0,0.0
2023-08-08,0.0008962712325194,-0.0956980596314744,7.2355836456761855,-0.035521093883858414,0.0,0.0
2023-08-09,0.0011646472690705,-0.1124182990933791,7.334531507163692,-0.03393177753701075,0.0,0.0
2023-08-10,-0.0098598399161105,-0.1190804352468002,7.373945283872628,-0.578802785479175,0.0,0.0
2023-08-11,-0.0202339006000779,-0.1069146920276398,7.301695180015283,-1.0799002805618538,0.0,0.0
2023-08-14,-0.0235464397032978,-0.0843710512969542,7.16770416691605,-1.2209191879086974,0.0,0.0
2023-08-16,-0.0252865129483793,-0.0622224079272547,7.036000916571742,-1.2800016122507945,0.0,0.0
2023-08-17,-0.0294367323257944,-0.033600187040729,6.866018148983947,-1.4515216929506498,0.0,0.0
2023-08-18,-0.0307011399323564,0.0069770015849856,6.62526283375269,-1.4727521204726577,0.0,0.0
2023-08-21,-0.0283415645746015,0.0567305427394329,6.330444737557877,-1.341273494816062,0.0,0.0
2023-08-22,-0.0299307290063522,0.1043984745108074,6.048174110965452,-1.4114659145794493,0.0,0.0
2023-08-23,-0.0261030083949858,0.1534084009946317,5.757987482218481,-1.2271179496303206,0.0,0.0
2023-08-24,-0.0291449106608576,0.1856847379577539,5.566774439437248,-1.3448675521234752,0.0,0.0
2023-08-25,-0.0382602064148374,0.2265703373297535,5.324692213985379,-1.7307234774607092,0.0,0.0
2023-08-28,-0.025808112875032,0.330899059633388,4.707838566702362,-1.1765481715279031,0.0,0.0
2023-08-29,-0.0147271940022344,0.3844221132700543,4.391606229376925,-0.6799518627384139,0.0,0.0
2023-08-30,-0.0184651069587604,0.439215137627956,4.06817014701044,-0.8622803798722981,0.0,0.0
2023-08-31,-0.0167284198840631,0.4949097635446617,3.7394373334750575,-0.7906232387511826,0.0,0.0
2023-09-01,-0.0148428960981163,0.5949954286554852,3.148884975053297,-0.7265431129624667,0.0,0.0
2023-09-04,-0.0027758310497829,0.6750525614364723,2.676705595826509,-0.1780183285064345,0.0,0.0
2023-09-05,-0.0118707741923387,0.7000172374348455,2.529826326060354,-0.607435419670856,0.0,0.0
2023-09-06,0.0020022719374352,0.7237446147650991,2.3900313982652124,0.0394558839331119,0.0,0.0
2023-09-07,0.0038118743963613,0.7443244813108357,2.26922883248203,0.1107675441044745,0.0,0.0
2023-09-08,0.0094340854892491,0.7504031086166408,2.2338791745551285,0.36333434466319886,0.0,0.0
2023-09-11,0.0078816267280412,0.7596959600785197,2.1797478768332867,0.27540543247819965,0.0,0.0
2023-09-12,0.008918164010998,0.7582649207388692,2.1888752060624794,0.3055343301323094,0.0,0.0
2023-09-13,0.0069584752419933,0.7667935151254097,2.1392160087470167,0.19909592672745405,0.0,0.0
2023-09-14,0.0072280782223499,0.7649795432143899,2.1503155151988365,0.20364193693094573,0.0,0.0
2023-09-15,0.02137549322806,0.7684205631316231,2.1305229126383782,0.8622391292523454,0.0,0.0
2023-09-18,0.0075977826550639,0.7657748389056251,2.1466067840348826,0.20290469607292017,0.0,0.0
2023-09-20,-0.0297166617815394,0.7627095379874033,2.164796020531472,-1.5484676173727177,0.0,0.0
2023-09-21,-0.0206829175975578,0.7774154321274936,2.0774829594588957,-1.068814441868416,0.0,0.0
2023-09-22,-0.0352795888120436,0.7961253089609777,1.966744679987582,-1.7082415736934664,0.0,0.0
2023-09-25,-0.0456305056694796,0.8242432920208932,1.8002114571950312,-2.1056750240757975,1.0,0.0
2023-09-26,-0.0301684746809973,0.842357823501924,1.69229604104299,-1.3208557825352516,1.0,1.0
2023-09-27,-0.0362721454378798,0.8545717066300614,1.6192239224909637,-1.5645606682431024,1.0,1.0
2023-09-28,-0.0207374571193312,0.8670561222354929,1.5442494475285595,-0.8224797948972337,1.0,1.0
2023-09-29,-0.0191906080921508,0.8673601332715565,1.5413801852968805,-0.7338262427807792,1.0,1.0
2023-10-03,-0.0257900962881709,0.8790038381147183,1.4722556939298057,-1.034230066405916,1.0,1.0
2023-10-04,-0.0074970853688283,0.8991098009722023,1.3532569365296938,-0.0907895537176909,0.0,1.0
2023-10-05,-0.0093747811156612,0.9024441999067804,1.3333375022930642,-0.1708657088542312,0.0,0.0
2023-10-06,-0.0150677255885467,0.9093815807760164,1.292316397179763,-0.44302038447419395,0.0,0.0
2023-10-09,-0.0130322258050794,0.921476844105656,1.2209171331779327,-0.3257759006263212,0.0,0.0
2023-10-10,-0.0263243884407566,0.9459912486384076,1.0767159490112617,-0.9860668603155411,0.0,0.0
2023-10-11,-0.0243062380558098,0.9655212427365176,0.961519209471068,-0.8571577744969665,0.0,0.0
2023-10-12,-0.0130106641595064,0.9790416136358496,0.8817056260231011,-0.27187832798134853,0.0,0.0
2023-10-13,-0.0207884671661284,0.9873643773304032,0.8325791899100432,-0.6403317516959632,0.0,0.0
2023-10-16,-0.0173351412287736,0.9968011202928412,0.7767444675673607,-0.43682619849029675,0.0,0.0
2023-10-17,-0.0217167377665106,1.012415777026178,0.6847130741769725,-0.6428212095366077,0.0,0.0
2023-10-18,-0.0239203667590066,1.0825939151001938,0.2722499206419186,-0.741532747649021,0.0,0.0
2023-10-19,-0.0135405644899142,1.2492825534888106,-0.7069956845628953,-0.12826737760294235,0.0,0.0
2023-10-20,-0.0301873372825349,1.3000815719853993,-1.0053962691516345,-1.0719302307932812,0.0,0.0
2023-10-23,-0.0192442293072288,1.3030664208953908,-1.0234921465300966,-0.390048298176466,0.0,0.0
2023-10-25,-0.0143860941637088,1.3546999896563494,-1.326868085699922,-0.04424614314442262,0.0,0.0
2023-10-26,-0.0082933727218534,1.3984434450738008,-1.583794274787743,0.4024960589501709,0.0,0.0
2023-10-27,-0.0070396207400662,1.4980445976516603,-2.16809253921498,0.4989460360651211,0.0,0.0
2023-10-30,-0.007760864398385,1.5488048210892185,-2.4658225220295744,0.4659168266831013,0.0,0.0
2023-10-31,-0.0326781707923071,1.577836577564841,-2.636161419832926,-1.2558899155386944,0.0,0.0
2023-11-01,-0.0190835456863762,1.6064698865266838,-2.804691488618817,-0.2664265787772453,0.0,0.0
2023-11-02,-0.0291016167764759,1.6411950194340754,-3.008586049369759,-0.9563868979732858,0.0,0.0
2023-11-03,-0.018981833024112,1.6854705508408483,-3.268606308578873,-0.2161565084371562,0.0,0.0
2023-11-06,-0.0178595466880615,1.7143718587439214,-3.4383291122948254,-0.11443345858723959,0.0,0.0
2023-11-07,-0.0331823262164903,1.7351099815715336,-3.5601717112830444,-1.1961871702639268,0.0,0.0
2023-11-08,-0.0246174582728535,1.764783888110722,-3.7345859544567386,-0.539949550339964,0.0,0.0
2023-11-09,-0.0266801277913284,1.7598182676253613,-3.706109275161708,-0.671044556040137,0.0,0.0
2023-11-10,-0.0225829122666052,1.761257941033709,-3.7152076886164735,-0.3664103837224479,0.0,0.0
2023-11-13,-0.0266575994851461,1.7661698096881788,-3.744474924131796,-0.6608781935501999,0.0,0.0
2023-11-15,-0.0369912776144438,1.766306313527555,-3.7459070117214,-1.401225719335748,0.0,0.0
2023-11-16,-0.0364964250559278,1.7461442087823018,-3.628796187215622,-1.3427798429482398,0.0,0.0
2023-11-17,-0.0292463110861191,1.7416994642214356,-3.603994743458549,-0.8137507332826945,0.0,0.0
2023-11-20,-0.0340304488964715,1.7362093374866514,-3.5727943495712324,-1.1493736944780748,0.0,0.0
2023-11-21,-0.021284232463417,1.7201814267737097,-3.4798063048592747,-0.2445041985883773,0.0,0.0
2023-11-22,-0.0033260161290069,1.706276961650581,-3.3988371183468207,1.012503118089154,0.0,0.0
2023-11-23,0.0087771279087842,1.7033306460471769,-3.381719188477112,1.8285916385031076,0.0,0.0
2023-11-24,0.0110182578643236,1.6994253175741394,-3.358627918347529,1.914686579934319,0.0,0.0
2023-11-28,0.0102096935958275,1.6986945165664886,-3.354091700770452,1.7693019635477583,0.0,0.0
2023-11-29,0.0190479927924194,1.6821336825364013,-3.2570513457193364,2.281510833816977,-1.0,0.0
2023-11-30,0.0167644186953399,1.6716760704814022,-3.195640752505285,2.005012294903806,-1.0,-1.0
2023-12-01,0.019374120614966,1.6690984510298594,-3.180619400173514,2.067360260645848,-1.0,-1.0
2023-12-04,-0.0098669845996095,1.6574103344995663,-3.1120144705498944,0.2287447130866014,0.0,-1.0
2023-12-05,-0.0083559427203194,1.6308444862559066,-2.9569515183571715,0.3264411083280617,0.0,0.0
2023-12-06,0.0017010340743599,1.6059787356629045,-2.811585964990533,0.9208232528587287,0.0,0.0
2023-12-07,-0.0008062239475119,1.599711633412772,-2.7752827318138,0.7722252810321407,0.0,0.0
2023-12-08,0.0041197934521868,1.5805458082079458,-2.66330366704704,1.0744247680676604,0.0,0.0
2023-12-11,-0.0010253467752665,1.5667394711339089,-2.582728848601831,0.7775120411388827,0.0,0.0
2023-12-12,0.0069771876539963,1.5430537998359215,-2.444205572414628,1.2800178100617334,0.0,0.0
2023-12-13,0.0038356585872616,1.5298169404040354,-2.3668190446517228,1.0941388643561367,0.0,0.0
2023-12-14,-0.0065358525359311,1.515585314537096,-2.2835460641209995,0.4675801977113193,0.0,0.0
2023-12-15,0.0020991518962301,1.480309187110192,-2.077113059219577,1.022559527782103,0.0,0.0
2023-12-18,0.0066904487816898,1.4453919051024766,-1.8729479297626237,1.3727719796864024,0.0,0.0
2023-12-19,0.0061215872977378,1.4358990053941711,-1.8176610769088648,1.339146066341426,0.0,0.0
2023-12-20,0.0237018774930586,1.4474277872522738,-1.8850897880748037,2.412770514077452,-1.0,0.0
2023-12-21,0.01931557381676,1.4766781728586984,-2.056502418554391,1.9949044520166157,-1.0,-1.0
2023-12-22,0.0019137936382023,1.5045738597847054,-2.219802330455839,0.8641288346116689,-1.0,-1.0
2023-12-26,-0.0132969441888555,1.51319055466506,-2.269938000774691,-0.09780554901960808,0.0,-1.0
2023-12-27,-0.0116086877490104,1.4916157806924084,-2.1435534065541084,-0.011112146393346869,0.0,0.0
2023-12-28,-0.0236970224384975,1.4723843480603094,-2.0307350691362585,-0.8079053802656215,0.0,0.0
2023-12-29,-0.0083701969331198,1.4426837138001642,-1.8570435448842133,0.17158927105018892,0.0,0.0
2024-01-01,-0.0150253198372976,1.438559870957906,-1.8332200131719996,-0.2635781392534239,0.0,0.0
2024-01-02,0.0201687364856706,1.4263860486236062,-1.7621446680417074,1.981551344475369,0.0,0.0
2024-01-03,0.0026832621603176,1.4582561537485177,-1.9495142401036176,0.8041496580206782,0.0,0.0
2024-01-04,0.0149385705415401,1.4715676688596928,-2.0280834033555344,1.5454800880276875,0.0,0.0
2024-01-05,0.0219750164246246,1.4876159361566468,-2.1224046288005027,1.9138764942744515,0.0,0.0
2024-01-08,0.0276765577499826,1.515265152873586,-2.2849845112161056,2.160697172090855,-1.0,0.0
2024-01-09,0.0187709771089483,1.5239319426850026,-2.335472095973325,1.5381025940900013,-1.0,-1.0
2024-01-10,0.0264953350637249,1.529006800657456,-2.3649296515140668,1.9171270582008335,-1.0,-1.0
2024-01-11,0.0201268836691941,1.5379395677185668,-2.4171591854796377,1.4760302999193085,-1.0,-1.0
2024-01-12,0.0061996172644835,1.5434882957130829,-2.449472452887531,0.6635026444684233,-1.0,-1.0
2024-01-15,0.0098432785444479,1.548793113182005,-2.4806966576341347,0.8400242384638167,-1.0,-1.0
2024-01-16,0.0162261141402435,1.552695036805687,-2.5034213038847595,1.1594111947655341,-1.0,-1.0
2024-01-17,-0.0136245795520881,1.558994223449598,-2.540175670351715,-0.4999304238642129,0.0,-1.0
2024-01-18,-0.0450446056171411,1.5658435569358828,-2.5808339981723813,-2.2058859524305157,1.0,0.0
2024-01-19,-0.0434587977633569,1.5709941643707228,-2.611655016217928,-2.0564443051490398,1.0,1.0
2024-01-23,-0.0903573158552699,1.585806462801003,-2.699551355781625,-4.389159736886974,0.0,1.0
2024-01-24,-0.0724306202554476,1.6047108803753596,-2.812423578447381,-2.9624630625517403,1.0,0.0
2024-01-25,-0.0666315549196649,1.635380330544932,-2.9944366088371317,-2.479459784229945,1.0,1.0
2024-01-29,-0.1016677067959577,1.6803392536059052,-3.2604700033311955,-3.718818199488155,1.0,1.0
2024-01-30,-0.1074273984832352,1.6791027921584143,-3.255204774549304,-3.5033354433783317,1.0,1.0
2024-01-31,-0.0944329353192561,1.6536671838176753,-3.107147164312451,-2.7368911853419275,1.0,1.0
2024-02-01,-0.087777631151475,1.6423555122579745,-3.042242949918186,-2.336025699956337,1.0,1.0
2024-02-02,-0.1002835492919551,1.6262479219095087,-2.948809795445034,-2.5835074605213335,1.0,1.0
2024-02-05,-0.0863216299329572,1.618568840501058,-2.905376012077123,-2.0187205151223893,1.0,1.0
2024-02-06,-0.0658294957323519,1.6320958513958073,-2.986657108698981,-1.3626351665540486,1.0,1.0
2024-02-07,-0.0795191023511581,1.6521062620226632,-3.105576837817672,-1.6984902306249725,1.0,1.0
2024-02-08,-0.0367129153251291,1.6808734665006202,-3.276478372424088,-0.5084950752037019,1.0,1.0
2024-02-09,-0.0460438065053931,1.728935912544865,-3.5603308673187195,-0.7484981981882388,1.0,1.0
2024-02-12,-0.0185689244809506,1.7848614322383254,-3.8907599177278,-0.016014151595235015,0.0,1.0
2024-02-13,-0.0420380302697651,1.8187849319898992,-4.09107547489729,-0.6338854777449034,0.0,0.0
2024-02-14,-0.059702754225567,1.859143840017898,-4.329514453219348,-1.0926958825358826,0.0,0.0
2024-02-15,-0.0249791500417266,1.9064542796897208,-4.609197812076841,-0.17340578471028548,0.0,0.0
2024-02-16,-0.0146976637183176,1.9341046107480544,-4.772638888459351,0.09143811837070769,0.0,0.0
2024-02-19,-0.0113618650387756,1.9495614603609,-4.863997907501108,0.16986510230514074,0.0,0.0
2024-02-20,-0.0191733025095768,1.9685357986660552,-4.976224988573053,-0.03738362282605844,0.0,0.0
2024-02-21,-0.0088234195256351,2.0087461198535266,-5.214013271320783,0.23863115689707884,0.0,0.0
2024-02-22,0.0057727815744552,2.0612189362915028,-5.524111034277227,0.6281948986385184,0.0,0.0
2024-02-23,0.0102206474256174,2.100712132089257,-5.7575917203734015,0.7477990943626488,0.0,0.0
2024-02-26,0.036128530875553,2.137777066740848,-5.976727674166443,1.4252032183539698,0.0,0.0
2024-02-27,0.0346786048429663,2.138926711325204,-5.984057542330658,1.3675016416323078,0.0,0.0
2024-02-28,0.0568360722184486,2.13886471690448,-5.9842421177535785,1.9169395920015613,0.0,0.0
2024-02-29,0.0434130621865236,2.1092107798146467,-5.80990445361198,1.5211110962073642,0.0,0.0
2024-03-01,0.0130689681300211,2.0605682837728705,-5.523269325408434,0.723292807868929,0.0,0.0
2024-03-04,0.0146058184989446,2.0469583075119075,-5.443330408465921,0.7493202912254521,0.0,0.0
2024-03-05,0.0335433127486126,2.0320539101083286,-5.355940530504742,1.2050075585735922,0.0,0.0
2024-03-06,-0.0174899363673759,2.0020863854832283,-5.179560273204168,-0.05689638602355206,0.0,0.0
2024-03-07,-0.0010298672049913,1.9974712321147727,-5.153221470723129,0.3507748926905688,0.0,0.0
2024-03-11,0.0074580734706035,1.9884505201527063,-5.100591149457159,0.5565522752420076,0.0,0.0
2024-03-12,0.0401263749305815,1.975883901250292,-5.027174473218824,1.3481973215107683,0.0,0.0
2024-03-13,0.0289005560542889,1.943928546967076,-4.8391600323879365,1.0474363049893203,0.0,0.0
2024-03-14,0.0102968559705765,1.9219028236606603,-4.709461118316537,0.5831391925524747,0.0,0.0
2024-03-15,0.0126851131730525,1.9066315159832803,-4.619925731466823,0.6355171117897198,0.0,0.0
2024-03-18,0.008318672516733,1.8886403271891024,-4.514448184012407,0.5290619356353973,0.0,0.0
2024-03-19,-0.0021415639890101,1.8722860302216648,-4.418672376374292,0.280765886407814,0.0,0.0
2024-03-20,-0.030912613562938,1.8557939548606728,-4.322669592772539,-0.3913763622440032,0.0,0.0
2024-03-21,-0.0266500743699271,1.835711462893904,-4.205945162403682,-0.2713036665575886,0.0,0.0
2024-03-22,-0.0321791459829725,1.8191457234984336,-4.109569381721405,-0.39232478307062624,0.0,0.0
2024-03-26,-0.0203641767633566,1.809290391701172,-4.052425584286863,-0.10225699255664338,0.0,0.0
2024-03-27,-0.0316339345172078,1.8017678002763828,-4.008774468672443,-0.36782894329038046,0.0,0.0
2024-03-28,-0.0362708405618352,1.8093075763070492,-4.053472388176948,-0.47495841421031915,0.0,0.0
2024-04-01,-0.0250823698234192,1.7893151110246444,-3.936905190262165,-0.19668241777088658,0.0,0.0
2024-04-02,0.0154259989123843,1.7752936835053124,-3.855120573591284,0.7718439514033315,0.0,0.0
2024-04-03,0.0426896606014111,1.7090381710838474,-3.466961709252052,1.4251181620804976,0.0,0.0
2024-04-04,0.0542226155024518,1.633408601864954,-3.023243672304228,1.659210853192098,0.0,0.0
2024-04-05,0.0362647801820017,1.5366043123874176,-2.455515138503276,1.1998202769258577,0.0,0.0
2024-04-08,0.0331437322718084,1.4563937660618995,-1.985665840595352,1.1159154681072379,0.0,0.0
2024-04-09,0.0421388865711289,1.3873135784892356,-1.5813258093212523,1.3171902856261624,0.0,0.0
2024-04-10,0.0022312823515857,1.318454927848074,-1.1780787843328389,0.3913330805293498,0.0,0.0
2024-04-12,0.0038329185426793,1.23520836987932,-0.691310536817964,0.4395691931750917,0.0,0.0
2024-04-15,0.0008715194442796,1.1505322158203808,-0.1961147822774149,0.37971109236153494,0.0,0.0
2024-04-16,0.016974183261837,1.0527348187945516,0.37604945981957,0.7512547600491012,0.0,0.0
2024-04-18,0.014012482921113,0.9038858907111712,1.2474708896311792,0.679375276182315,0.0,0.0
2024-04-19,0.0400883719644982,0.7154490171968872,2.35057133494466,1.2776904492980548,0.0,0.0
2024-04-22,0.0206060752573655,0.723155284571782,2.305245602745257,0.8002949266408595,0.0,0.0
2024-04-23,0.0157806528008093,0.7393598375249443,2.210324791904921,0.6657854769570116,0.0,0.0
2024-04-24,0.0056416626489186,0.7559076902088377,2.113391886632872,0.41484416998160484,0.0,0.0
2024-04-25,0.0929340632390074,0.7766986100326722,1.9920473645266168,2.410721106274943,-1.0,0.0
2024-04-26,0.0896038330184398,0.5859058213197846,3.112107529546111,2.2043669853043526,-1.0,-1.0
2024-04-29,0.0760638052087929,0.3941250008852329,4.237709808796407,1.7970058490008962,-1.0,-1.0
2024-04-30,0.0644357332934171,0.2918113201258716,4.838613638470983,1.4952293787647573,-1.0,-1.0
2024-05-02,0.0710138330849359,0.2086408189408151,5.327099309944549,1.62558406082402,-1.0,-1.0
2024-05-03,0.050370881738363,0.0858525683213815,6.047167253199689,1.1112413865575532,-1.0,-1.0
2024-05-06,0.0413261275901332,-0.0001868976210061,6.55142105407653,0.8717589318138699,-1.0,-1.0
2024-05-07,0.0277759563405237,-0.0322825589536883,6.74001256803059,0.5150749951660827,-1.0,-1.0
2024-05-08,0.0107451521120679,-0.0468064927352302,6.825583563513877,0.036599290947865216,0.0,-1.0
2024-05-09,-0.0139024692812788,-0.0492149810028929,6.840040210843643,-0.6780586289082515,0.0,0.0
2024-05-10,-0.006400498331108,-0.029977399524511,6.727732726540546,-0.527656439072996,0.0,0.0
2024-05-13,0.0054880500021841,-0.0250751431908366,6.69968976925144,-0.19950446088699172,0.0,0.0
2024-05-14,0.0087210655498797,-0.0240508585209311,6.694508432799932,-0.13279652405535425,0.0,0.0
2024-05-15,-0.008232402152953,-0.0350412086240147,6.7597562520770245,-0.6652294135882724,0.0,0.0
2024-05-16,0.006763991569168,-0.026824741265315,6.712476104686042,-0.22948636690465604,0.0,0.0
2024-05-17,0.0088055720457256,-0.0194221852405752,6.670340348079095,-0.21006009841328405,0.0,0.0
2024-05-21,0.0044384712932338,-0.0168177288051921,6.6559277105116825,-0.37670232545222415,0.0,0.0
2024-05-22,0.0040856462994107,-0.014518346384245,6.643170324800147,-0.4020221446510877,0.0,0.0
2024-05-23,0.0261016958774669,-0.0127187510002169,6.633371149438131,0.32714425363331234,0.0,0.0
2024-05-24,0.0417692916600554,-0.0112418411258931,6.625400323091812,0.8382349971866896,0.0,0.0
2024-05-27,0.0476113271653086,-0.0117692293897096,6.629581144398104,1.009342584231607,0.0,0.0
2024-05-28,0.0479282979485987,-0.0133751192815101,6.640405172705112,0.989601273821623,0.0,0.0
2024-05-29,0.0316535410214456,-0.0173093655526521,6.664839417316847,0.41490974813560316,0.0,0.0
2024-05-30,0.0346356197425813,-0.027381684182308,6.724843192852385,0.5181757186264748,0.0,0.0
2024-05-31,0.0439142954341029,-0.0374957617993345,6.785185202462488,0.8301017180962522,0.0,0.0
2024-06-03,0.0693172486021897,-0.0610242348314152,6.924150437152161,1.7044795247726532,0.0,0.0
2024-06-04,0.0053596973883037,-0.0733775224100033,6.99840631141581,-0.4681750401225706,0.0,0.0
2024-06-05,0.0533523167737876,-0.0736893690906027,7.000986929953162,1.1306983529369932,0.0,0.0
2024-06-06,0.0575640729170096,-0.07122115208533,6.988130110255522,1.236346367371077,0.0,0.0
2024-06-07,0.065380667880168,-0.0657205791117064,6.957581684015223,1.463864792258704,0.0,0.0
2024-06-10,0.055340424528888,-0.0417923047421434,6.819574557895836,1.0878719563802435,0.0,0.0
2024-06-11,0.0554392878213307,-0.0254293859607775,6.725562997248385,1.0554402869989268,0.0,0.0
2024-06-12,0.0595885514800796,-0.0209214889330703,6.701000514587268,1.1552022471916685,0.0,0.0
2024-06-13,0.0624178629559787,-0.0212020313850941,6.7041229715082045,1.224537978606197,0.0,0.0
2024-06-14,0.0709265542257237,-0.0154627407456704,6.672167590668738,1.4587436916640433,0.0,0.0
2024-06-18,0.0759739605377076,-0.0098735670277466,6.641312709930165,1.5606059905995375,0.0,0.0
2024-06-19,0.1047571523322829,-0.0033767056353395,6.60530843089342,2.371504816468202,-1.0,0.0
2024-06-20,0.1084758739444705,0.0224051757367291,6.457331211878926,2.335046592128899,-1.0,-1.0
2024-06-21,0.1021907190910297,0.0652607077059607,6.209766524715515,2.023137807284169,-1.0,-1.0
2024-06-24,0.1017708676224947,0.1213375870413175,5.885198056619646,1.9334981944962721,-1.0,-1.0
2024-06-25,0.1194905263522256,0.1760549565684234,5.56846672343627,2.348548738214634,-1.0,-1.0
2024-06-26,0.1057871424378096,0.2474890897796816,5.154564879160444,1.871880784231568,-1.0,-1.0
2024-06-27,0.0908056474964238,0.316098298489852,4.757136000183383,1.397868754036931,-1.0,-1.0
2024-06-28,0.0815825815693371,0.4009048141176199,4.264825363634632,1.112092385872453,-1.0,-1.0
2024-07-01,0.0867560843800085,0.4712502494082993,3.856819127004661,1.235826012707182,-1.0,-1.0
2024-07-02,0.1069708974081944,0.5446553633870063,3.430878025543605,1.787719312464315,-1.0,-1.0
2024-07-03,0.1111883355340492,0.5885722819197007,3.1772426003231606,1.8286331100667264,-1.0,-1.0
2024-07-04,0.0735105224114942,0.6474167238062289,2.8363707777744227,0.7158044085641786,-1.0,-1.0
2024-07-05,0.0147326858520164,0.6961243355809427,2.553683948178028,-0.9006597700107049,0.0,-1.0
2024-07-08,0.0044363768788073,0.7170998616740509,2.431998201010506,-1.1650205580568322,0.0,0.0
2024-07-09,0.0054101200602829,0.7326446517841803,2.34192954532035,-1.1143471618901462,0.0,0.0
2024-07-10,0.004754934995292,0.7455849959393729,2.267029249890215,-1.1042444485146479,0.0,0.0
2024-07-11,-0.0071430734002015,0.7789834678327275,2.073068102067598,-1.423677092895806,0.0,0.0
2024-07-12,-0.0043775205124454,0.8051690400786238,1.921185674378803,-1.3367317366306806,0.0,0.0
2024-07-15,-0.0124932498117651,0.8314838798423166,1.7687829064586182,-1.544611782504463,0.0,0.0
2024-07-16,0.0017548968526188,0.8473182706235162,1.6773041833250293,-1.1385577922281758,0.0,0.0
2024-07-18,-0.0140180312589057,0.8704386798698374,1.5436300798156832,-1.5352179357359057,0.0,0.0
2024-07-19,-0.0186741924888966,0.8829002804069591,1.4716501604306824,-1.6013190423495038,0.0,0.0
2024-07-22,0.0330761497655194,0.906451403497484,1.3351617620449954,-0.2669196373700253,0.0,0.0
2024-07-23,0.0093167255611543,0.947376241257005,1.0981469494330716,-0.8691189644491886,0.0,0.0
2024-07-24,0.0099019869292149,1.008619143027876,0.7423385103772331,-0.8572410526592963,0.0,0.0
2024-07-25,0.000916367549375,1.0092578404999837,0.7387830897190106,-1.0550189268569508,0.0,0.0
2024-07-26,-0.0201937428007461,1.0221480613245284,0.6631280847568375,-1.5548861159071985,0.0,0.0
2024-07-29,-0.0164024465804297,1.0207251807648836,0.6708813888934371,-1.4001969653563267,0.0,0.0
2024-07-30,-0.0050368925289641,1.0270551342298355,0.6332819028354795,-1.0691618568054884,0.0,0.0
2024-07-31,-0.0185074844312751,1.0834670094588534,0.3021883680439901,-1.3650208455536557,0.0,0.0
2024-08-01,0.0037030096507235,1.181541462415282,-0.2734411580397111,-0.7799884037700633,0.0,0.0
2024-08-02,0.0084453407264764,1.2131382923494445,-0.4589457280774995,-0.6467978264674825,0.0,0.0
2024-08-05,0.0020353047117014,1.225647745406873,-0.5322617638665097,-0.7909587705477584,0.0,0.0
2024-08-06,-0.0049543670402592,1.220876121754396,-0.5041717673858512,-0.9530688704688521,0.0,0.0
2024-08-07,0.0047077825870101,1.1957250191171434,-0.356449986971314,-0.7279119642723976,0.0,0.0
2024-08-08,0.0188745391330362,1.1839813386620317,-0.2873676688470192,-0.39309314704934256,0.0,0.0
2024-08-09,0.0250794532978773,1.17550402369056,-0.2372006475765786,-0.24938378097716926,0.0,0.0
2024-08-12,0.0286117528943181,1.165296727147455,-0.1767637698518998,-0.17093343574870007,0.0,0.0
2024-08-13,0.0060926384980248,1.130188920410894,0.0300944861775969,-0.7401294797347128,0.0,0.0
2024-08-14,0.0106411382953508,1.0933145162697404,0.2470124795015618,-0.6281339367689185,0.0,0.0
2024-08-16,0.0067050936280717,1.050282493148379,0.5004076214259809,-0.7257920681192356,0.0,0.0
2024-08-19,0.0033215237604231,1.0027827383486916,0.7801026443265711,-0.8103321489695523,0.0,0.0
2024-08-20,-0.0064479608970113,0.9502238934068152,1.0895185321104268,-1.0496770589848357,0.0,0.0
2024-08-21,-0.0172744436467651,0.9107155309624612,1.3220064147865251,-1.290970460475111,0.0,0.0
2024-08-22,-0.0173865294226951,0.8753971866036032,1.5294770223243956,-1.2527595047610076,0.0,0.0
2024-08-23,-0.0188618822926445,0.8415181436655685,1.7285109729132886,-1.2471122851828753,0.0,0.0
2024-08-26,-0.0065544521512874,0.8076873416840981,1.9272070494790787,-0.9178353099290176,0.0,0.0
2024-08-27,-0.0035733543100864,0.7624732451312946,2.1931381807334267,-0.8271987273482806,0.0,0.0
2024-08-28,0.0009830671781081,0.7172934643362656,2.458958630054979,-0.7022916748941439,0.0,0.0
2024-08-29,0.0071089766979124,0.6842395542602203,2.6534665799451918,-0.5420562498422087,0.0,0.0
2024-08-30,0.0044356755834598,0.6716942765113604,2.7274608920504484,-0.5825000470767719,0.0,0.0
2024-09-02,-0.0024788558701769,0.5425319793505916,3.487174594459169,-0.7423278761650088,0.0,0.0
2024-09-03,0.0022969779913939,0.4925334195679554,3.781477033784066,-0.6089066418951924,0.0,0.0
2024-09-04,0.0043679339385778,0.4491707148230537,4.03691566829681,-0.5401496053575624,0.0,0.0
2024-09-05,0.0073463087784504,0.4217431407846183,4.1987053863409365,-0.44953521804979324,0.0,0.0
2024-09-06,0.0041223635389258,0.3773671744791679,4.460293995580193,-0.5070548098621969,0.0,0.0
2024-09-09,0.0038871432438087,0.3132191324790987,4.837981484064246,-0.4936120363991055,0.0,0.0
2024-09-10,0.0055066877728449,0.2487510082895834,5.217534044239679,-0.43570568207445975,0.0,0.0
2024-09-11,0.0012933422390408,0.1863958771668431,5.584741420732206,-0.5150952160844449,0.0,0.0
2024-09-12,0.0118364507213502,0.1286967350213589,5.924404786930034,-0.2413001353121539,0.0,0.0
2024-09-13,0.0119969050434056,0.0930828485931322,6.134341553066895,-0.21504432802365844,0.0,0.0
2024-09-16,0.0136898531358851,0.1300425647606291,5.916943897589575,-0.14195833491558424,0.0,0.0
2024-09-17,0.0101639551046492,0.1743513397782768,5.6562081094671095,-0.19935745506349067,0.0,0.0
2024-09-18,0.0255591722100398,0.209453081294005,5.449592407219287,0.25438558225452673,0.0,0.0
2024-09-19,0.0273300569743755,0.2736084507536331,5.072166895558047,0.3543157985940805,0.0,0.0
2024-09-20,0.0361479100766946,0.3747450255452411,4.476699795961354,0.7074413403514568,0.0,0.0
2024-09-23,0.0327407365913607,0.4891910489283421,3.8030684315477816,0.6846583802376168,0.0,0.0
2024-09-24,0.0372855346042024,0.5741149031631814,3.303265250629635,0.9213930764714092,0.0,0.0
2024-09-25,0.0441356807558381,0.6584481167277032,2.806924377681821,1.2492528281600668,0.0,0.0
2024-09-26,0.0410702742335153,0.7333131039977654,2.3662093313050176,1.2316666392529871,0.0,0.0
2024-09-27,0.0317285800253648,0.8477240764152512,1.691910431167179,1.0296011831394158,0.0,0.0
2024-09-30,0.0281302176625661,0.8828627042210696,1.4842759952855094,1.144568280570953,0.0,0.0
2024-10-01,0.0125580524823307,0.89043364384654,1.4395464865603875,0.3645003255835987,0.0,0.0
2024-10-03,0.0131371351827693,0.916962438204936,1.2838023030130286,0.40311132756058116,0.0,0.0
2024-10-04,0.0048408593286817,0.93886053168062,1.1555060446450636,-0.12146192206417994,0.0,0.0
2024-10-07,-0.0100643023694715,0.9546925026633688,1.0627750200372184,-1.046235602437127,0.0,0.0
2024-10-08,0.0030851247346692,0.9655340544854952,0.9991605346148136,-0.21262455948221848,0.0,0.0
2024-10-09,-0.0069754408702449,0.9851934351858332,0.8840099826682009,-0.8469779756883922,0.0,0.0
2024-10-10,-0.030406383984145,0.997352771343662,0.8127743216798091,-2.289524623667389,1.0,0.0
2024-10-11,-0.0401858037195319,0.9836387896396164,0.8936491002673659,-2.7862034583930844,1.0,1.0
2024-10-14,-0.0297850036658235,0.9369259886552048,1.1684343144493132,-1.9974471034738948,1.0,1.0
2024-10-15,-0.0228728525544781,0.9008634323149708,1.3809154194953477,-1.5573974020100845,1.0,1.0
2024-10-16,-0.0040342300135423,0.8794115248471742,1.5074956564903983,-0.5132141828329192,1.0,1.0
2024-10-17,-0.0139884991414369,0.8915084520063711,1.4358183740532997,-1.0433086240965828,1.0,1.0
2024-10-18,-0.0116412304430726,0.8820936990948669,1.4910856377897792,-0.8833264501569624,1.0,1.0
2024-10-21,0.0554116890224296,0.8756261078438783,1.5289876640239315,2.8290918371118194,0.0,1.0
2024-10-22,0.0582127777665739,0.849252390700709,1.6854724869277913,2.7560974741237083,-1.0,0.0
2024-10-23,0.0656374516960109,0.8031300963407558,1.95872378410904,2.935083477373322,-1.0,-1.0
2024-10-24,0.072994264728833,0.7501613271099022,2.2724570080507567,3.0523972942438595,-1.0,-1.0
2024-10-25,0.0634339223527433,0.688541267180237,2.6371686682795747,2.375700356819049,-1.0,-1.0
2024-10-28,0.0624368124750933,0.6450674023253369,2.894923749858473,2.199281579034357,-1.0,-1.0
2024-10-29,0.0657981540640029,0.5884661119835001,3.229714698334549,2.2138675977824396,-1.0,-1.0
2024-10-30,0.061278363620798,0.5420799989211791,3.504223574653196,1.9154696484653873,-1.0,-1.0
2024-10-31,0.0582643231358708,0.470541454532299,3.927175229442047,1.710503226540865,-1.0,-1.0
2024-11-01,0.0511582385037945,0.3958996169286456,4.368523072966486,1.3739769540978437,-1.0,-1.0
2024-11-04,0.0374747062824449,0.3447114906181907,4.671383031121748,0.82465880609896,-1.0,-1.0
2024-11-05,0.055051571510758,0.303392515015395,4.915676862533472,1.449400961850675,-1.0,-1.0
2024-11-06,0.0504715031110618,0.2647282083560771,5.1445629768333,1.2438608679335215,-1.0,-1.0
2024-11-07,0.0457999584797652,0.2341629424741946,5.325594047625842,1.051557384036484,-1.0,-1.0
2024-11-08,0.0467982280043703,0.174298580956972,5.679724902324938,1.0550662988688653,-1.0,-1.0
2024-11-11,0.0498462156669126,0.1112589341544138,6.052581215079977,1.131170531774949,-1.0,-1.0
2024-11-12,0.019902816851236,0.0634472772941519,6.335600532488371,0.06134205975940921,0.0,-1.0
2024-11-13,-0.0034294094363241,0.034840437263326,6.505011004180238,-0.7560384322856443,0.0,0.0
2024-11-14,0.0026240328241959,0.0380840238431608,6.4863855172505005,-0.5489494743860996,0.0,0.0
2024-11-18,0.0088515874985748,0.0380511941095696,6.487289296044803,-0.34817569975804546,0.0,0.0
2024-11-19,0.0294787115992058,0.0370552742878052,6.493925626310903,0.36410616944487517,0.0,0.0
2024-11-21,0.0269663978350301,0.0231956473957834,6.576705407425653,0.2500330614338719,0.0,0.0
2024-11-22,0.027886710835734,0.0114920751889393,6.646607634680153,0.26504945359428683,0.0,0.0
2024-11-25,0.0492361506639031,0.0029635710711358,6.697870556793893,1.0275363678712701,0.0,0.0
2024-11-26,0.0477016414101533,-0.0042980935603712,6.742057040908019,0.938413653118516,0.0,0.0
2024-11-27,0.0609922934993032,-0.0188168982977241,6.828942110966347,1.3909619829939837,0.0,0.0
2024-11-28,0.0480384719727568,-0.0348259887426839,6.924863668396116,0.8770087477483255,0.0,0.0
2024-11-29,0.0476626519390536,-0.0596410376789482,7.072526719471721,0.8345003019939015,0.0,0.0
2024-12-02,0.0500298128783656,-0.0795326463584555,7.191126670040122,0.8920390262443207,0.0,0.0
2024-12-03,0.0594946664411449,-0.1040662612949911,7.337062275189814,1.2018828703449367,0.0,0.0
2024-12-04,0.0758278596752977,-0.1355014867170695,7.523761869167449,1.7411202067966056,0.0,0.0
2024-12-05,0.0775430777185779,-0.1757819469214612,7.762922147450997,1.7265608779617807,0.0,0.0
2024-12-06,0.070112975688179,-0.194094562581999,7.872742905255486,1.3996032920671477,0.0,0.0
2024-12-09,0.0766847377307717,-0.2091518457091029,7.963275861138382,1.5713319440962887,0.0,0.0
2024-12-10,0.0744849974502128,-0.2209464147718177,8.034821830106033,1.4373993896215453,0.0,0.0
2024-12-11,0.0699816379833269,-0.2150416859659109,8.001913465003733,1.2355889801961617,0.0,0.0
2024-12-12,0.0630436625459127,-0.2100615202222958,7.974424069462308,0.9663870873206354,0.0,0.0
2024-12-13,0.0724511146569379,-0.2145400053337599,8.002430200861838,1.2425644217332912,0.0,0.0
2024-12-16,0.0668782458840178,-0.1941065947087491,7.884054728119718,1.0196087478758662,0.0,0.0
2024-12-17,0.0459482534451198,-0.1805045094471824,7.805573345955926,0.3171403606682289,0.0,0.0
2024-12-18,0.0321801593921704,-0.1744015395584151,7.770706843539577,-0.13524675749092868,0.0,0.0
2024-12-19,0.0202786512832742,-0.1825506293927776,7.819084706600591,-0.5154443987033421,0.0,0.0
2024-12-20,0.0051824300077252,-0.2129200343884757,7.997661502350029,-0.9916497318208715,0.0,0.0
2024-12-23,0.0214593001654801,-0.2452817771866955,8.187569322692166,-0.44904208060346584,0.0,0.0
2024-12-24,0.0195890055799812,-0.291329433280069,8.45801344777913,-0.4959976251119997,0.0,0.0
2024-12-26,0.0154318573042133,-0.3497677207546796,8.801052236905992,-0.6156235155196418,0.0,0.0
2024-12-27,0.0207720126173067,-0.3746863523138508,8.947389003139037,-0.43631468477295254,0.0,0.0
2024-12-30,0.0048149755123003,-0.3824589422372538,8.993335743156656,-0.9357422522749895,0.0,0.0
