Date,spread,beta,zscore,position,position_lagged
2015-01-01,-0.0626895833712826,1.06825285367268,,0.0,
2015-01-02,-0.0598034978408872,1.06825285367268,,0.0,0.0
2015-01-05,-0.0639890167374339,1.06825285367268,,0.0,0.0
2015-01-06,-0.0668652869172889,1.06825285367268,,0.0,0.0
2015-01-07,-0.0810155791904128,1.06825285367268,,0.0,0.0
2015-01-08,-0.1167995117325979,1.06825285367268,,0.0,0.0
2015-01-09,-0.1217221751812305,1.06825285367268,,0.0,0.0
2015-01-12,-0.1384357597112062,1.06825285367268,,0.0,0.0
2015-01-13,-0.1592366138001777,1.06825285367268,,0.0,0.0
2015-01-14,-0.1573228103245441,1.06825285367268,,0.0,0.0
2015-01-15,-0.1344697528368676,1.06825285367268,,0.0,0.0
2015-01-16,-0.1223882212242939,1.06825285367268,,0.0,0.0
2015-01-19,-0.1146709595410362,1.06825285367268,,0.0,0.0
2015-01-20,-0.1032716825700035,1.06825285367268,,0.0,0.0
2015-01-21,-0.0984571929201294,1.06825285367268,,0.0,0.0
2015-01-22,-0.0967982831789404,1.06825285367268,,0.0,0.0
2015-01-23,-0.0741056838045928,1.06825285367268,,0.0,0.0
2015-01-27,-0.0469279346214053,1.06825285367268,,0.0,0.0
2015-01-28,-0.0326399132163155,1.06825285367268,,0.0,0.0
2015-01-29,0.0171337846159778,1.06825285367268,,0.0,0.0
2015-01-30,0.0082908771230609,1.06825285367268,,0.0,0.0
2015-02-02,-0.0118578035924912,1.06825285367268,,0.0,0.0
2015-02-03,0.0088397928299173,1.06825285367268,,0.0,0.0
2015-02-04,0.0243894619555522,1.06825285367268,,0.0,0.0
2015-02-05,0.0355796774228993,1.06825285367268,,0.0,0.0
2015-02-06,0.0315445612627129,1.06825285367268,,0.0,0.0
2015-02-09,0.0192917277588451,1.06825285367268,,0.0,0.0
2015-02-10,0.0166687619968737,1.06825285367268,,0.0,0.0
2015-02-11,0.0097020248008306,1.06825285367268,,0.0,0.0
2015-02-12,0.0279228371427509,1.06825285367268,,0.0,0.0
2015-02-13,0.0078227631052714,1.06825285367268,,0.0,0.0
2015-02-16,0.0234634850560784,1.06825285367268,,0.0,0.0
2015-02-18,0.0176193245040465,1.06825285367268,,0.0,0.0
2015-02-19,0.0227098117160098,1.06825285367268,,0.0,0.0
2015-02-20,0.0238191346062981,1.06825285367268,,0.0,0.0
2015-02-23,0.003437029438408,1.06825285367268,,0.0,0.0
2015-02-24,-0.0232184658795731,1.06825285367268,,0.0,0.0
2015-02-25,-0.0314092522097295,1.06825285367268,,0.0,0.0
2015-02-26,-0.0377438570418089,1.06825285367268,,0.0,0.0
2015-02-27,-0.0261109622422193,1.06825285367268,,0.0,0.0
2015-03-02,-0.0515516854190023,1.06825285367268,,0.0,0.0
2015-03-03,-0.0538506964084746,1.06825285367268,,0.0,0.0
2015-03-04,-0.0718268790709357,1.06825285367268,,0.0,0.0
2015-03-05,-0.0549254233693723,1.06825285367268,,0.0,0.0
2015-03-09,-0.0426072008987308,1.06825285367268,,0.0,0.0
2015-03-10,-0.0354832114848484,1.06825285367268,,0.0,0.0
2015-03-11,-0.053827454148208,1.06825285367268,,0.0,0.0
2015-03-12,-0.0509897216115025,1.06825285367268,,0.0,0.0
2015-03-13,-0.0397293224955959,1.06825285367268,,0.0,0.0
2015-03-16,-0.0100745220956115,1.06825285367268,,0.0,0.0
2015-03-17,-0.0237922222259792,1.06825285367268,,0.0,0.0
2015-03-18,-0.0211956620553781,1.06825285367268,,0.0,0.0
2015-03-19,-0.0181545865046581,1.06825285367268,,0.0,0.0
2015-03-20,-0.0258663131524485,1.06825285367268,,0.0,0.0
2015-03-23,-0.0305402082669123,1.06825285367268,,0.0,0.0
2015-03-24,-0.0438489336038028,1.06825285367268,,0.0,0.0
2015-03-25,-0.0360458426029222,1.06825285367268,,0.0,0.0
2015-03-26,-0.0456273005683316,1.06825285367268,,0.0,0.0
2015-03-27,-0.0328824239120333,1.06825285367268,,0.0,0.0
2015-03-30,-0.0215829751617286,1.06825285367268,,0.0,0.0
2015-03-31,-0.0365116855198044,1.06825285367268,0.08521010141669337,0.0,0.0
2015-04-01,-0.0644404166048424,1.06825285367268,-0.4789110790496717,0.0,0.0
2015-04-06,-0.0940080388952937,1.06825285367268,-1.0648335134541733,0.0,0.0
2015-04-07,-0.0849842389419182,1.06825285367268,-0.868835089931549,0.0,0.0
2015-04-08,-0.0704653425944759,1.06825285367268,-0.5740657585490595,0.0,0.0
2015-04-09,-0.0958055412689065,1.06825285367268,-1.077936441434348,0.0,0.0
2015-04-10,-0.10248226911221,1.06825285367268,-1.2274438692453893,0.0,0.0
2015-04-13,-0.1234645597059707,1.06825285367268,-1.6662334595489359,0.0,0.0
2015-04-15,-0.1291144777464117,1.06825285367268,-1.8013264915926501,0.0,0.0
2015-04-16,-0.1120206082925552,1.06825285367268,-1.4984521999104017,0.0,0.0
2015-04-17,-0.0988929832840401,1.06825285367268,-1.2832332497439363,0.0,0.0
2015-04-20,-0.0997655954257998,1.06825285367268,-1.3438377596693023,0.0,0.0
2015-04-21,-0.0878170221395509,1.06825285367268,-1.1057367304292411,0.0,0.0
2015-04-22,-0.0850760791918947,1.06825285367268,-1.0702241594109434,0.0,0.0
2015-04-23,-0.0966126299094192,1.06825285367268,-1.3484231218150258,0.0,0.0
2015-04-24,-0.096356334635022,1.06825285367268,-1.3446132728761424,0.0,0.0
2015-04-27,-0.0725493945315056,1.06825285367268,-0.8043796004953014,0.0,0.0
2015-04-28,-0.0775923304482777,1.06825285367268,-0.9199586062231462,0.0,0.0
2015-04-29,-0.0792096939371367,1.06825285367268,-0.9388451620924382,0.0,0.0
2015-04-30,-0.0860867192726546,1.06825285367268,-1.0688853215664185,0.0,0.0
2015-05-04,-0.0785921671095311,1.06825285367268,-0.8660033176943548,0.0,0.0
2015-05-05,-0.1573129472980792,1.06825285367268,-2.616299579572033,1.0,0.0
2015-05-06,-0.1192313833548501,1.06825285367268,-1.6176876820944772,1.0,1.0
2015-05-07,-0.1047679541070367,1.06825285367268,-1.248208609939207,1.0,1.0
2015-05-08,-0.0902593409691672,1.06825285367268,-0.8998718800580255,1.0,1.0
2015-05-11,-0.0894882911313779,1.06825285367268,-0.857057097505162,1.0,1.0
2015-05-12,-0.0919542469984691,1.06825285367268,-0.8866771004746109,1.0,1.0
2015-05-13,-0.0914916943897754,1.06825285367268,-0.8485189322906364,1.0,1.0
2015-05-14,-0.0789138699072911,1.06825285367268,-0.5299498982850157,1.0,1.0
2015-05-15,-0.0940692297117804,1.06825285367268,-0.862505904458862,1.0,1.0
2015-05-18,-0.0899348558286314,1.06825285367268,-0.7389488530623426,1.0,1.0
2015-05-19,-0.1023065457834659,1.06825285367268,-1.0197454551846576,1.0,1.0
2015-05-20,-0.0918256556598962,1.06825285367268,-0.7300216236107525,1.0,1.0
2015-05-21,-0.1009818341936181,1.06825285367268,-0.949271941461952,1.0,1.0
2015-05-22,-0.0935469437731386,1.06825285367268,-0.7274240708950097,1.0,1.0
2015-05-25,-0.0848435433592929,1.06825285367268,-0.4571116999985513,0.0,1.0
2015-05-26,-0.0867450803728244,1.06825285367268,-0.4879636460288928,0.0,0.0
2015-05-27,-0.0702528306518175,1.06825285367268,0.04299524989674412,0.0,0.0
2015-05-28,-0.0737315967454064,1.06825285367268,-0.04452804111676188,0.0,0.0
2015-05-29,-0.0774427612391495,1.06825285367268,-0.14276797766864352,0.0,0.0
2015-06-01,-0.086184544881589,1.06825285367268,-0.3980743266291101,0.0,0.0
2015-06-02,-0.0870135889089001,1.06825285367268,-0.4074119859307399,0.0,0.0
2015-06-03,-0.0796969642266836,1.06825285367268,-0.1549542612015367,0.0,0.0
2015-06-04,-0.0854057998278037,1.06825285367268,-0.3345573705073853,0.0,0.0
2015-06-05,-0.0817725870856707,1.06825285367268,-0.20174816451874494,0.0,0.0
2015-06-08,-0.0872498898620373,1.06825285367268,-0.3609720951212228,0.0,0.0
2015-06-09,-0.0714111707599221,1.06825285367268,0.18619141494716462,0.0,0.0
2015-06-10,-0.0607057755572038,1.06825285367268,0.5525993457482551,0.0,0.0
2015-06-11,-0.0321135706758735,1.06825285367268,1.5141512016891365,0.0,0.0
2015-06-12,-0.0480989560010192,1.06825285367268,0.9707963013253675,0.0,0.0
2015-06-15,-0.0344410454781431,1.06825285367268,1.4973248246470456,0.0,0.0
2015-06-16,-0.0308068529661973,1.06825285367268,1.6456197953024707,0.0,0.0
2015-06-17,-0.039360492568325,1.06825285367268,1.3681794831198355,0.0,0.0
2015-06-18,-0.0355208442310619,1.06825285367268,1.5498915376331452,0.0,0.0
2015-06-19,-0.0417083652339327,1.06825285367268,1.3472677261298263,0.0,0.0
2015-06-22,-0.0493445659645912,1.06825285367268,1.0887290467128314,0.0,0.0
2015-06-23,-0.062223190980811,1.06825285367268,0.6224600269275993,0.0,0.0
2015-06-24,-0.0708182730741793,1.06825285367268,0.32812949881984366,0.0,0.0
2015-06-25,-0.0700832871203935,1.06825285367268,0.37633886938538963,0.0,0.0
2015-06-26,-0.0519412345351364,1.06825285367268,1.1189529713603408,0.0,0.0
2015-06-29,-0.0485810779405833,1.06825285367268,1.316175704430543,0.0,0.0
2015-06-30,-0.0521514218823755,1.06825285367268,1.195448963346955,0.0,0.0
2015-07-01,-0.0644577755337154,1.06825285367268,0.6771974122457702,0.0,0.0
2015-07-02,-0.0906148334124239,1.06825285367268,-0.4059817081452546,0.0,0.0
2015-07-03,-0.0707125865072733,1.06825285367268,0.40562470233859604,0.0,0.0
2015-07-06,-0.0733318043426258,1.06825285367268,0.2995629120648894,0.0,0.0
2015-07-07,-0.0566191985259916,1.06825285367268,0.9648166626088517,0.0,0.0
2015-07-08,-0.0647429189070383,1.06825285367268,0.603007778770951,0.0,0.0
2015-07-09,-0.0570151235168543,1.06825285367268,0.8998639762379557,0.0,0.0
2015-07-10,-0.0479297470904782,1.06825285367268,1.2698746507546033,0.0,0.0
2015-07-13,-0.0513907110515052,1.06825285367268,1.0815041684495152,0.0,0.0
2015-07-14,-0.0488774086143104,1.06825285367268,1.1547846380117774,0.0,0.0
2015-07-15,-0.0468475698706907,1.06825285367268,1.204430367273824,0.0,0.0
2015-07-16,-0.0731255830364476,1.06825285367268,0.03773733475014191,0.0,0.0
2015-07-17,-0.0651178590144558,1.06825285367268,0.3732267254611003,0.0,0.0
2015-07-20,-0.0659101927247824,1.06825285367268,0.31895268271360155,0.0,0.0
2015-07-21,-0.0580672766447314,1.06825285367268,0.641387331132456,0.0,0.0
2015-07-22,-0.055080185298002,1.06825285367268,0.7585343156821536,0.0,0.0
2015-07-23,-0.0486921391337542,1.06825285367268,1.0154770379583358,0.0,0.0
2015-07-24,-0.0551683977511583,1.06825285367268,0.7077736425448138,0.0,0.0
2015-07-27,-0.0516645992826267,1.06825285367268,0.835499665275348,0.0,0.0
2015-07-28,-0.0614876942215794,1.06825285367268,0.39278862908734463,0.0,0.0
2015-07-29,-0.0565583253617631,1.06825285367268,0.6114337365708006,0.0,0.0
2015-07-30,-0.0410250030685226,1.06825285367268,1.3880911591705178,0.0,0.0
2015-07-31,-0.0076568380038457,1.06825285367268,3.095731423123709,-1.0,0.0
2015-08-03,-0.0143646783657489,1.06825285367268,2.512932571624504,-1.0,-1.0
2015-08-04,-0.0235743094829468,1.06825285367268,1.9244200306328858,-1.0,-1.0
2015-08-05,-0.0199181637354417,1.06825285367268,2.012161530284904,-1.0,-1.0
2015-08-06,-0.0392509464328245,1.06825285367268,1.0395460752693357,-1.0,-1.0
2015-08-07,-0.0395427893067568,1.06825285367268,0.9924214821175333,-1.0,-1.0
2015-08-10,-0.0411935139529404,1.06825285367268,0.8860456493521873,-1.0,-1.0
2015-08-11,-0.0372138485652646,1.06825285367268,1.0418933066519507,-1.0,-1.0
2015-08-12,-0.0311184290574608,1.06825285367268,1.3083731718321547,-1.0,-1.0
2015-08-13,-0.0316451837490792,1.06825285367268,1.2450187157448824,-1.0,-1.0
2015-08-14,-0.0502758411788901,1.06825285367268,0.30148548994621605,0.0,-1.0
2015-08-17,-0.0627894263730937,1.06825285367268,-0.36204887431847815,0.0,0.0
2015-08-18,-0.0454766667204635,1.06825285367268,0.5080227309983743,0.0,0.0
2015-08-19,-0.0606306217303833,1.06825285367268,-0.31826453654917153,0.0,0.0
2015-08-20,-0.0446055482063014,1.06825285367268,0.5227975922576197,0.0,0.0
2015-08-21,-0.042579306799686,1.06825285367268,0.6088609950139282,0.0,0.0
2015-08-24,-0.0185571064019107,1.06825285367268,1.8829227556171466,0.0,0.0
2015-08-25,-0.005616855733872,1.06825285367268,2.5178706817817194,-1.0,0.0
2015-08-26,0.0100889333383618,1.06825285367268,3.225030303104314,-1.0,-1.0
2015-08-27,-0.0201775008661027,1.06825285367268,1.4533893432621492,-1.0,-1.0
2015-08-28,-0.0096140674680418,1.06825285367268,1.9457118100198854,-1.0,-1.0
2015-08-31,-0.0170895912007198,1.06825285367268,1.5000684017369414,-1.0,-1.0
2015-09-01,0.0200220031886075,1.06825285367268,3.3525710201181624,-1.0,-1.0
2015-09-02,0.0238861152177563,1.06825285367268,3.228780828801244,-1.0,-1.0
2015-09-03,0.0071822904845815,1.06825285367268,2.200828587629922,-1.0,-1.0
2015-09-04,0.0290102529569393,1.06825285367268,3.014765201865707,-1.0,-1.0
2015-09-07,0.0272976185283946,1.06825285367268,2.69312897901056,-1.0,-1.0
2015-09-08,0.0124512692678404,1.06825285367268,1.953755714139185,-1.0,-1.0
2015-09-09,0.0002348264022087,1.06825285367268,1.4286186859356682,-1.0,-1.0
2015-09-10,-0.006003099300563,1.06825285367268,1.1599159312647171,-1.0,-1.0
2015-09-11,0.000333933866937,1.06825285367268,1.3525443926928726,-1.0,-1.0
2015-09-14,-0.0148632032609592,1.06825285367268,0.7823501195284283,-1.0,-1.0
2015-09-15,-0.0117527784128981,1.06825285367268,0.8670436041831321,-1.0,-1.0
2015-09-16,-0.0034032660724925,1.06825285367268,1.1266026951794947,-1.0,-1.0
2015-09-18,-0.0049204787617318,1.06825285367268,1.0377658117253352,-1.0,-1.0
2015-09-21,-0.0148780173221201,1.06825285367268,0.6585412126824132,-1.0,-1.0
2015-09-22,0.000875385586128,1.06825285367268,1.1840698461813646,-1.0,-1.0
2015-09-23,-0.0074738511283447,1.06825285367268,0.8577858318587824,-1.0,-1.0
2015-09-24,0.0014546636477037,1.06825285367268,1.1371786998201707,-1.0,-1.0
2015-09-28,0.0187040176078516,1.06825285367268,1.6927939202661895,-1.0,-1.0
2015-09-29,0.0189451770949622,1.06825285367268,1.6615747523616389,-1.0,-1.0
2015-09-30,0.0282843207652572,1.06825285367268,1.9274980806396778,-1.0,-1.0
2015-10-01,0.0392250547864421,1.06825285367268,2.2306717348040794,-1.0,-1.0
2015-10-05,0.0474286764569207,1.06825285367268,2.3855231076999286,-1.0,-1.0
2015-10-06,0.0316672051305673,1.06825285367268,1.7438877564225443,-1.0,-1.0
2015-10-07,0.0256133769923767,1.06825285367268,1.47935260825036,-1.0,-1.0
2015-10-08,0.0325477701279179,1.06825285367268,1.6436589918516715,-1.0,-1.0
2015-10-09,0.0257601084309753,1.06825285367268,1.3665914874000524,-1.0,-1.0
2015-10-12,0.0164682623859944,1.06825285367268,1.0300393891319373,-1.0,-1.0
2015-10-13,0.0222993189790852,1.06825285367268,1.1769757314874527,-1.0,-1.0
2015-10-14,0.0352961964047322,1.06825285367268,1.5561646070535244,-1.0,-1.0
2015-10-15,0.0337619427422613,1.06825285367268,1.459181028111167,-1.0,-1.0
2015-10-16,0.038800454151481,1.06825285367268,1.5779121119013222,-1.0,-1.0
2015-10-19,0.0382933628270718,1.06825285367268,1.5095731741900105,-1.0,-1.0
2015-10-20,0.0426482081309416,1.06825285367268,1.598733508387141,-1.0,-1.0
2015-10-21,0.038582758239622,1.06825285367268,1.412492239016802,-1.0,-1.0
2015-10-23,0.0369352816358352,1.06825285367268,1.3172593786674518,-1.0,-1.0
2015-10-26,0.0359130146611512,1.06825285367268,1.2446423805262266,-1.0,-1.0
2015-10-27,0.0467533268935866,1.06825285367268,1.5675389766942198,-1.0,-1.0
2015-10-28,0.0296482024972801,1.06825285367268,0.9624442648307665,-1.0,-1.0
2015-10-29,0.0343884568878971,1.06825285367268,1.0886887849443934,-1.0,-1.0
2015-10-30,-0.0065835369233493,1.06825285367268,-0.28835946582913524,0.0,-1.0
2015-11-02,-0.0199150431698882,1.06825285367268,-0.7313802741252363,0.0,0.0
2015-11-03,-0.0129506493647948,1.06825285367268,-0.5052679095797056,0.0,0.0
2015-11-04,0.0002462632276332,1.06825285367268,-0.07475953363778476,0.0,0.0
2015-11-05,0.0344571348571607,1.06825285367268,1.049900132091722,0.0,0.0
2015-11-06,0.0257847621857711,1.06825285367268,0.7239998796415629,0.0,0.0
2015-11-09,0.0049361416740181,1.06825285367268,-0.020078734526211443,0.0,0.0
2015-11-10,0.0169714137183421,1.06825285367268,0.37724161944575446,0.0,0.0
2015-11-13,-0.0223744714319584,1.06825285367268,-1.0461493592002955,0.0,0.0
2015-11-16,-0.0289999335601605,1.06825285367268,-1.2962501684435772,0.0,0.0
2015-11-17,-0.0260692520019141,1.06825285367268,-1.2310280879146425,0.0,0.0
2015-11-18,-0.0307524039456446,1.06825285367268,-1.491636195793554,0.0,0.0
2015-11-19,-0.0262433655737197,1.06825285367268,-1.351334319291818,0.0,0.0
2015-11-20,-0.0247339641963773,1.06825285367268,-1.380171947569768,0.0,0.0
2015-11-23,-0.0320409000586883,1.06825285367268,-1.7365376101836436,0.0,0.0
2015-11-24,-0.0234384390104391,1.06825285367268,-1.403326585095402,0.0,0.0
2015-11-26,-0.0357287856687316,1.06825285367268,-1.915215805800766,0.0,0.0
2015-11-27,-0.0422309330480841,1.06825285367268,-2.1127758057336545,1.0,0.0
2015-11-30,-0.0339313555973133,1.06825285367268,-1.6726754403642812,1.0,1.0
2015-12-01,-0.0232697266252586,1.06825285367268,-1.2226397359971395,1.0,1.0
2015-12-02,-0.0153638640985001,1.06825285367268,-0.8947177606934025,1.0,1.0
2015-12-03,-0.0074320257006723,1.06825285367268,-0.5868526181479834,1.0,1.0
2015-12-04,-0.0079580546612465,1.06825285367268,-0.5890831816745128,1.0,1.0
2015-12-07,-0.0161943951954492,1.06825285367268,-0.8907624373078019,1.0,1.0
2015-12-08,-0.0320362845992816,1.06825285367268,-1.4848866763006834,1.0,1.0
2015-12-09,-0.0251599880714037,1.06825285367268,-1.1653682130115735,1.0,1.0
2015-12-10,-0.0274407162606848,1.06825285367268,-1.2135222783054498,1.0,1.0
2015-12-11,-0.0247720274121361,1.06825285367268,-1.0740362372683947,1.0,1.0
2015-12-14,-0.0266821444607687,1.06825285367268,-1.119865799342167,1.0,1.0
2015-12-15,-0.0421479196528071,1.06825285367268,-1.6700402013222366,1.0,1.0
2015-12-16,-0.0469864708329268,1.06825285367268,-1.782304567464961,1.0,1.0
2015-12-17,-0.0482252245761767,1.06825285367268,-1.7667694266842326,1.0,1.0
2015-12-18,-0.0538196603529668,1.06825285367268,-1.897838030680422,1.0,1.0
2015-12-21,-0.0568188895538304,1.06825285367268,-1.916079497059237,1.0,1.0
2015-12-22,-0.0534598467699627,1.06825285367268,-1.7224859786708244,1.0,1.0
2015-12-23,-0.0529468248216256,1.06825285367268,-1.6471517813781718,1.0,1.0
2015-12-24,-0.0512137082205814,1.06825285367268,-1.5291744515038648,1.0,1.0
2015-12-28,-0.058273488079231,1.06825285367268,-1.6942815064447125,1.0,1.0
2015-12-29,-0.0549042695131234,1.06825285367268,-1.5249242442255129,1.0,1.0
2015-12-30,-0.0627492286022972,1.06825285367268,-1.69741157357041,1.0,1.0
2015-12-31,-0.0717636694231593,1.06825285367268,-1.8868540034623988,1.0,1.0
2016-01-01,-0.0763116655152833,1.06825285367268,-1.9311489870746268,1.0,1.0
2016-01-04,-0.0604773427312563,1.06825285367268,-1.4070595963263564,1.0,1.0
2016-01-05,-0.0717772689268327,1.06825285367268,-1.6833194950354495,1.0,1.0
2016-01-06,-0.061080710821435,1.06825285367268,-1.320812613423576,1.0,1.0
2016-01-07,-0.0530487347186747,1.06825285367268,-1.0529531571648916,1.0,1.0
2016-01-08,-0.0525578754673103,1.06825285367268,-1.0060187253667898,1.0,1.0
2016-01-11,-0.064894557769433,1.06825285367268,-1.3189830319524776,1.0,1.0
2016-01-12,-0.0623854221792932,1.06825285367268,-1.203273629442534,1.0,1.0
2016-01-13,-0.0454474727514533,1.06825285367268,-0.6922610084855954,1.0,1.0
2016-01-14,-0.0474493532278188,1.06825285367268,-0.7230372693453851,1.0,1.0
2016-01-15,-0.0413589861129084,1.06825285367268,-0.5213291088705566,1.0,1.0
2016-01-18,-0.0440780362517667,1.06825285367268,-0.5761514538501313,1.0,1.0
2016-01-19,-0.0365045918682165,1.06825285367268,-0.32023501332182375,0.0,1.0
2016-01-20,-0.0438348924789471,1.06825285367268,-0.5229558189654347,0.0,0.0
2016-01-21,-0.0363244772989235,1.06825285367268,-0.2509376016687491,0.0,0.0
2016-01-22,-0.06451029923792,1.06825285367268,-1.1838987736738626,0.0,0.0
2016-01-25,-0.0508232991630599,1.06825285367268,-0.6811288426111392,0.0,0.0
2016-01-27,-0.0460331519093468,1.06825285367268,-0.4856298153812355,0.0,0.0
2016-01-28,-0.0317286011902799,1.06825285367268,0.10869225172824139,0.0,0.0
2016-01-29,-0.0465727578856665,1.06825285367268,-0.4689817252632552,0.0,0.0
2016-02-01,-0.0435749302178214,1.06825285367268,-0.3165279117577669,0.0,0.0
2016-02-02,-0.0326898975187877,1.06825285367268,0.17018303669532026,0.0,0.0
2016-02-03,-0.0237186734268641,1.06825285367268,0.577477951250679,0.0,0.0
2016-02-04,-0.0356441982222435,1.06825285367268,0.0760803480355472,0.0,0.0
2016-02-05,-0.0544888652712574,1.06825285367268,-0.7829642045157034,0.0,0.0
2016-02-08,-0.0434621881994639,1.06825285367268,-0.19304084162795637,0.0,0.0
2016-02-09,-0.0592183638911087,1.06825285367268,-1.0472186528862022,0.0,0.0
2016-02-10,-0.0566529212041562,1.06825285367268,-0.9096787019769863,0.0,0.0
2016-02-11,-0.0312220449926217,1.06825285367268,0.7017910026872999,0.0,0.0
2016-02-12,-0.0233587893115769,1.06825285367268,1.1952465058721555,0.0,0.0
2016-02-15,-0.0266637297304477,1.06825285367268,0.9834189173266078,0.0,0.0
2016-02-16,-0.0182409973349892,1.06825285367268,1.4967663336938102,0.0,0.0
2016-02-17,-0.0254146620065371,1.06825285367268,1.0338931404963982,0.0,0.0
2016-02-18,-0.0279694713557852,1.06825285367268,0.8787897170931674,0.0,0.0
2016-02-19,-0.0207842509167539,1.06825285367268,1.3108120572459634,0.0,0.0
2016-02-22,-0.0364645945336237,1.06825285367268,0.34901245074384796,0.0,0.0
2016-02-23,-0.0264655552978601,1.06825285367268,0.9588249416419186,0.0,0.0
2016-02-24,-0.0404600168133049,1.06825285367268,0.08983831959401975,0.0,0.0
2016-02-25,-0.0270605642574253,1.06825285367268,0.9080606791627207,0.0,0.0
2016-02-26,-0.0233345310647141,1.06825285367268,1.1420948338175485,0.0,0.0
2016-02-29,-0.0372256665209578,1.06825285367268,0.30910954587991696,0.0,0.0
2016-03-01,-0.0382036080015879,1.06825285367268,0.29093682696081674,0.0,0.0
2016-03-02,-0.0445093773266709,1.06825285367268,-0.08410750639958565,0.0,0.0
2016-03-03,-0.0381527687590725,1.06825285367268,0.3835922267885885,0.0,0.0
2016-03-04,-0.046453431486519,1.06825285367268,-0.18170635310013755,0.0,0.0
2016-03-08,-0.0282324175160919,1.06825285367268,1.1187654524345982,0.0,0.0
2016-03-09,-0.0330295080296165,1.06825285367268,0.7840225969604145,0.0,0.0
2016-03-10,-0.0278855250562264,1.06825285367268,1.167371625722366,0.0,0.0
2016-03-11,-0.0009354521436222,1.06825285367268,3.08719352538225,-1.0,0.0
2016-03-14,0.0077148342740311,1.06825285367268,3.3940503980635026,-1.0,-1.0
2016-03-15,0.002367512916054,1.06825285367268,2.7314500433679614,-1.0,-1.0
2016-03-16,-0.0134363848694007,1.06825285367268,1.627318444248512,-1.0,-1.0
2016-03-17,-0.0251991210854969,1.06825285367268,0.9007237039323434,-1.0,-1.0
2016-03-18,-0.0277407355273444,1.06825285367268,0.7284241859657187,-1.0,-1.0
2016-03-21,-0.0190701270575353,1.06825285367268,1.1915205891446736,-1.0,-1.0
2016-03-22,-0.0153873952762424,1.06825285367268,1.3569056320623536,-1.0,-1.0
2016-03-23,-0.0094371926338556,1.06825285367268,1.6366614384017286,-1.0,-1.0
2016-03-28,-0.0267087590130765,1.06825285367268,0.6317575960612652,-1.0,-1.0
2016-03-29,-0.0237395442429919,1.06825285367268,0.7709107521994919,-1.0,-1.0
2016-03-30,-0.0326828921487161,1.06825285367268,0.24907840218709135,0.0,-1.0
2016-03-31,-0.0218674524202802,1.06825285367268,0.8378853972382305,0.0,0.0
2016-04-01,-0.026964294172699,1.06825285367268,0.5154759863530822,0.0,0.0
2016-04-04,-0.0342161200919335,1.06825285367268,0.05156908665739755,0.0,0.0
2016-04-05,-0.0158980180053598,1.06825285367268,1.1736506131323245,0.0,0.0
2016-04-06,-0.0108768863285844,1.06825285367268,1.4637798992875686,0.0,0.0
2016-04-07,-0.0077130439623491,1.06825285367268,1.6151721475569576,0.0,0.0
2016-04-08,-0.0086579074756825,1.06825285367268,1.4955643778642849,0.0,0.0
2016-04-11,-0.0072773981748417,1.06825285367268,1.5537914286361487,0.0,0.0
2016-04-12,-0.024313346968082,1.06825285367268,0.39882419324595025,0.0,0.0
2016-04-13,-0.0302267363699471,1.06825285367268,-0.012978005376883537,0.0,0.0
2016-04-18,-0.0106719718516155,1.06825285367268,1.2770397164369038,0.0,0.0
2016-04-20,-0.0073994887765769,1.06825285367268,1.450222372293506,0.0,0.0
2016-04-21,-0.0128212916808623,1.06825285367268,1.040418821869377,0.0,0.0
2016-04-22,0.0047132181020188,1.06825285367268,2.155031931370321,-1.0,0.0
2016-04-25,-0.001131313826252,1.06825285367268,1.6717687491238353,-1.0,-1.0
2016-04-26,-0.0140192436046104,1.06825285367268,0.798771806480435,-1.0,-1.0
2016-04-27,-0.0223817452013141,1.06825285367268,0.23518914119856577,0.0,-1.0
2016-04-28,-0.0148438043981755,1.06825285367268,0.7117641319160446,0.0,0.0
2016-04-29,-0.0221070414867279,1.06825285367268,0.19502501875154368,0.0,0.0
2016-05-02,-0.0367369096461018,1.06825285367268,-0.8049360327645751,0.0,0.0
2016-05-03,-0.020313071616087,1.06825285367268,0.29858261768599775,0.0,0.0
2016-05-04,-0.0198083361629501,1.06825285367268,0.31092941534974583,0.0,0.0
2016-05-05,-0.0101676806730193,1.06825285367268,0.9680120511730115,0.0,0.0
2016-05-06,-0.0120216114867623,1.06825285367268,0.8168263292787379,0.0,0.0
2016-05-09,-0.0092197541531362,1.06825285367268,0.9835812535029568,0.0,0.0
2016-05-10,-0.0195418184424385,1.06825285367268,0.22529327069844557,0.0,0.0
2016-05-11,-0.0376641924292169,1.06825285367268,-1.1193700518637395,0.0,0.0
2016-05-12,-0.0216284771702781,1.06825285367268,0.023671426286281105,0.0,0.0
2016-05-13,-0.0012445661359503,1.06825285367268,1.6501225014691259,0.0,0.0
2016-05-16,0.0027912586609204,1.06825285367268,1.9087685442101139,0.0,0.0
2016-05-17,0.0087155816429058,1.06825285367268,2.284529397657427,-1.0,0.0
2016-05-18,-0.0024436380634877,1.06825285367268,1.310404390107378,-1.0,-1.0
2016-05-19,0.000675643658595,1.06825285367268,1.5044304933384818,-1.0,-1.0
2016-05-20,0.0079960565801435,1.06825285367268,1.9827177142719274,-1.0,-1.0
2016-05-23,0.002831282150348,1.06825285367268,1.5182732492887774,-1.0,-1.0
2016-05-24,0.0128834577340946,1.06825285367268,2.1641989676475633,-1.0,-1.0
2016-05-25,0.019992321129683,1.06825285367268,2.5420921766954887,-1.0,-1.0
2016-05-26,0.0025983520442069,1.06825285367268,1.2433371721454411,-1.0,-1.0
2016-05-27,-0.0123225585124338,1.06825285367268,0.22930104644144247,0.0,-1.0
2016-05-30,-0.0183523981412747,1.06825285367268,-0.18267826134805923,0.0,0.0
2016-05-31,-0.0221986657699408,1.06825285367268,-0.44211136988399985,0.0,0.0
2016-06-01,-0.0262078034929302,1.06825285367268,-0.7347295573970695,0.0,0.0
2016-06-02,-0.0277386598012281,1.06825285367268,-0.8642743016190252,0.0,0.0
2016-06-03,-0.0628908033205313,1.06825285367268,-3.3719486340824183,1.0,0.0
2016-06-06,-0.0578074305842077,1.06825285367268,-2.7897358837107147,1.0,1.0
2016-06-07,-0.0650401783093563,1.06825285367268,-3.1561947683436813,1.0,1.0
2016-06-08,-0.056823764071038,1.06825285367268,-2.4137585238405643,1.0,1.0
2016-06-09,-0.0502546782730037,1.06825285367268,-1.9256672524710068,1.0,1.0
2016-06-10,-0.0456607137199611,1.06825285367268,-1.599847206196283,1.0,1.0
2016-06-13,-0.0603373011382268,1.06825285367268,-2.337429376827687,1.0,1.0
2016-06-14,-0.0558650410209811,1.06825285367268,-1.9763482873702356,1.0,1.0
2016-06-15,-0.0595503253719478,1.06825285367268,-2.07679912412044,1.0,1.0
2016-06-16,-0.0502952625321651,1.06825285367268,-1.50418315593071,1.0,1.0
2016-06-17,-0.0388091337513403,1.06825285367268,-0.8896161367998885,1.0,1.0
2016-06-20,-0.0382668251987983,1.06825285367268,-0.8489481622827747,1.0,1.0
2016-06-21,-0.0354719768860878,1.06825285367268,-0.6919994825370094,1.0,1.0
2016-06-22,-0.0206845000144406,1.06825285367268,0.04569458667808162,0.0,1.0
2016-06-23,-0.0162858820165974,1.06825285367268,0.2695508788589669,0.0,0.0
2016-06-24,-0.0210090566914527,1.06825285367268,0.03066716014550128,0.0,0.0
2016-06-27,-0.0306649729234687,1.06825285367268,-0.44258096452219947,0.0,0.0
2016-06-28,-0.0302681326598319,1.06825285367268,-0.4252127218716857,0.0,0.0
2016-06-29,-0.0345039668582165,1.06825285367268,-0.6242380513772862,0.0,0.0
2016-06-30,-0.0424192713661586,1.06825285367268,-1.0012455753697058,0.0,0.0
2016-07-01,-0.0300623174749237,1.06825285367268,-0.39174399034290974,0.0,0.0
2016-07-04,-0.0180270903666093,1.06825285367268,0.20154172433377432,0.0,0.0
2016-07-05,-0.0190754384301019,1.06825285367268,0.1569805733743194,0.0,0.0
2016-07-07,-0.0099261528952645,1.06825285367268,0.6118283730835907,0.0,0.0
2016-07-08,-0.0155626224471046,1.06825285367268,0.3389434952421025,0.0,0.0
2016-07-11,-0.0188820074781688,1.06825285367268,0.18479884393347398,0.0,0.0
2016-07-12,-0.0212290183840853,1.06825285367268,0.0657065093461981,0.0,0.0
2016-07-13,-0.0406562308419591,1.06825285367268,-0.891504311598699,0.0,0.0
2016-07-14,-0.0463209391153585,1.06825285367268,-1.139927987414233,0.0,0.0
2016-07-15,-0.0159757087978622,1.06825285367268,0.3680660780183437,0.0,0.0
2016-07-18,-0.0193297106081731,1.06825285367268,0.20835839715475185,0.0,0.0
2016-07-19,-0.0281453822380051,1.06825285367268,-0.20304422012515486,0.0,0.0
2016-07-20,-0.0228677825922805,1.06825285367268,0.08014887737022415,0.0,0.0
2016-07-21,0.0040502158408264,1.06825285367268,1.4319955384409289,0.0,0.0
2016-07-22,0.0066823000748046,1.06825285367268,1.5158503813873319,0.0,0.0
2016-07-25,0.0136218794819935,1.06825285367268,1.8076244775144126,0.0,0.0
2016-07-26,0.024962098861951,1.06825285367268,2.265466153682852,-1.0,0.0
2016-07-27,0.0202039035771512,1.06825285367268,1.9201669527798375,-1.0,-1.0
2016-07-28,0.0346417212361815,1.06825285367268,2.46868193334759,-1.0,-1.0
2016-07-29,0.0142787013221292,1.06825285367268,1.4613630675608567,-1.0,-1.0
2016-08-01,0.0257249048619643,1.06825285367268,1.8929739385811712,-1.0,-1.0
2016-08-02,0.0167167743493612,1.06825285367268,1.454166171788926,-1.0,-1.0
2016-08-03,0.0199169731698054,1.06825285367268,1.5401395144918197,-1.0,-1.0
2016-08-04,0.020077868541751,1.06825285367268,1.4913743605933036,-1.0,-1.0
2016-08-05,0.0016492934533482,1.06825285367268,0.7317735676334186,-1.0,-1.0
2016-08-08,0.005868511758015,1.06825285367268,0.8742785236073172,-1.0,-1.0
2016-08-09,0.013333650413168,1.06825285367268,1.1495470201342686,-1.0,-1.0
2016-08-10,0.0018233491942849,1.06825285367268,0.7025289347813709,-1.0,-1.0
2016-08-11,-0.0018372090679834,1.06825285367268,0.5712094305596838,-1.0,-1.0
2016-08-12,0.0009762962079049,1.06825285367268,0.6769386135942487,-1.0,-1.0
2016-08-16,-0.0139370959755016,1.06825285367268,0.11362150805987087,0.0,-1.0
2016-08-17,0.0021657610718559,1.06825285367268,0.7409501551493519,0.0,0.0
2016-08-18,-0.0095275790909736,1.06825285367268,0.29664759582635336,0.0,0.0
2016-08-19,-0.0061260524744524,1.06825285367268,0.44502035676417123,0.0,0.0
2016-08-22,0.0045607572272707,1.06825285367268,0.8873442369403779,0.0,0.0
2016-08-23,-0.0020954711845861,1.06825285367268,0.6251016027061473,0.0,0.0
2016-08-24,0.0079956713896249,1.06825285367268,1.0097158730047158,0.0,0.0
2016-08-25,0.0002734488401072,1.06825285367268,0.6860465411166538,0.0,0.0
2016-08-26,-0.0009478506498359,1.06825285367268,0.6221756659542345,0.0,0.0
2016-08-29,-0.0169978586463663,1.06825285367268,-0.011659011922717483,0.0,0.0
2016-08-30,0.000903668048763,1.06825285367268,0.6699656806644353,0.0,0.0
2016-08-31,-0.0093084568798182,1.06825285367268,0.24217887586520218,0.0,0.0
2016-09-01,-0.020152717821837,1.06825285367268,-0.2224905628440173,0.0,0.0
2016-09-02,-0.0228770502999431,1.06825285367268,-0.376195798863423,0.0,0.0
2016-09-06,-0.0168687198520371,1.06825285367268,-0.1523198778451606,0.0,0.0
2016-09-07,-0.0090473357170779,1.06825285367268,0.16393541846396076,0.0,0.0
2016-09-08,-0.0275814749908223,1.06825285367268,-0.6908348831253491,0.0,0.0
2016-09-09,-0.0256324446024205,1.06825285367268,-0.6516932725763804,0.0,0.0
2016-09-12,-0.0265378987048938,1.06825285367268,-0.7417803064588708,0.0,0.0
2016-09-14,-0.0250379462870702,1.06825285367268,-0.7270666232694942,0.0,0.0
2016-09-15,-0.0205811114743026,1.06825285367268,-0.5405344665771648,0.0,0.0
2016-09-16,-0.0037738404350502,1.06825285367268,0.31927869785783713,0.0,0.0
2016-09-19,-0.0047463803374494,1.06825285367268,0.24235845098223247,0.0,0.0
2016-09-20,0.0074589274831238,1.06825285367268,0.8845886117934166,0.0,0.0
2016-09-21,0.0168621074916108,1.06825285367268,1.3684232138258365,0.0,0.0
2016-09-22,0.0184477986286415,1.06825285367268,1.4053889772932242,0.0,0.0
2016-09-23,0.0215333511290616,1.06825285367268,1.517933540211299,0.0,0.0
2016-09-26,0.0201766613858822,1.06825285367268,1.3926095213381304,0.0,0.0
2016-09-27,0.0261257025738679,1.06825285367268,1.6593807395087663,0.0,0.0
2016-09-28,0.0268983017433228,1.06825285367268,1.6437168883386422,0.0,0.0
2016-09-29,0.0264277668741597,1.06825285367268,1.5787945218485604,0.0,0.0
2016-09-30,0.0167149509519006,1.06825285367268,1.008482697532161,0.0,0.0
2016-10-03,0.0128404573504807,1.06825285367268,0.7700388742533023,0.0,0.0
2016-10-04,0.0097282649653447,1.06825285367268,0.5782279893997356,0.0,0.0
2016-10-05,0.0200138239417206,1.06825285367268,1.1069484804707896,0.0,0.0
2016-10-06,0.0156212185901596,1.06825285367268,0.8380919266033757,0.0,0.0
2016-10-07,0.0150453544485875,1.06825285367268,0.7793771588689381,0.0,0.0
2016-10-10,0.0213185751584541,1.06825285367268,1.0871329517550172,0.0,0.0
2016-10-13,0.015160495875139,1.06825285367268,0.7279027401323711,0.0,0.0
2016-10-14,0.0014850910541541,1.06825285367268,-0.08985352163403804,0.0,0.0
2016-10-17,-0.0005805324135197,1.06825285367268,-0.23077561104839203,0.0,0.0
2016-10-18,0.0049289774517848,1.06825285367268,0.07905320510733337,0.0,0.0
2016-10-19,0.0093901063518719,1.06825285367268,0.3252637709937396,0.0,0.0
2016-10-20,0.0094025362990821,1.06825285367268,0.2997392159583599,0.0,0.0
2016-10-21,0.008855147416761,1.06825285367268,0.2589146764388793,0.0,0.0
2016-10-24,-0.0047541540027538,1.06825285367268,-0.6112112182711907,0.0,0.0
2016-10-25,-0.0142098200292872,1.06825285367268,-1.194188187269653,0.0,0.0
2016-10-26,-0.0564060504293477,1.06825285367268,-3.854340990095858,1.0,0.0
2016-10-27,-0.0396605535592566,1.06825285367268,-2.439718716032246,1.0,1.0
2016-10-28,-0.0508792197000484,1.06825285367268,-2.9606890295579706,1.0,1.0
2016-11-01,-0.0321382738260558,1.06825285367268,-1.723762395534736,1.0,1.0
2016-11-02,-0.0409754040092176,1.06825285367268,-2.1248891084710597,1.0,1.0
2016-11-03,-0.0365921240747981,1.06825285367268,-1.7903584321848964,1.0,1.0
2016-11-04,-0.0371478085520671,1.06825285367268,-1.7435378967501565,1.0,1.0
2016-11-07,-0.0354699346827871,1.06825285367268,-1.5894425497826805,1.0,1.0
2016-11-08,-0.04477004682668,1.06825285367268,-1.981781888460325,1.0,1.0
2016-11-09,-0.0606732119781581,1.06825285367268,-2.637849266236638,1.0,1.0
2016-11-10,-0.0353800075391603,1.06825285367268,-1.3154757731421471,1.0,1.0
2016-11-11,-0.0327630090526236,1.06825285367268,-1.1542460331631983,1.0,1.0
2016-11-15,-0.0147236936042887,1.06825285367268,-0.32384609345779686,0.0,1.0
2016-11-16,0.0029742457773389,1.06825285367268,0.4684199450309938,0.0,0.0
2016-11-17,-0.0163351853743165,1.06825285367268,-0.39549688644312014,0.0,0.0
2016-11-18,-0.0358559264310276,1.06825285367268,-1.2425143512315013,0.0,0.0
2016-11-21,-0.0234622384771068,1.06825285367268,-0.6683126821178249,0.0,0.0
2016-11-22,-0.0336257839632976,1.06825285367268,-1.0941422859390604,0.0,0.0
2016-11-23,-0.0399894966158118,1.06825285367268,-1.3331197451077834,0.0,0.0
2016-11-24,-0.0223003811270086,1.06825285367268,-0.5367167617718921,0.0,0.0
2016-11-25,-0.0164557879648734,1.06825285367268,-0.267692400141758,0.0,0.0
2016-11-28,-0.0176979147995028,1.06825285367268,-0.30906907662607974,0.0,0.0
2016-11-29,-0.0157357722160069,1.06825285367268,-0.21364983045361757,0.0,0.0
2016-11-30,-0.0125089291819087,1.06825285367268,-0.07689697238119904,0.0,0.0
2016-12-01,0.0004818509844817,1.06825285367268,0.48800567392163235,0.0,0.0
2016-12-02,0.0247882473372103,1.06825285367268,1.5174432607742216,0.0,0.0
2016-12-05,0.0216789243095938,1.06825285367268,1.329533954097228,0.0,0.0
2016-12-06,0.0139592118271583,1.06825285367268,0.963074596458529,0.0,0.0
2016-12-07,0.0026336298545981,1.06825285367268,0.4691627859553032,0.0,0.0
2016-12-08,-0.0029330796314237,1.06825285367268,0.23153729229923,0.0,0.0
2016-12-09,0.0009282909966179,1.06825285367268,0.3751704247269445,0.0,0.0
2016-12-12,0.0116088452841047,1.06825285367268,0.8006852085648009,0.0,0.0
2016-12-13,0.0115187393860756,1.06825285367268,0.7706648678342284,0.0,0.0
2016-12-14,0.0071987598813487,1.06825285367268,0.5663829963905003,0.0,0.0
2016-12-15,0.0124502038933371,1.06825285367268,0.7650993116252416,0.0,0.0
2016-12-16,0.0256432798921792,1.06825285367268,1.294586933249015,0.0,0.0
2016-12-19,0.0201216944251152,1.06825285367268,1.0315770993496973,0.0,0.0
2016-12-20,0.0264199103232725,1.06825285367268,1.2707670828489774,0.0,0.0
2016-12-21,0.0226568395713808,1.06825285367268,1.1044745259657023,0.0,0.0
2016-12-22,0.0267071382007255,1.06825285367268,1.2605679929555107,0.0,0.0
2016-12-23,0.0399538713598408,1.06825285367268,1.7800991603256353,0.0,0.0
2016-12-26,0.0314757419354387,1.06825285367268,1.4033679673068835,0.0,0.0
2016-12-27,0.0384679546268733,1.06825285367268,1.6659533423253234,0.0,0.0
2016-12-28,0.0384257313460016,1.06825285367268,1.638897688852432,0.0,0.0
2016-12-29,0.0533287390369112,1.06825285367268,2.1817874749400543,-1.0,0.0
2016-12-30,0.0447657197919824,1.06825285367268,1.7713441807084092,-1.0,-1.0
2017-01-02,0.0444906236712565,1.06825285367268,1.702206963077253,-1.0,-1.0
2017-01-03,0.0430260257492944,1.06825285367268,1.5929199290139022,-1.0,-1.0
2017-01-04,0.0638397678751863,1.06825285367268,2.2763457860496,-1.0,-1.0
2017-01-05,0.0592976385815466,1.06825285367268,2.011186876342405,-1.0,-1.0
2017-01-06,0.0385452432371549,1.06825285367268,1.2551929943389835,-1.0,-1.0
2017-01-09,0.0512290829839345,1.06825285367268,1.6413400166262173,-1.0,-1.0
2017-01-10,0.062015601651014,1.06825285367268,1.9285248692369679,-1.0,-1.0
2017-01-11,0.0547159247045136,1.06825285367268,1.6180317108446522,-1.0,-1.0
2017-01-12,0.0561860011138612,1.06825285367268,1.6003260383011622,-1.0,-1.0
2017-01-13,0.0544531054529588,1.06825285367268,1.491611755047649,-1.0,-1.0
2017-01-16,0.0616182992041478,1.06825285367268,1.6491261841937521,-1.0,-1.0
2017-01-17,0.0618816669534822,1.06825285367268,1.5961220383573624,-1.0,-1.0
2017-01-18,0.0577083822291424,1.06825285367268,1.4242410698619126,-1.0,-1.0
2017-01-19,0.0568712665092974,1.06825285367268,1.351074347554078,-1.0,-1.0
2017-01-20,0.0644935612596828,1.06825285367268,1.5071764792361293,-1.0,-1.0
2017-01-23,0.0569485519183894,1.06825285367268,1.260916084658671,-1.0,-1.0
2017-01-24,0.0598375068101519,1.06825285367268,1.299005445339639,-1.0,-1.0
2017-01-25,0.0058297658782038,1.06825285367268,-0.21328952795216363,0.0,-1.0
2017-01-27,0.0205597269476314,1.06825285367268,0.17446325498860288,0.0,0.0
2017-01-30,0.0281026505546702,1.06825285367268,0.3623613609739122,0.0,0.0
2017-01-31,0.0314238804743256,1.06825285367268,0.4334873397608292,0.0,0.0
2017-02-01,0.0421268166181869,1.06825285367268,0.7226360020638527,0.0,0.0
2017-02-02,0.0459328940733296,1.06825285367268,0.8101297093716385,0.0,0.0
2017-02-03,0.062492832300518,1.06825285367268,1.2935881217334597,0.0,0.0
2017-02-06,0.0628641470002948,1.06825285367268,1.2950615564181553,0.0,0.0
2017-02-07,0.0483355078625544,1.06825285367268,0.7909043721480873,0.0,0.0
2017-02-08,0.0551596267136789,1.06825285367268,0.9934804635609765,0.0,0.0
2017-02-09,0.0461646231817498,1.06825285367268,0.6597952829002438,0.0,0.0
2017-02-10,0.0379770049771241,1.06825285367268,0.3612963050290127,0.0,0.0
2017-02-13,0.0236599743108625,1.06825285367268,-0.15370479925334993,0.0,0.0
2017-02-14,0.0281920826630424,1.06825285367268,-0.03383647976159753,0.0,0.0
2017-02-15,0.0447638181661833,1.06825285367268,0.5449015800304942,0.0,0.0
2017-02-16,0.037954658010765,1.06825285367268,0.2573474402325452,0.0,0.0
2017-02-17,0.0689216778252896,1.06825285367268,1.507426937943677,0.0,0.0
2017-02-20,0.0911914088484415,1.06825285367268,2.434786785506638,-1.0,0.0
2017-02-21,0.0946199461923127,1.06825285367268,2.4852332380216633,-1.0,-1.0
2017-02-22,0.0857146224334393,1.06825285367268,2.017924455870552,-1.0,-1.0
2017-02-23,0.0621638177876215,1.06825285367268,0.9658694537006672,-1.0,-1.0
2017-02-27,0.0755169341525432,1.06825285367268,1.5363368493648133,-1.0,-1.0
2017-02-28,0.0708693583156714,1.06825285367268,1.2866176206956874,-1.0,-1.0
2017-03-01,0.0430133319411734,1.06825285367268,0.011844768188280308,0.0,-1.0
2017-03-02,0.0450992981916211,1.06825285367268,0.08892312301278979,0.0,0.0
2017-03-03,0.0515902665669321,1.06825285367268,0.359867631088992,0.0,0.0
2017-03-06,0.0419115311249305,1.06825285367268,-0.11736895622153011,0.0,0.0
2017-03-07,0.0483975479104117,1.06825285367268,0.1561105887809266,0.0,0.0
2017-03-08,0.0424369539814977,1.06825285367268,-0.179035637239769,0.0,0.0
2017-03-09,0.0431604071157964,1.06825285367268,-0.17292922499069127,0.0,0.0
2017-03-10,0.0429275510136939,1.06825285367268,-0.21867380534227204,0.0,0.0
2017-03-14,0.0411670641523862,1.06825285367268,-0.3588171949952251,0.0,0.0
2017-03-15,0.0351685342725707,1.06825285367268,-0.7434908516476881,0.0,0.0
2017-03-16,0.0265624810395355,1.06825285367268,-1.2598525095807127,0.0,0.0
2017-03-17,0.0365012713179293,1.06825285367268,-0.6951075253351923,0.0,0.0
2017-03-20,0.0356972299526328,1.06825285367268,-0.7597239151292308,0.0,0.0
2017-03-21,0.0328988462876287,1.06825285367268,-0.9528346966602889,0.0,0.0
2017-03-22,0.0226114472319416,1.06825285367268,-1.5892851516058455,0.0,0.0
2017-03-23,0.0152649384397713,1.06825285367268,-1.9799936531380113,0.0,0.0
2017-03-24,-0.0030164504283396,1.06825285367268,-2.9795626837897036,1.0,0.0
2017-03-27,-0.0032402744631481,1.06825285367268,-2.761162009719596,1.0,1.0
2017-03-28,0.0185182453586536,1.06825285367268,-1.4543338109920012,1.0,1.0
2017-03-29,0.0267174829520984,1.06825285367268,-0.9882184283085661,1.0,1.0
2017-03-30,0.0433331405470722,1.06825285367268,-0.1342780988450871,0.0,1.0
2017-03-31,0.0184017645046381,1.06825285367268,-1.3800374517950733,0.0,0.0
2017-04-03,0.0073159755502025,1.06825285367268,-1.8844505957677322,0.0,0.0
2017-04-05,-0.0100957360553657,1.06825285367268,-2.6375747976024555,1.0,0.0
2017-04-06,-0.0112000490603838,1.06825285367268,-2.5052563364303655,1.0,1.0
2017-04-07,0.014731993245193,1.06825285367268,-1.2175962668902556,1.0,1.0
2017-04-10,0.0062725622706141,1.06825285367268,-1.5429634422731235,1.0,1.0
2017-04-11,0.005500663878089,1.06825285367268,-1.51648077422335,1.0,1.0
2017-04-12,0.0104166058761538,1.06825285367268,-1.2523680082618172,1.0,1.0
2017-04-13,0.0079369877982857,1.06825285367268,-1.3125252020124332,1.0,1.0
2017-04-17,-0.004289236756203,1.06825285367268,-1.7690573914692294,1.0,1.0
2017-04-18,0.0101770714085578,1.06825285367268,-1.1097030707764806,1.0,1.0
2017-04-19,0.0187067665351206,1.06825285367268,-0.7293310544998688,1.0,1.0
2017-04-20,0.0113364833923084,1.06825285367268,-1.0020107772315847,1.0,1.0
2017-04-21,0.0451888632369437,1.06825285367268,0.394554243179421,0.0,1.0
2017-04-24,0.0507875254180074,1.06825285367268,0.639780521255467,0.0,0.0
2017-04-25,0.0507134539602951,1.06825285367268,0.6430467294539833,0.0,0.0
2017-04-26,0.0567306926747219,1.06825285367268,0.89980123163941,0.0,0.0
2017-04-27,0.0490734187307699,1.06825285367268,0.5537154270275026,0.0,0.0
2017-04-28,0.0521540671521485,1.06825285367268,0.6619251475353701,0.0,0.0
2017-05-02,0.0296061273851186,1.06825285367268,-0.286059330439052,0.0,0.0
2017-05-03,0.0331109004253349,1.06825285367268,-0.14025396176654578,0.0,0.0
2017-05-04,0.040422746072255,1.06825285367268,0.16738506118534818,0.0,0.0
2017-05-05,0.0353697949997702,1.06825285367268,-0.03721504627641757,0.0,0.0
2017-05-08,0.0381833384400085,1.06825285367268,0.09858078629913626,0.0,0.0
2017-05-09,0.0393909377470116,1.06825285367268,0.16792310470951258,0.0,0.0
2017-05-10,0.0255624636788267,1.06825285367268,-0.4097484677244181,0.0,0.0
2017-05-11,0.0115912728629359,1.06825285367268,-0.9840189245522566,0.0,0.0
2017-05-12,-0.0051826803168832,1.06825285367268,-1.661996340528241,0.0,0.0
2017-05-15,-0.0247235909228713,1.06825285367268,-2.4025171479348546,1.0,0.0
2017-05-16,-0.0058429985318504,1.06825285367268,-1.5199633512290338,1.0,1.0
2017-05-17,0.0022229741706487,1.06825285367268,-1.1573342232275066,1.0,1.0
2017-05-18,0.0116099911918094,1.06825285367268,-0.7594523185183001,1.0,1.0
2017-05-19,0.02052111582032,1.06825285367268,-0.39873185521002513,0.0,1.0
2017-05-22,0.0254891543784339,1.06825285367268,-0.1810142921320756,0.0,0.0
2017-05-23,0.0222369415793766,1.06825285367268,-0.2787973263163853,0.0,0.0
2017-05-24,0.0254636132492853,1.06825285367268,-0.10392068572695595,0.0,0.0
2017-05-25,0.0340956503732368,1.06825285367268,0.33654154862743324,0.0,0.0
2017-05-26,0.0300468173999917,1.06825285367268,0.1744136360748326,0.0,0.0
2017-05-29,0.0298015029162277,1.06825285367268,0.2086343292467748,0.0,0.0
2017-05-30,0.0353579397530197,1.06825285367268,0.543333231420955,0.0,0.0
2017-05-31,0.0351936815697371,1.06825285367268,0.5441738400797969,0.0,0.0
2017-06-01,0.0343041557386936,1.06825285367268,0.5098840520919675,0.0,0.0
2017-06-02,0.0348864771830577,1.06825285367268,0.5643239871872969,0.0,0.0
2017-06-05,0.0337466577242357,1.06825285367268,0.5120442291098685,0.0,0.0
2017-06-06,0.0364860880402844,1.06825285367268,0.6808977197057781,0.0,0.0
2017-06-07,0.0351301746278078,1.06825285367268,0.6153182356195004,0.0,0.0
2017-06-08,0.0263446729180696,1.06825285367268,0.14281964720941223,0.0,0.0
2017-06-09,0.0328623779572545,1.06825285367268,0.5218409693832071,0.0,0.0
2017-06-12,0.0431798704467603,1.06825285367268,1.1096372561199075,0.0,0.0
2017-06-13,0.0506705979596322,1.06825285367268,1.5109578885936825,0.0,0.0
2017-06-14,0.0541498962748017,1.06825285367268,1.6510811646713432,0.0,0.0
2017-06-15,0.0560738008262653,1.06825285367268,1.7078852035666028,0.0,0.0
2017-06-16,0.0369913541031037,1.06825285367268,0.6545117331610051,0.0,0.0
2017-06-19,0.0457464882312246,1.06825285367268,1.107675631564459,0.0,0.0
2017-06-20,0.0468673713886964,1.06825285367268,1.1347375257251964,0.0,0.0
2017-06-21,0.0444178639885892,1.06825285367268,0.9724537834791105,0.0,0.0
2017-06-22,0.0376167761620136,1.06825285367268,0.5890158716029387,0.0,0.0
2017-06-23,0.0398384438637968,1.06825285367268,0.681143871432143,0.0,0.0
2017-06-27,0.0446553451029618,1.06825285367268,0.9151777819774455,0.0,0.0
2017-06-28,0.0467338639181509,1.06825285367268,1.0021308718459891,0.0,0.0
2017-06-29,0.0778476173147471,1.06825285367268,2.6225026205029787,-1.0,0.0
2017-06-30,0.0629077891480971,1.06825285367268,1.699028953697468,-1.0,-1.0
2017-07-03,0.0746048962631533,1.06825285367268,2.2029520166000784,-1.0,-1.0
2017-07-04,0.0602908521224403,1.06825285367268,1.4238625753861864,-1.0,-1.0
2017-07-05,0.0563355994092962,1.06825285367268,1.1981179496374648,-1.0,-1.0
2017-07-06,0.0639700946668275,1.06825285367268,1.5345527944272277,-1.0,-1.0
2017-07-07,0.0620795343363171,1.06825285367268,1.3879611549039266,-1.0,-1.0
2017-07-10,0.0639047542132571,1.06825285367268,1.4330730552347644,-1.0,-1.0
2017-07-11,0.0765749622156324,1.06825285367268,2.0043049559339807,-1.0,-1.0
2017-07-12,0.0787543106052348,1.06825285367268,2.021405087952696,-1.0,-1.0
2017-07-13,0.0740529741218996,1.06825285367268,1.729643319129753,-1.0,-1.0
2017-07-14,0.0552761990767098,1.06825285367268,0.7657883085465844,-1.0,-1.0
2017-07-17,0.0539745077199604,1.06825285367268,0.6768330531670937,-1.0,-1.0
2017-07-18,0.0575264321597535,1.06825285367268,0.8237498158854045,-1.0,-1.0
2017-07-19,0.0441767841523939,1.06825285367268,0.1635574662993588,0.0,-1.0
2017-07-20,0.0704754066642161,1.06825285367268,1.4439194693708717,0.0,0.0
2017-07-21,0.0448827161467635,1.06825285367268,0.18459453417364335,0.0,0.0
2017-07-24,0.0704971652130543,1.06825285367268,1.4231922745524448,0.0,0.0
2017-07-25,0.0785090372231458,1.06825285367268,1.7628212369455172,0.0,0.0
2017-07-26,0.0845545924845092,1.06825285367268,1.980867194933578,0.0,0.0
2017-07-27,0.095872573292536,1.06825285367268,2.390647722083179,-1.0,0.0
2017-07-28,0.0741631165842218,1.06825285367268,1.3120293428150123,-1.0,-1.0
2017-07-31,0.0680756194953167,1.06825285367268,1.0125670592161546,-1.0,-1.0
2017-08-01,0.0818836757256296,1.06825285367268,1.5623199267702503,-1.0,-1.0
2017-08-02,0.0834303628099855,1.06825285367268,1.5663183980845297,-1.0,-1.0
2017-08-03,0.0923122185523981,1.06825285367268,1.8654182936543813,-1.0,-1.0
2017-08-04,0.0982965717881105,1.06825285367268,2.017189387299473,-1.0,-1.0
2017-08-07,0.0955252092471665,1.06825285367268,1.8216532371567677,-1.0,-1.0
2017-08-08,0.1005280668417407,1.06825285367268,1.973410956888886,-1.0,-1.0
2017-08-09,0.0878629888616098,1.06825285367268,1.4592371384601308,-1.0,-1.0
2017-08-10,0.0808674538261655,1.06825285367268,1.1449085026726789,-1.0,-1.0
2017-08-11,0.0793120767376347,1.06825285367268,1.0568834156448776,-1.0,-1.0
2017-08-14,0.0943468442153072,1.06825285367268,1.7103778422030969,-1.0,-1.0
2017-08-16,0.0886023846744175,1.06825285367268,1.394174861593898,-1.0,-1.0
2017-08-17,0.0920676077979276,1.06825285367268,1.5069379324346643,-1.0,-1.0
2017-08-18,0.0904367473968843,1.06825285367268,1.3878788566780806,-1.0,-1.0
2017-08-21,0.1006307387387659,1.06825285367268,1.8125830437422517,-1.0,-1.0
2017-08-22,0.1014317510614226,1.06825285367268,1.7743500966171866,-1.0,-1.0
2017-08-23,0.1057098052982814,1.06825285367268,1.8995481181254021,-1.0,-1.0
2017-08-24,0.108835301885211,1.06825285367268,1.9635822393566866,-1.0,-1.0
2017-08-28,0.1043617900470756,1.06825285367268,1.6825633984805703,-1.0,-1.0
2017-08-29,0.1080108732637574,1.06825285367268,1.7779642915288871,-1.0,-1.0
2017-08-30,0.1130867686025407,1.06825285367268,1.9283284295455132,-1.0,-1.0
2017-08-31,0.112441949644082,1.06825285367268,1.8218470958545325,-1.0,-1.0
2017-09-01,0.0894852580591845,1.06825285367268,0.7873219850182509,-1.0,-1.0
2017-09-04,0.0956587920912808,1.06825285367268,1.0235607060152099,-1.0,-1.0
2017-09-05,0.0870068269011223,1.06825285367268,0.6192819740555858,-1.0,-1.0
2017-09-06,0.081251983119297,1.06825285367268,0.3377794186254228,0.0,-1.0
2017-09-07,0.087869092525139,1.06825285367268,0.6146041181830817,0.0,0.0
2017-09-08,0.0847411820098473,1.06825285367268,0.44332203321111335,0.0,0.0
2017-09-11,0.1056286411470477,1.06825285367268,1.4051736060164675,0.0,0.0
2017-09-12,0.0960422200214052,1.06825285367268,0.9066540941723605,0.0,0.0
2017-09-13,0.1013335489456492,1.06825285367268,1.1246281558614393,0.0,0.0
2017-09-14,0.1132256916721585,1.06825285367268,1.6666778769904054,0.0,0.0
2017-09-15,0.1211111054255216,1.06825285367268,1.9875509058436625,0.0,0.0
2017-09-18,0.1146323764686405,1.06825285367268,1.6011535966775916,0.0,0.0
2017-09-19,0.0908194622161895,1.06825285367268,0.42207168945175616,0.0,0.0
2017-09-20,0.1019378995439224,1.06825285367268,0.9437167097747207,0.0,0.0
2017-09-21,0.0904562888369993,1.06825285367268,0.33672666357553693,0.0,0.0
2017-09-22,0.0898187880276877,1.06825285367268,0.274671308437522,0.0,0.0
2017-09-25,0.1000562559258471,1.06825285367268,0.8055686836179327,0.0,0.0
2017-09-26,0.1018028385167477,1.06825285367268,0.8775210362083565,0.0,0.0
2017-09-27,0.1085370916485342,1.06825285367268,1.2181652404934542,0.0,0.0
2017-09-28,0.0914527516335832,1.06825285367268,0.24671102100435813,0.0,0.0
2017-09-29,0.1004217234186279,1.06825285367268,0.7197192526355415,0.0,0.0
2017-10-03,0.0975912612844469,1.06825285367268,0.5337239013633976,0.0,0.0
2017-10-04,0.0669872330592866,1.06825285367268,-1.2507013848728026,0.0,0.0
2017-10-05,0.0644064334330671,1.06825285367268,-1.413268668406798,0.0,0.0
2017-10-06,0.0583325851788059,1.06825285367268,-1.7666210043414676,0.0,0.0
2017-10-09,0.0450883824397116,1.06825285367268,-2.4626311391222635,1.0,0.0
2017-10-10,0.0433066494006935,1.06825285367268,-2.4177957664481498,1.0,1.0
2017-10-11,0.0483284329534789,1.06825285367268,-2.030047536840145,1.0,1.0
2017-10-12,0.0502267496827801,1.06825285367268,-1.9041635698747261,1.0,1.0
2017-10-13,0.0429566113760335,1.06825285367268,-2.2607569074133376,1.0,1.0
2017-10-16,0.0462336215319076,1.06825285367268,-2.033509710110004,1.0,1.0
2017-10-17,0.0469071829136327,1.06825285367268,-2.008937545416243,1.0,1.0
2017-10-18,0.0391839457067826,1.06825285367268,-2.311451077476638,1.0,1.0
2017-10-19,0.0462086542031974,1.06825285367268,-1.9451398915467444,1.0,1.0
2017-10-23,0.0704165745490641,1.06825285367268,-0.739568161324031,1.0,1.0
2017-10-24,0.0682856750422464,1.06825285367268,-0.8303575583731662,1.0,1.0
2017-10-25,0.0857238687209784,1.06825285367268,-0.0018685611768545843,0.0,1.0
2017-10-26,0.0770725541618926,1.06825285367268,-0.3971880545934467,0.0,0.0
2017-10-27,0.0641374478578509,1.06825285367268,-1.0033707778941703,0.0,0.0
2017-10-30,0.0775248873519194,1.06825285367268,-0.37465025241779576,0.0,0.0
2017-10-31,0.0779418920670877,1.06825285367268,-0.351541808389758,0.0,0.0
2017-11-01,0.0856695162988732,1.06825285367268,0.011882479287669718,0.0,0.0
2017-11-02,0.0911809824148148,1.06825285367268,0.27319487127384334,0.0,0.0
2017-11-03,0.1001415180002656,1.06825285367268,0.6968914397530134,0.0,0.0
2017-11-06,0.1050598735616814,1.06825285367268,0.9204950703854268,0.0,0.0
2017-11-07,0.0986273216472879,1.06825285367268,0.6161283277092551,0.0,0.0
2017-11-08,0.1018653779712037,1.06825285367268,0.7556097062219583,0.0,0.0
2017-11-09,0.1093145955581622,1.06825285367268,1.0790702125763263,0.0,0.0
2017-11-10,0.1188828901053469,1.06825285367268,1.4833438504972087,0.0,0.0
2017-11-13,0.1128371417379288,1.06825285367268,1.1687929854715888,0.0,0.0
2017-11-14,0.1018204526932864,1.06825285367268,0.6492874225430667,0.0,0.0
2017-11-15,0.0875849056649817,1.06825285367268,0.01075592905101257,0.0,0.0
2017-11-16,0.0854493010755632,1.06825285367268,-0.08156468587650668,0.0,0.0
2017-11-17,0.0892553840618255,1.06825285367268,0.09819562274826583,0.0,0.0
2017-11-20,0.0781713783649724,1.06825285367268,-0.38564611912044633,0.0,0.0
2017-11-21,0.0936100404746591,1.06825285367268,0.3233535440293474,0.0,0.0
2017-11-22,0.1022138552740168,1.06825285367268,0.725071584262485,0.0,0.0
2017-11-23,0.0998361849765316,1.06825285367268,0.6203172492096645,0.0,0.0
2017-11-24,0.0958771024541436,1.06825285367268,0.45009035016741245,0.0,0.0
2017-11-27,0.0928877884200822,1.06825285367268,0.3312519454120992,0.0,0.0
2017-11-28,0.1039023449228651,1.06825285367268,0.8618340641914658,0.0,0.0
2017-11-29,0.1118960644458075,1.06825285367268,1.2146646245943482,0.0,0.0
2017-11-30,0.1287375299599586,1.06825285367268,1.9589103225777755,0.0,0.0
2017-12-01,0.1205991491259812,1.06825285367268,1.5079231607582613,0.0,0.0
2017-12-04,0.1206202706702592,1.06825285367268,1.4533539855343962,0.0,0.0
2017-12-05,0.1111182268518469,1.06825285367268,0.9989268281413863,0.0,0.0
2017-12-06,0.1018666015123779,1.06825285367268,0.5799767857866992,0.0,0.0
2017-12-07,0.1032997723129902,1.06825285367268,0.6445564921863588,0.0,0.0
2017-12-08,0.1122859948236261,1.06825285367268,1.0185345197336844,0.0,0.0
2017-12-11,0.116070231333941,1.06825285367268,1.1639925368714623,0.0,0.0
2017-12-12,0.110228732242307,1.06825285367268,0.9139610105080432,0.0,0.0
2017-12-13,0.0956526679678999,1.06825285367268,0.3119250828723172,0.0,0.0
2017-12-14,0.0945664492360753,1.06825285367268,0.2820726729552154,0.0,0.0
2017-12-15,0.1079757610784781,1.06825285367268,0.8530975276355222,0.0,0.0
2017-12-18,0.1180871386333439,1.06825285367268,1.2774754990114168,0.0,0.0
2017-12-19,0.1229695659054979,1.06825285367268,1.4466431454842423,0.0,0.0
2017-12-20,0.1233415605296546,1.06825285367268,1.4145880809393672,0.0,0.0
2017-12-21,0.1256920548521884,1.06825285367268,1.473698027121284,0.0,0.0
2017-12-22,0.1306802691695283,1.06825285367268,1.6346262074975362,0.0,0.0
2017-12-26,0.11971029614309,1.06825285367268,1.1591870178765329,0.0,0.0
2017-12-27,0.1157974603766165,1.06825285367268,0.9754828681286716,0.0,0.0
2017-12-28,0.1370461605868271,1.06825285367268,1.7819549430561095,0.0,0.0
2017-12-29,0.1282544672943855,1.06825285367268,1.3804934205403776,0.0,0.0
2018-01-01,0.1295427285007466,1.06825285367268,1.3795633207043794,0.0,0.0
2018-01-02,0.1356556469034346,1.06825285367268,1.558943128383118,0.0,0.0
2018-01-03,0.1283845516445545,1.06825285367268,1.2344081068550885,0.0,0.0
2018-01-04,0.1319697967045874,1.06825285367268,1.3395957628565613,0.0,0.0
2018-01-05,0.1311310747176826,1.06825285367268,1.2786607784003592,0.0,0.0
2018-01-08,0.126276561540588,1.06825285367268,1.0582196437122118,0.0,0.0
2018-01-09,0.1240730879224401,1.06825285367268,0.944145425503777,0.0,0.0
2018-01-10,0.1323055014919223,1.06825285367268,1.2722675559140402,0.0,0.0
2018-01-11,0.1204850654814322,1.06825285367268,0.7425849942148439,0.0,0.0
2018-01-12,0.1106392728504479,1.06825285367268,0.2750935540267522,0.0,0.0
2018-01-15,0.112341739602396,1.06825285367268,0.32432282003256857,0.0,0.0
2018-01-16,0.1188654471135919,1.06825285367268,0.6434987144320512,0.0,0.0
2018-01-17,0.1201513469819399,1.06825285367268,0.6903862055610182,0.0,0.0
2018-01-18,0.1230663141881498,1.06825285367268,0.8364401470178725,0.0,0.0
2018-01-19,0.1180310109872628,1.06825285367268,0.5146345662774531,0.0,0.0
2018-01-22,0.1101643816903656,1.06825285367268,0.016662628235396406,0.0,0.0
2018-01-23,0.1026661561043598,1.06825285367268,-0.5140497898489956,0.0,0.0
2018-01-24,0.1013062597704124,1.06825285367268,-0.6529171384601433,0.0,0.0
2018-01-25,0.098057233282776,1.06825285367268,-0.9325862349508871,0.0,0.0
2018-01-29,0.0884665133707907,1.06825285367268,-1.6474929616444367,0.0,0.0
2018-01-30,0.112622240847048,1.06825285367268,0.07055573864349439,0.0,0.0
2018-01-31,0.0973955061749043,1.06825285367268,-1.025697861172494,0.0,0.0
2018-02-01,0.078617081685115,1.06825285367268,-2.334766324419352,1.0,0.0
2018-02-02,0.0905943711079277,1.06825285367268,-1.4124151873613429,1.0,1.0
2018-02-05,0.0964801557667591,1.06825285367268,-0.9864910453195742,1.0,1.0
2018-02-06,0.1165322890785063,1.06825285367268,0.3703578220957273,0.0,1.0
2018-02-07,0.1012185631285582,1.06825285367268,-0.6471896642896209,0.0,0.0
2018-02-08,0.0897521513775512,1.06825285367268,-1.3938455770118723,0.0,0.0
2018-02-09,0.0931409401617218,1.06825285367268,-1.1402034352007846,0.0,0.0
2018-02-12,0.0964390096396439,1.06825285367268,-0.9377801608372626,0.0,0.0
2018-02-14,0.1004087513233837,1.06825285367268,-0.698840452505343,0.0,0.0
2018-02-15,0.1000524089661851,1.06825285367268,-0.7455663072084368,0.0,0.0
2018-02-16,0.0900772608775497,1.06825285367268,-1.508407399094399,0.0,0.0
2018-02-19,0.0837785618241033,1.06825285367268,-1.939299784571659,0.0,0.0
2018-02-20,0.0863308905210846,1.06825285367268,-1.690854284372596,0.0,0.0
2018-02-21,0.0738061558691507,1.06825285367268,-2.4868937509704754,1.0,0.0
2018-02-22,0.0540185510700528,1.06825285367268,-3.6381631885887527,1.0,1.0
2018-02-23,0.0603843510938348,1.06825285367268,-2.9069332619017962,1.0,1.0
2018-02-26,0.0529836100202425,1.06825285367268,-3.0915940255488277,1.0,1.0
2018-02-27,0.0600248772825455,1.06825285367268,-2.461044685789453,1.0,1.0
2018-02-28,0.0527791026748918,1.06825285367268,-2.6688630513742977,1.0,1.0
2018-03-01,0.0425049090257845,1.06825285367268,-2.9613668515547418,1.0,1.0
2018-03-05,0.0359705091998616,1.06825285367268,-3.0073537430742485,1.0,1.0
2018-03-06,0.040396230795511,1.06825285367268,-2.5732790562457724,1.0,1.0
2018-03-07,0.0303635521889056,1.06825285367268,-2.7921920495716472,1.0,1.0
2018-03-08,0.044112613095141,1.06825285367268,-2.079586372467923,1.0,1.0
2018-03-09,0.0429928130562089,1.06825285367268,-2.011105655055378,1.0,1.0
2018-03-12,0.0339430604981716,1.06825285367268,-2.2213409246499074,1.0,1.0
2018-03-13,0.0465206691421995,1.06825285367268,-1.6805902514338424,1.0,1.0
2018-03-14,0.050923837690866,1.06825285367268,-1.4736511775148504,1.0,1.0
2018-03-15,0.055783714496516,1.06825285367268,-1.270347330109106,1.0,1.0
2018-03-16,0.0656786921604899,1.06825285367268,-0.9176833863393921,1.0,1.0
2018-03-19,0.0744700449835074,1.06825285367268,-0.6131278791196617,1.0,1.0
2018-03-20,0.0740401740364493,1.06825285367268,-0.6037496904500074,1.0,1.0
2018-03-21,0.078620385030895,1.06825285367268,-0.43611122174906797,0.0,1.0
2018-03-22,0.081390080835674,1.06825285367268,-0.32651964951167073,0.0,0.0
2018-03-23,0.081817567363486,1.06825285367268,-0.29042134763319805,0.0,0.0
2018-03-26,0.1090449601610066,1.06825285367268,0.6119614027128805,0.0,0.0
2018-03-27,0.0978581762300292,1.06825285367268,0.2531368680360467,0.0,0.0
2018-03-28,0.0965057748462294,1.06825285367268,0.23500133013404992,0.0,0.0
2018-04-02,0.0715561011720522,1.06825285367268,-0.5839701648915939,0.0,0.0
2018-04-03,0.0570463743975411,1.06825285367268,-1.0543460880717204,0.0,0.0
2018-04-04,0.06434203488201,1.06825285367268,-0.7715220306548246,0.0,0.0
2018-04-05,0.0389604912776686,1.06825285367268,-1.6354800145048174,0.0,0.0
2018-04-06,0.0456683900596841,1.06825285367268,-1.3474153857104745,0.0,0.0
2018-04-09,0.0546792075937503,1.06825285367268,-0.9897368488536503,0.0,0.0
2018-04-10,0.0496522839092472,1.06825285367268,-1.1406161208634078,0.0,0.0
2018-04-11,0.036734260844935,1.06825285367268,-1.5760641071169832,0.0,0.0
2018-04-12,0.0338732185262031,1.06825285367268,-1.640307969470266,0.0,0.0
2018-04-13,0.0164776600261342,1.06825285367268,-2.2230593712759643,1.0,0.0
2018-04-16,0.0060086588677688,1.06825285367268,-2.482270980879729,1.0,1.0
2018-04-17,0.0159268227162376,1.06825285367268,-1.995209336544078,1.0,1.0
2018-04-18,0.0177765795723336,1.06825285367268,-1.8511505587973867,1.0,1.0
2018-04-19,0.0211289084996746,1.06825285367268,-1.6710983603327831,1.0,1.0
2018-04-20,0.0307794423119682,1.06825285367268,-1.2924618688909664,1.0,1.0
2018-04-23,0.0055626202062724,1.06825285367268,-2.127375475079237,1.0,1.0
2018-04-24,0.0079202012900854,1.06825285367268,-1.9512606392206444,1.0,1.0
2018-04-25,-0.0011648119822105,1.06825285367268,-2.1686280097948027,1.0,1.0
2018-04-26,-0.0124353777641754,1.06825285367268,-2.4275419185485765,1.0,1.0
2018-04-27,-0.0187346995625325,1.06825285367268,-2.483427825761437,1.0,1.0
2018-04-30,-0.0278251902603923,1.06825285367268,-2.60074226755146,1.0,1.0
2018-05-02,-0.0545578714909238,1.06825285367268,-3.2324913826599238,1.0,1.0
2018-05-03,-0.0353809942977685,1.06825285367268,-2.4265847137145093,1.0,1.0
2018-05-04,-0.0248807346835118,1.06825285367268,-2.001270913925794,1.0,1.0
2018-05-07,-0.040477982888043,1.06825285367268,-2.3037690795483754,1.0,1.0
2018-05-08,-0.0429765090833678,1.06825285367268,-2.2403103503266992,1.0,1.0
2018-05-09,-0.0451932966211368,1.06825285367268,-2.1953062620078962,1.0,1.0
2018-05-10,-0.034870335315988,1.06825285367268,-1.84225214708273,1.0,1.0
2018-05-11,-0.0421777343801919,1.06825285367268,-1.9347089892223832,1.0,1.0
2018-05-14,-0.0408379504693092,1.06825285367268,-1.8191747400801586,1.0,1.0
2018-05-15,-0.0431721185520208,1.06825285367268,-1.7999488984133114,1.0,1.0
2018-05-16,-0.0482479865331457,1.06825285367268,-1.8470749856531214,1.0,1.0
2018-05-17,-0.0371180808247491,1.06825285367268,-1.5272125993377523,1.0,1.0
2018-05-18,-0.0645816706664978,1.06825285367268,-2.0879018526307473,1.0,1.0
2018-05-21,-0.0593689902701619,1.06825285367268,-1.8742288552823234,1.0,1.0
2018-05-22,-0.0492136296251093,1.06825285367268,-1.57758311469099,1.0,1.0
2018-05-23,-0.0542981582921386,1.06825285367268,-1.6263351005259965,1.0,1.0
2018-05-24,-0.0619081505491188,1.06825285367268,-1.7200850534950194,1.0,1.0
2018-05-25,-0.0674937968713349,1.06825285367268,-1.7628856266892303,1.0,1.0
2018-05-28,-0.0520248484868028,1.06825285367268,-1.3740873160133111,1.0,1.0
2018-05-29,-0.0460600727940816,1.06825285367268,-1.2056647797750892,1.0,1.0
2018-05-30,-0.0540296775922426,1.06825285367268,-1.3233499574905894,1.0,1.0
2018-05-31,-0.0295420138161457,1.06825285367268,-0.7955744229386431,1.0,1.0
2018-06-01,-0.0297476370380964,1.06825285367268,-0.7757690571909627,1.0,1.0
2018-06-04,-0.0492867852523293,1.06825285367268,-1.1337867836879472,1.0,1.0
2018-06-05,-0.0414333479473922,1.06825285367268,-0.9456698062823881,1.0,1.0
2018-06-06,-0.0534355517578877,1.06825285367268,-1.1474512866056679,1.0,1.0
2018-06-07,-0.0468098078442,1.06825285367268,-0.98209152177941,1.0,1.0
2018-06-08,-0.059481103793594,1.06825285367268,-1.1936432168104734,1.0,1.0
2018-06-11,-0.0669709310449713,1.06825285367268,-1.2957943254019109,1.0,1.0
2018-06-12,-0.0710045547116005,1.06825285367268,-1.3272546006076276,1.0,1.0
2018-06-13,-0.0741527845760021,1.06825285367268,-1.34088110059983,1.0,1.0
2018-06-14,-0.0768541055448492,1.06825285367268,-1.3476488617553914,1.0,1.0
2018-06-15,-0.0865654454404403,1.06825285367268,-1.4900631602672332,1.0,1.0
2018-06-18,-0.0718528426003555,1.06825285367268,-1.1645413410269414,1.0,1.0
2018-06-19,-0.059868921782141,1.06825285367268,-0.9023812633076513,1.0,1.0
2018-06-20,-0.0612209002195447,1.06825285367268,-0.9032027366708578,1.0,1.0
2018-06-21,-0.0518921945697297,1.06825285367268,-0.6904792477638749,1.0,1.0
2018-06-22,-0.0454949519579992,1.06825285367268,-0.536448055796698,1.0,1.0
2018-06-25,-0.0452650383057742,1.06825285367268,-0.5081345801246719,1.0,1.0
2018-06-26,-0.0473488590664077,1.06825285367268,-0.535294637569232,1.0,1.0
2018-06-27,-0.0338138933798033,1.06825285367268,-0.16976056829720024,0.0,1.0
2018-06-28,-0.0371654037684621,1.06825285367268,-0.22492230581963932,0.0,0.0
2018-06-29,-0.0508002257407644,1.06825285367268,-0.5680089292669928,0.0,0.0
2018-07-02,-0.0636511517767228,1.06825285367268,-0.9094285388626605,0.0,0.0
2018-07-03,-0.0771909323295316,1.06825285367268,-1.290811101908421,0.0,0.0
2018-07-04,-0.0707198652999823,1.06825285367268,-1.0851642287751717,0.0,0.0
2018-07-05,-0.0609670503160009,1.06825285367268,-0.7601564689844372,0.0,0.0
2018-07-06,-0.0698662150384725,1.06825285367268,-1.0496584640517237,0.0,0.0
2018-07-09,-0.0756884693657271,1.06825285367268,-1.2506277669167731,0.0,0.0
2018-07-10,-0.0559396491482848,1.06825285367268,-0.4921879712745126,0.0,0.0
2018-07-11,-0.0670837641584318,1.06825285367268,-0.8920470833621669,0.0,0.0
2018-07-12,-0.0610707485475252,1.06825285367268,-0.6345357793423033,0.0,0.0
2018-07-13,-0.0653179532308749,1.06825285367268,-0.7927047463169486,0.0,0.0
2018-07-16,-0.0739726222731906,1.06825285367268,-1.1740179864729838,0.0,0.0
2018-07-17,-0.0643661077922903,1.06825285367268,-0.7394067884365843,0.0,0.0
2018-07-18,-0.0630540834553601,1.06825285367268,-0.6572695847476508,0.0,0.0
2018-07-19,-0.0187130011826903,1.06825285367268,1.9482564679612804,0.0,0.0
2018-07-20,-0.006126984514327,1.06825285367268,2.8272838882233007,-1.0,0.0
2018-07-23,-0.0241314122474012,1.06825285367268,1.688517759323074,-1.0,-1.0
2018-07-24,-0.0026023591582235,1.06825285367268,3.022281298603375,-1.0,-1.0
2018-07-25,0.0001389108171983,1.06825285367268,2.9937315753562803,-1.0,-1.0
2018-07-26,0.0133081401825467,1.06825285367268,3.452204584714253,-1.0,-1.0
2018-07-27,0.0177762120666562,1.06825285367268,3.347288822146408,-1.0,-1.0
2018-07-30,0.0078002470675695,1.06825285367268,2.6157987439099672,-1.0,-1.0
2018-07-31,0.0109061822154954,1.06825285367268,2.5806472708179697,-1.0,-1.0
2018-08-01,-0.0034545978550042,1.06825285367268,1.820901875587275,-1.0,-1.0
2018-08-02,0.0100359317835181,1.06825285367268,2.285427127455518,-1.0,-1.0
2018-08-03,-0.0181593994833511,1.06825285367268,1.0811545684853405,-1.0,-1.0
2018-08-06,0.0003766336986457,1.06825285367268,1.7625740972706785,-1.0,-1.0
2018-08-07,0.0074480137455141,1.06825285367268,1.9564594728729714,-1.0,-1.0
2018-08-08,0.0061811446129738,1.06825285367268,1.8207908144480796,-1.0,-1.0
2018-08-09,0.0069927926475656,1.06825285367268,1.7695414603835256,-1.0,-1.0
2018-08-10,-0.0017988121807439,1.06825285367268,1.399402285256928,-1.0,-1.0
2018-08-13,-0.0140103985141673,1.06825285367268,0.9350507262821223,-1.0,-1.0
2018-08-14,-0.0200744686207041,1.06825285367268,0.7012830232182453,-1.0,-1.0
2018-08-16,0.0135590511151315,1.06825285367268,1.8132573817642947,-1.0,-1.0
2018-08-17,-0.0008486792572739,1.06825285367268,1.2594610896493006,-1.0,-1.0
2018-08-20,-0.0014963356026616,1.06825285367268,1.1950873229201207,-1.0,-1.0
2018-08-21,0.0079860063774788,1.06825285367268,1.462279782154292,-1.0,-1.0
2018-08-23,0.0136094012001288,1.06825285367268,1.5875255374064559,-1.0,-1.0
2018-08-24,0.0029595248690954,1.06825285367268,1.1922797909469403,-1.0,-1.0
2018-08-27,-0.0091639982283631,1.06825285367268,0.7764573737293806,-1.0,-1.0
2018-08-28,-0.0107788487232074,1.06825285367268,0.7123453631495198,-1.0,-1.0
2018-08-29,-0.0215200158037109,1.06825285367268,0.36938674774632874,0.0,-1.0
2018-08-30,-0.0187215924456847,1.06825285367268,0.4416282266903775,0.0,0.0
2018-08-31,-0.0287582597681463,1.06825285367268,0.12090684253120312,0.0,0.0
2018-09-03,-0.0068920554088425,1.06825285367268,0.783325324558547,0.0,0.0
2018-09-04,-0.0084355175861299,1.06825285367268,0.7128369790424751,0.0,0.0
2018-09-05,0.005310973270336,1.06825285367268,1.1119666485074153,0.0,0.0
2018-09-06,-0.0110401233904902,1.06825285367268,0.5712583213950652,0.0,0.0
2018-09-07,0.0048709450314552,1.06825285367268,1.0434104384887257,0.0,0.0
2018-09-10,0.0158570932173258,1.06825285367268,1.3571933965223155,0.0,0.0
2018-09-11,0.0105952499933632,1.06825285367268,1.1500817844939588,0.0,0.0
2018-09-12,-0.0047401689492305,1.06825285367268,0.6265079600464308,0.0,0.0
2018-09-14,-0.003870956753146,1.06825285367268,0.6296406523027718,0.0,0.0
2018-09-17,-0.0145553568851113,1.06825285367268,0.2488306705473284,0.0,0.0
2018-09-18,-0.0028713308226162,1.06825285367268,0.6210527841283309,0.0,0.0
2018-09-19,-0.0271187736915523,1.06825285367268,-0.22745836875302824,0.0,0.0
2018-09-21,0.0188640361822933,1.06825285367268,1.3336538719957727,0.0,0.0
2018-09-24,0.0248926540438487,1.06825285367268,1.491242587181283,0.0,0.0
2018-09-25,0.0069155586599203,1.06825285367268,0.8319583380001547,0.0,0.0
2018-09-26,0.0276434950429047,1.06825285367268,1.5006961808883446,0.0,0.0
2018-09-27,0.056581825619995,1.06825285367268,2.3987251618615053,-1.0,0.0
2018-09-28,0.0723939876038581,1.06825285367268,2.764137333124886,-1.0,-1.0
2018-10-01,0.1054432999142509,1.06825285367268,3.6004484850364644,-1.0,-1.0
2018-10-03,0.1261835574128742,1.06825285367268,3.874517396289334,-1.0,-1.0
2018-10-04,0.1127319870625367,1.06825285367268,3.108982478231705,-1.0,-1.0
2018-10-05,0.1389846831201859,1.06825285367268,3.513454677860821,-1.0,-1.0
2018-10-08,0.0769749003838793,1.06825285367268,1.7594058364253482,-1.0,-1.0
2018-10-09,0.0707029845160533,1.06825285367268,1.5589131128658384,-1.0,-1.0
2018-10-10,0.0564208493655016,1.06825285367268,1.176088841133014,-1.0,-1.0
2018-10-11,0.0623094037747735,1.06825285367268,1.2809437967313888,-1.0,-1.0
2018-10-12,0.0366123422786284,1.06825285367268,0.6394320963039466,-1.0,-1.0
2018-10-15,0.0467297275069391,1.06825285367268,0.8579744827809501,-1.0,-1.0
2018-10-16,0.0342547637070023,1.06825285367268,0.5251233419419751,-1.0,-1.0
2018-10-17,0.0248779763446815,1.06825285367268,0.2588520199255773,0.0,-1.0
2018-10-19,0.0007562942845131,1.06825285367268,-0.41195635759704796,0.0,0.0
2018-10-22,0.0480656332080933,1.06825285367268,0.8418388166872296,0.0,0.0
2018-10-23,0.031464375728464,1.06825285367268,0.37285091728451913,0.0,0.0
2018-10-24,0.0327779616108658,1.06825285367268,0.38689196594139685,0.0,0.0
2018-10-25,0.0130709637612618,1.06825285367268,-0.15989943549093935,0.0,0.0
2018-10-26,0.0339923909402655,1.06825285367268,0.3993354468497865,0.0,0.0
2018-10-29,0.0351076534579224,1.06825285367268,0.4197002729486887,0.0,0.0
2018-10-30,0.0415559135235685,1.06825285367268,0.5851269009013026,0.0,0.0
2018-10-31,0.0454622894226757,1.06825285367268,0.6739876037242116,0.0,0.0
2018-11-01,0.054900640191712,1.06825285367268,0.909547566902372,0.0,0.0
2018-11-02,0.0516630462256575,1.06825285367268,0.7942336919455439,0.0,0.0
2018-11-05,0.0585582580403709,1.06825285367268,0.9559438115157142,0.0,0.0
2018-11-06,0.0576476923033437,1.06825285367268,0.9002280582345796,0.0,0.0
2018-11-07,0.0549772198343934,1.06825285367268,0.8008906990130086,0.0,0.0
2018-11-09,0.0473701979994158,1.06825285367268,0.5753923266250786,0.0,0.0
2018-11-12,0.0178353633954291,1.06825285367268,-0.22619384731714137,0.0,0.0
2018-11-13,0.0100798120561576,1.06825285367268,-0.43743269470868273,0.0,0.0
2018-11-14,0.0590269888690295,1.06825285367268,0.8603484759492861,0.0,0.0
2018-11-15,0.0377200326520181,1.06825285367268,0.2611827685220335,0.0,0.0
2018-11-16,0.0465502617814275,1.06825285367268,0.47837219254256197,0.0,0.0
2018-11-19,0.045266576798693,1.06825285367268,0.4284573628575935,0.0,0.0
2018-11-20,0.0493746422159588,1.06825285367268,0.5213618828501018,0.0,0.0
2018-11-21,0.0463549999627055,1.06825285367268,0.41777021267114256,0.0,0.0
2018-11-22,0.0453220616519445,1.06825285367268,0.3727672371943163,0.0,0.0
2018-11-26,0.0672163071802245,1.06825285367268,0.9597352728000167,0.0,0.0
2018-11-27,0.0713856573131384,1.06825285367268,1.0428391989010857,0.0,0.0
2018-11-28,0.0957207586251858,1.06825285367268,1.6778858972175907,0.0,0.0
2018-11-29,0.0680788430629544,1.06825285367268,0.8612953794553649,0.0,0.0
2018-11-30,0.0485212913675718,1.06825285367268,0.29271967227741874,0.0,0.0
2018-12-03,0.0481958590264612,1.06825285367268,0.2580797714348295,0.0,0.0
2018-12-04,0.0356748630679799,1.06825285367268,-0.13624741545717323,0.0,0.0
2018-12-05,0.0542980229060106,1.06825285367268,0.39286856907174983,0.0,0.0
2018-12-06,0.0811900120208859,1.06825285367268,1.1803207266166051,0.0,0.0
2018-12-07,-0.0001709224330985,1.06825285367268,-1.3137001345766588,0.0,0.0
2018-12-10,0.060966183229512,1.06825285367268,0.5300825424653111,0.0,0.0
2018-12-11,0.0288993580330725,1.06825285367268,-0.478772339676928,0.0,0.0
2018-12-12,0.0252734450936804,1.06825285367268,-0.5996588891613764,0.0,0.0
2018-12-13,0.0096424615972283,1.06825285367268,-1.096791626982044,0.0,0.0
2018-12-14,0.0141371180969613,1.06825285367268,-0.9744066694409309,0.0,0.0
2018-12-17,0.0593456704445145,1.06825285367268,0.4405114056499482,0.0,0.0
2018-12-18,0.0490811724121709,1.06825285367268,0.07759492239106222,0.0,0.0
2018-12-19,0.0533792811559301,1.06825285367268,0.19454828360479343,0.0,0.0
2018-12-20,0.0507085588482185,1.06825285367268,0.06348273578185461,0.0,0.0
2018-12-21,0.0462199310432334,1.06825285367268,-0.11590624186342832,0.0,0.0
2018-12-24,0.0218759045152099,1.06825285367268,-1.008377261935777,0.0,0.0
2018-12-26,0.0334284942019129,1.06825285367268,-0.6074821248301144,0.0,0.0
2018-12-27,0.0320263822705761,1.06825285367268,-0.6639315329883438,0.0,0.0
2018-12-28,0.0395233458712258,1.06825285367268,-0.3731705666447519,0.0,0.0
2018-12-31,0.0259994125780904,1.06825285367268,-0.851076117930341,0.0,0.0
2019-01-01,0.043521362875035,1.06825285367268,-0.16483202431575067,0.0,0.0
2019-01-02,0.0428034086471393,1.06825285367268,-0.15180893548751853,0.0,0.0
2019-01-03,0.0395433223989512,1.06825285367268,-0.25480324525646286,0.0,0.0
2019-01-04,0.0312880689172807,1.06825285367268,-0.6485145366753201,0.0,0.0
2019-01-07,0.0339542569081858,1.06825285367268,-0.48019249664164937,0.0,0.0
2019-01-08,0.0408730936360175,1.06825285367268,-0.07772834408888565,0.0,0.0
2019-01-09,0.0393168210843883,1.06825285367268,-0.14928644093984167,0.0,0.0
2019-01-10,0.0516437051017684,1.06825285367268,0.5538290121583856,0.0,0.0
2019-01-11,0.0500626463179258,1.06825285367268,0.45144768059892587,0.0,0.0
2019-01-14,0.0552439943796105,1.06825285367268,0.7343055655878726,0.0,0.0
2019-01-15,0.0633797108894054,1.06825285367268,1.1614261984815326,0.0,0.0
2019-01-16,0.0719954759114367,1.06825285367268,1.5962652068855476,0.0,0.0
2019-01-17,0.0625178351011843,1.06825285367268,1.037597279258674,0.0,0.0
2019-01-18,0.0439697329018615,1.06825285367268,-0.023003864440393818,0.0,0.0
2019-01-21,0.0289931201342898,1.06825285367268,-0.8769897664501916,0.0,0.0
2019-01-22,0.003090295278274,1.06825285367268,-2.3235699853271727,1.0,0.0
2019-01-23,0.0014173081363741,1.06825285367268,-2.3627879207590037,1.0,1.0
2019-01-24,0.0072680395720539,1.06825285367268,-1.9277753808689808,1.0,1.0
2019-01-25,0.0056396358250232,1.06825285367268,-1.9331666800121339,1.0,1.0
2019-01-28,0.0047897847407885,1.06825285367268,-1.8881725310604802,1.0,1.0
2019-01-29,-0.0003332619387954,1.06825285367268,-2.049691649137453,1.0,1.0
2019-01-30,0.0136966946468701,1.06825285367268,-1.287384051333241,1.0,1.0
2019-01-31,0.0067632141928362,1.06825285367268,-1.5648282646640315,1.0,1.0
2019-02-01,0.0118412490675758,1.06825285367268,-1.2717379800687172,1.0,1.0
2019-02-04,0.0047845796313952,1.06825285367268,-1.548090891402106,1.0,1.0
2019-02-05,0.0033023009267427,1.06825285367268,-1.5541589328785168,1.0,1.0
2019-02-06,0.0070697762864035,1.06825285367268,-1.3285640081925985,1.0,1.0
2019-02-07,0.0003144289941383,1.06825285367268,-1.6034022128528176,1.0,1.0
2019-02-08,-0.0094168828448255,1.06825285367268,-2.000061783851729,1.0,1.0
2019-02-11,-0.0032059627622498,1.06825285367268,-1.642575314871277,1.0,1.0
2019-02-12,-0.0054842942275454,1.06825285367268,-1.6726745815370039,1.0,1.0
2019-02-14,-0.0048902742986456,1.06825285367268,-1.5794012161963844,1.0,1.0
2019-02-15,-0.006808003622039,1.06825285367268,-1.5931670921466847,1.0,1.0
2019-02-18,-0.0064320605332914,1.06825285367268,-1.5150312029490343,1.0,1.0
2019-02-19,-0.0120752979965459,1.06825285367268,-1.6730795530094857,1.0,1.0
2019-02-20,-0.0082135101389191,1.06825285367268,-1.458757706008036,1.0,1.0
2019-02-21,-0.0041421166914759,1.06825285367268,-1.2576714697896956,1.0,1.0
2019-02-22,0.0275709549968992,1.06825285367268,-0.022575872930847223,0.0,1.0
2019-02-25,0.0410445180466867,1.06825285367268,0.5620863557682901,0.0,0.0
2019-02-26,0.0382204126991885,1.06825285367268,0.4767312379559167,0.0,0.0
2019-02-27,0.0468894666248509,1.06825285367268,0.8430386934479244,0.0,0.0
2019-02-28,0.0425212229115778,1.06825285367268,0.6646415863415772,0.0,0.0
2019-03-01,0.0340529879760911,1.06825285367268,0.3102923839891305,0.0,0.0
2019-03-05,0.0328276820483761,1.06825285367268,0.27667946085093087,0.0,0.0
2019-03-06,0.0307423419843084,1.06825285367268,0.2341341456071031,0.0,0.0
2019-03-07,0.0447949469028756,1.06825285367268,0.8314740449610378,0.0,0.0
2019-03-08,0.0441274237906412,1.06825285367268,0.8259357572499788,0.0,0.0
2019-03-11,0.0351007408693337,1.06825285367268,0.4098517503421254,0.0,0.0
2019-03-12,0.0431615834114653,1.06825285367268,0.7589988577573512,0.0,0.0
2019-03-13,0.0702042952459933,1.06825285367268,1.9316127319129606,0.0,0.0
2019-03-14,0.0628935493629496,1.06825285367268,1.5241635346988487,0.0,0.0
2019-03-15,0.029218102699887,1.06825285367268,0.07054121797410336,0.0,0.0
2019-03-18,0.0181510072010739,1.06825285367268,-0.3931404226712009,0.0,0.0
2019-03-19,0.0176786327965681,1.06825285367268,-0.392055293983469,0.0,0.0
2019-03-20,0.0283173604849906,1.06825285367268,0.09738785016479333,0.0,0.0
2019-03-22,0.0305298656451258,1.06825285367268,0.20936114553703547,0.0,0.0
2019-03-25,0.0550856335540164,1.06825285367268,1.2915120370101731,0.0,0.0
2019-03-26,0.0405335913826139,1.06825285367268,0.6223305640809681,0.0,0.0
2019-03-27,0.0434360039894725,1.06825285367268,0.7411180327663868,0.0,0.0
2019-03-28,0.0385789456191574,1.06825285367268,0.5253029845847565,0.0,0.0
2019-04-01,0.0435557328707911,1.06825285367268,0.7312865383663265,0.0,0.0
2019-04-02,0.0361569600780269,1.06825285367268,0.40969736396709827,0.0,0.0
2019-04-03,0.0394366849265903,1.06825285367268,0.5585725081115559,0.0,0.0
2019-04-04,0.044677085593177,1.06825285367268,0.7870557014329295,0.0,0.0
2019-04-05,0.0436252797468705,1.06825285367268,0.7279696112138913,0.0,0.0
2019-04-08,0.0307528566547423,1.06825285367268,0.16209721072890554,0.0,0.0
2019-04-09,0.0312458247382103,1.06825285367268,0.1912343594012248,0.0,0.0
2019-04-10,0.0024796219217284,1.06825285367268,-1.0518747157449313,0.0,0.0
2019-04-11,0.0167608201268061,1.06825285367268,-0.3965087771011941,0.0,0.0
2019-04-12,0.0199889857605723,1.06825285367268,-0.23395578567487185,0.0,0.0
2019-04-15,0.0064284930746891,1.06825285367268,-0.8147107893575773,0.0,0.0
2019-04-16,0.003788991996231,1.06825285367268,-0.9086051729216359,0.0,0.0
2019-04-18,0.0118159397844177,1.06825285367268,-0.510459299537399,0.0,0.0
2019-04-22,0.0110264881035311,1.06825285367268,-0.5229615619992813,0.0,0.0
2019-04-23,0.0017226052378349,1.06825285367268,-0.9552355783512297,0.0,0.0
2019-04-24,0.0080014791947373,1.06825285367268,-0.6220759954754023,0.0,0.0
2019-04-25,0.0058005780079284,1.06825285367268,-0.7352270949851191,0.0,0.0
2019-04-26,-0.001198144031318,1.06825285367268,-1.0832530917708094,0.0,0.0
2019-04-30,0.0090384374848779,1.06825285367268,-0.5723501306588304,0.0,0.0
2019-05-02,0.0103047586836044,1.06825285367268,-0.5145091808029871,0.0,0.0
2019-05-03,0.00678669247519,1.06825285367268,-0.6923227582790925,0.0,0.0
2019-05-06,-0.0044447523133595,1.06825285367268,-1.2530041704741377,0.0,0.0
2019-05-07,-0.005362518864862,1.06825285367268,-1.2679858624442435,0.0,0.0
2019-05-08,-0.0073624956528668,1.06825285367268,-1.3422824149392296,0.0,0.0
2019-05-09,-0.001675009272815,1.06825285367268,-1.0395806909395988,0.0,0.0
2019-05-10,-0.0089425632917352,1.06825285367268,-1.3726554998129332,0.0,0.0
2019-05-13,-0.0062555436472884,1.06825285367268,-1.2233926015796333,0.0,0.0
2019-05-14,-0.0010175484388659,1.06825285367268,-0.9593266476531918,0.0,0.0
2019-05-15,-0.0114222017598804,1.06825285367268,-1.4381216852844172,0.0,0.0
2019-05-16,-0.0141997711718762,1.06825285367268,-1.5615081105282462,0.0,0.0
2019-05-17,-0.0270188521073428,1.06825285367268,-2.1204584100310013,1.0,0.0
2019-05-20,-0.0283999812038002,1.06825285367268,-2.110859714210227,1.0,1.0
2019-05-21,-0.0297818550487951,1.06825285367268,-2.0969898519360424,1.0,1.0
2019-05-22,-0.0341933316689671,1.06825285367268,-2.2125946702214434,1.0,1.0
2019-05-23,-0.0684962233621666,1.06825285367268,-3.526231599921642,1.0,1.0
2019-05-24,-0.0594409502851149,1.06825285367268,-2.8658228950687272,1.0,1.0
2019-05-27,-0.0572365987293892,1.06825285367268,-2.5960017794372168,1.0,1.0
2019-05-28,-0.0410526092485419,1.06825285367268,-1.8951645164154456,1.0,1.0
2019-05-29,-0.0428110075688454,1.06825285367268,-1.8639999653185926,1.0,1.0
2019-05-30,-0.0485127524578397,1.06825285367268,-1.9628116164621257,1.0,1.0
2019-05-31,-0.0451264106014193,1.06825285367268,-1.7627835755191739,1.0,1.0
2019-06-03,-0.0384882620204036,1.06825285367268,-1.4855945241900526,1.0,1.0
2019-06-04,-0.0405130347100799,1.06825285367268,-1.4928190327836306,1.0,1.0
2019-06-06,-0.0403930278288147,1.06825285367268,-1.4327820600839614,1.0,1.0
2019-06-07,-0.0286853582969381,1.06825285367268,-1.0308520533473178,1.0,1.0
2019-06-10,-0.0252133144432473,1.06825285367268,-0.8942715802734187,1.0,1.0
2019-06-11,-0.0254782700544922,1.06825285367268,-0.8725070379299842,1.0,1.0
2019-06-12,-0.0169510307656146,1.06825285367268,-0.5868597683819504,1.0,1.0
2019-06-13,-0.0243657875157428,1.06825285367268,-0.7881803760356693,1.0,1.0
2019-06-14,-0.0066677895115212,1.06825285367268,-0.22073558284682335,0.0,1.0
2019-06-17,-0.0022323471038783,1.06825285367268,-0.04820321937255947,0.0,0.0
2019-06-18,-0.0052921924156148,1.06825285367268,-0.1150407794467361,0.0,0.0
2019-06-19,-0.026663245146941,1.06825285367268,-0.8073908878887439,0.0,0.0
2019-06-20,-0.0358480897628918,1.06825285367268,-1.0865165886707302,0.0,0.0
2019-06-21,-0.0205900220217634,1.06825285367268,-0.5473089638507296,0.0,0.0
2019-06-24,-0.005181422896797,1.06825285367268,-0.011705636190901435,0.0,0.0
2019-06-25,-0.0103631255309748,1.06825285367268,-0.16628987083380223,0.0,0.0
2019-06-26,0.0008358757989137,1.06825285367268,0.25686891649599947,0.0,0.0
2019-06-27,0.0050335002934271,1.06825285367268,0.43664672044734004,0.0,0.0
2019-06-28,0.0007207979905983,1.06825285367268,0.3137126573141949,0.0,0.0
2019-07-01,0.0147200490107763,1.06825285367268,0.8725279742218863,0.0,0.0
2019-07-02,0.0255337246476345,1.06825285367268,1.3333066791995414,0.0,0.0
2019-07-03,0.0208492670864588,1.06825285367268,1.1715765394224256,0.0,0.0
2019-07-04,0.0021104709216483,1.06825285367268,0.4596108886599308,0.0,0.0
2019-07-05,-0.016237438755601,1.06825285367268,-0.2535710984481184,0.0,0.0
2019-07-08,-0.0120492581638478,1.06825285367268,-0.04017771685910119,0.0,0.0
2019-07-09,-0.0157139218164124,1.06825285367268,-0.17316161857250775,0.0,0.0
2019-07-10,-0.0211380822474502,1.06825285367268,-0.393107752780501,0.0,0.0
2019-07-11,-0.0200313992881495,1.06825285367268,-0.3248448481248037,0.0,0.0
2019-07-12,-0.0251909514438537,1.06825285367268,-0.5438096386229486,0.0,0.0
2019-07-15,-0.0422971946807875,1.06825285367268,-1.3388519652464346,0.0,0.0
2019-07-16,-0.0390596515292047,1.06825285367268,-1.1378623415371825,0.0,0.0
2019-07-17,-0.0597783247279144,1.06825285367268,-2.084336787824853,1.0,0.0
2019-07-18,-0.0563069654035199,1.06825285367268,-1.8257066287966282,1.0,1.0
2019-07-19,-0.0437679955282952,1.06825285367268,-1.175195073325508,1.0,1.0
2019-07-22,-0.0450579925666261,1.06825285367268,-1.1949439699511424,1.0,1.0
2019-07-23,-0.0886288935386776,1.06825285367268,-3.1561390937538936,1.0,1.0
2019-07-24,-0.0832568945885912,1.06825285367268,-2.6574046810199112,1.0,1.0
2019-07-25,-0.0722970859063405,1.06825285367268,-2.02540765443026,1.0,1.0
2019-07-26,-0.0952383540657404,1.06825285367268,-2.855549698571273,1.0,1.0
2019-07-29,-0.1032081303981913,1.06825285367268,-2.9597094887229045,1.0,1.0
2019-07-30,-0.0969667983380269,1.06825285367268,-2.507990537822809,1.0,1.0
2019-07-31,-0.1119925288632401,1.06825285367268,-2.868424947658911,1.0,1.0
2019-08-01,-0.1062868410116051,1.06825285367268,-2.460864247927166,1.0,1.0
2019-08-02,-0.1180395422894324,1.06825285367268,-2.6743488537372686,1.0,1.0
2019-08-05,-0.0998186634524538,1.06825285367268,-1.9461216304091749,1.0,1.0
2019-08-06,-0.1135887159261193,1.06825285367268,-2.254168849073673,1.0,1.0
2019-08-07,-0.1094286138011071,1.06825285367268,-2.011255298750366,1.0,1.0
2019-08-08,-0.1061433973551668,1.06825285367268,-1.8250112192649166,1.0,1.0
2019-08-09,-0.1051668850983125,1.06825285367268,-1.7171815567964241,1.0,1.0
2019-08-13,-0.1180225808815116,1.06825285367268,-1.9837519238236465,1.0,1.0
2019-08-14,-0.0999891809150144,1.06825285367268,-1.424178502149012,1.0,1.0
2019-08-16,-0.1058821726781218,1.06825285367268,-1.5214525639433085,1.0,1.0
2019-08-19,-0.1134308128444621,1.06825285367268,-1.6508444689474906,1.0,1.0
2019-08-20,-0.1134482148084092,1.06825285367268,-1.5844902079595238,1.0,1.0
2019-08-21,-0.1115480868554472,1.06825285367268,-1.4920401805127523,1.0,1.0
2019-08-22,-0.1153817658160534,1.06825285367268,-1.5351133927840328,1.0,1.0
2019-08-23,-0.1148060517769868,1.06825285367268,-1.4706305649562477,1.0,1.0
2019-08-26,-0.1030171347350155,1.06825285367268,-1.1517658115414293,1.0,1.0
2019-08-27,-0.0933603627265373,1.06825285367268,-0.9016726927263745,1.0,1.0
2019-08-28,-0.0860733729246234,1.06825285367268,-0.7174889602744903,1.0,1.0
2019-08-29,-0.0713774660621684,1.06825285367268,-0.37486567398453247,0.0,1.0
2019-08-30,-0.056548097499772,1.06825285367268,-0.0350669042850768,0.0,0.0
2019-09-03,-0.0513317020441173,1.06825285367268,0.08617196584300038,0.0,0.0
2019-09-04,-0.0439624254110517,1.06825285367268,0.2533907925357905,0.0,0.0
2019-09-05,-0.0373064271226422,1.06825285367268,0.4073425760427042,0.0,0.0
2019-09-06,-0.0560344627722093,1.06825285367268,-0.0037300514239479617,0.0,0.0
2019-09-09,-0.0762101125619381,1.06825285367268,-0.4429155738959658,0.0,0.0
2019-09-11,-0.0782825268529645,1.06825285367268,-0.4695656571077817,0.0,0.0
2019-09-12,-0.0567781588327891,1.06825285367268,0.03341454773062107,0.0,0.0
2019-09-13,-0.0820879775298148,1.06825285367268,-0.5237311320852048,0.0,0.0
2019-09-16,-0.081282656033391,1.06825285367268,-0.48105158484212474,0.0,0.0
2019-09-17,-0.0765279701831866,1.06825285367268,-0.3464045016082681,0.0,0.0
2019-09-18,-0.099322658729787,1.06825285367268,-0.8635280191067084,0.0,0.0
2019-09-19,-0.0838865396860573,1.06825285367268,-0.4751796584379312,0.0,0.0
2019-09-20,-0.0597799902757936,1.06825285367268,0.11452234311804255,0.0,0.0
2019-09-23,-0.0812378900173946,1.06825285367268,-0.37614961472332753,0.0,0.0
2019-09-24,-0.06923376527343,1.06825285367268,-0.06088817424396212,0.0,0.0
2019-09-25,-0.0695944473711636,1.06825285367268,-0.04225352690976587,0.0,0.0
2019-09-26,-0.0840484796119787,1.06825285367268,-0.38228849055279757,0.0,0.0
2019-09-27,-0.0935588396811359,1.06825285367268,-0.6063205337011072,0.0,0.0
2019-09-30,-0.1077299509161164,1.06825285367268,-0.9728427350558715,0.0,0.0
2019-10-01,-0.0929188843444146,1.06825285367268,-0.5348387568644726,0.0,0.0
2019-10-03,-0.0921037798341757,1.06825285367268,-0.4885065885964871,0.0,0.0
2019-10-04,-0.0848042100760491,1.06825285367268,-0.22275227427961974,0.0,0.0
2019-10-07,-0.0820223857553728,1.06825285367268,-0.09688577818621139,0.0,0.0
2019-10-09,-0.0861011475160378,1.06825285367268,-0.20607136236904797,0.0,0.0
2019-10-10,-0.0904192144380351,1.06825285367268,-0.33466737939447355,0.0,0.0
2019-10-11,-0.0938647360157718,1.06825285367268,-0.4406478073289835,0.0,0.0
2019-10-14,-0.0876895040799778,1.06825285367268,-0.15705202681098138,0.0,0.0
2019-10-15,-0.0924131666070593,1.06825285367268,-0.32747123826691427,0.0,0.0
2019-10-16,-0.0873431269510032,1.06825285367268,-0.07026715475511336,0.0,0.0
2019-10-17,-0.0875788026190154,1.06825285367268,-0.04632989639455269,0.0,0.0
2019-10-18,-0.0873289100618706,1.06825285367268,-0.012900548245769144,0.0,0.0
2019-10-22,-0.0879395841233598,1.06825285367268,-0.01770759325102495,0.0,0.0
2019-10-23,-0.0760703957066919,1.06825285367268,0.6209921644410563,0.0,0.0
2019-10-24,-0.0802116715853911,1.06825285367268,0.454699583778145,0.0,0.0
2019-10-25,-0.0695567763694642,1.06825285367268,1.0077736994690396,0.0,0.0
2019-10-27,-0.0654574079488279,1.06825285367268,1.2022911735033448,0.0,0.0
2019-10-29,-0.0498203582627176,1.06825285367268,2.001292980079007,-1.0,0.0
2019-10-30,-0.047392206526668,1.06825285367268,2.0241984825368005,-1.0,-1.0
2019-10-31,-0.0589352603051978,1.06825285367268,1.3580922922462217,-1.0,-1.0
2019-11-01,-0.0547394066262008,1.06825285367268,1.5130678559126647,-1.0,-1.0
2019-11-04,-0.0513224520896296,1.06825285367268,1.6241475684410012,-1.0,-1.0
2019-11-05,-0.0374569796618668,1.06825285367268,2.219689790719744,-1.0,-1.0
2019-11-06,-0.0354406950861765,1.06825285367268,2.21286775842562,-1.0,-1.0
2019-11-07,-0.0386158037876445,1.06825285367268,1.947652015406525,-1.0,-1.0
2019-11-08,-0.0559493472044607,1.06825285367268,1.0942254857639406,-1.0,-1.0
2019-11-11,-0.0597458294131172,1.06825285367268,0.8894500546645261,-1.0,-1.0
2019-11-13,-0.0580962509283047,1.06825285367268,0.9342323104357769,-1.0,-1.0
2019-11-14,-0.0397093474104375,1.06825285367268,1.7365934548863013,-1.0,-1.0
2019-11-15,-0.0532601080379961,1.06825285367268,1.0678495640800494,-1.0,-1.0
2019-11-18,-0.0686662946837515,1.06825285367268,0.33176528524358784,0.0,-1.0
2019-11-19,-0.0586574826166161,1.06825285367268,0.7708342779839025,0.0,0.0
2019-11-20,-0.0413777104688763,1.06825285367268,1.5622424040960132,0.0,0.0
2019-11-21,-0.0307460411071458,1.06825285367268,2.028052202102004,-1.0,0.0
2019-11-22,-0.0276891097004794,1.06825285367268,2.100537267918809,-1.0,-1.0
2019-11-25,-0.0459476267016407,1.06825285367268,1.164608425169363,-1.0,-1.0
2019-11-26,-0.0433442500100778,1.06825285367268,1.2697919137327522,-1.0,-1.0
2019-11-27,-0.0496716199216384,1.06825285367268,0.9210400417830276,-1.0,-1.0
2019-11-28,-0.0580550460836333,1.06825285367268,0.47295787199435735,0.0,-1.0
2019-11-29,-0.0505897509795705,1.06825285367268,0.8264466209221835,0.0,0.0
2019-12-02,-0.0695397045194194,1.06825285367268,-0.14011477112479953,0.0,0.0
2019-12-03,-0.0867075355751314,1.06825285367268,-0.9874875790988017,0.0,0.0
2019-12-04,-0.0926143503130987,1.06825285367268,-1.24987297138278,0.0,0.0
2019-12-05,-0.0961972817067815,1.06825285367268,-1.387044566543268,0.0,0.0
2019-12-06,-0.1119072435300072,1.06825285367268,-2.1316097173976107,1.0,0.0
2019-12-09,-0.1047525521332053,1.06825285367268,-1.671481482589561,1.0,1.0
2019-12-10,-0.1015226870960797,1.06825285367268,-1.4591562163942582,1.0,1.0
2019-12-11,-0.1175300160493497,1.06825285367268,-2.163442006046203,1.0,1.0
2019-12-12,-0.1239517631791038,1.06825285367268,-2.3358226193974754,1.0,1.0
2019-12-13,-0.109430419816789,1.06825285367268,-1.5815989178611198,1.0,1.0
2019-12-16,-0.1216316121621075,1.06825285367268,-2.048329870054453,1.0,1.0
2019-12-17,-0.1166009025222347,1.06825285367268,-1.743465074566113,1.0,1.0
2019-12-18,-0.1068889762922715,1.06825285367268,-1.3120891867575335,1.0,1.0
2019-12-19,-0.1128253333537152,1.06825285367268,-1.516047580236241,1.0,1.0
2019-12-20,-0.0837388007682555,1.06825285367268,-0.3184740288678456,0.0,1.0
2019-12-23,-0.0870244780311333,1.06825285367268,-0.44535882452125225,0.0,0.0
2019-12-24,-0.1014085894455618,1.06825285367268,-0.9959218928016055,0.0,0.0
2019-12-26,-0.1051680052632484,1.06825285367268,-1.1137298964583935,0.0,0.0
2019-12-27,-0.0961248532678888,1.06825285367268,-0.7418689678570238,0.0,0.0
2019-12-30,-0.0935705313567405,1.06825285367268,-0.6412735995591797,0.0,0.0
2019-12-31,-0.0976095899683429,1.06825285367268,-0.812353027956747,0.0,0.0
2020-01-01,-0.0859605746766059,1.06825285367268,-0.3573315485401047,0.0,0.0
2020-01-02,-0.0780100348503829,1.06825285367268,-0.05412452899064916,0.0,0.0
2020-01-03,-0.0830987599413619,1.06825285367268,-0.2557693371894821,0.0,0.0
2020-01-06,-0.1020406594018741,1.06825285367268,-0.9889939427413892,0.0,0.0
2020-01-07,-0.0980945539159989,1.06825285367268,-0.8200219123994859,0.0,0.0
2020-01-08,-0.0904367789388702,1.06825285367268,-0.5187141621376354,0.0,0.0
2020-01-09,-0.0858489635639747,1.06825285367268,-0.3454190475019044,0.0,0.0
2020-01-10,-0.0895333686391151,1.06825285367268,-0.4882971216870312,0.0,0.0
2020-01-13,-0.0910146038035994,1.06825285367268,-0.5476041878317222,0.0,0.0
2020-01-14,-0.0792251079354064,1.06825285367268,-0.09177297019149432,0.0,0.0
2020-01-15,-0.0825400206302919,1.06825285367268,-0.2247652699529693,0.0,0.0
2020-01-16,-0.0963133693221145,1.06825285367268,-0.7583866367796879,0.0,0.0
2020-01-17,-0.1015502713841733,1.06825285367268,-0.9515664862297923,0.0,0.0
2020-01-20,-0.0682249357009743,1.06825285367268,0.3411707058736777,0.0,0.0
2020-01-21,-0.0814109294384257,1.06825285367268,-0.16859551357752733,0.0,0.0
2020-01-22,-0.0578743349033565,1.06825285367268,0.7350969522279813,0.0,0.0
2020-01-23,-0.0682796887378307,1.06825285367268,0.333102215022617,0.0,0.0
2020-01-24,-0.0929199234291253,1.06825285367268,-0.5956979913036936,0.0,0.0
2020-01-27,-0.102316234485265,1.06825285367268,-0.934430915774636,0.0,0.0
2020-01-28,-0.0991781196696521,1.06825285367268,-0.7834839473788373,0.0,0.0
2020-01-29,-0.098308053211424,1.06825285367268,-0.723253017820805,0.0,0.0
2020-01-30,-0.0982951313316524,1.06825285367268,-0.6967914245733532,0.0,0.0
2020-01-31,-0.1389601230697632,1.06825285367268,-2.2844689430280636,1.0,0.0
2020-02-03,-0.1568255784781627,1.06825285367268,-2.8855735025920723,1.0,1.0
2020-02-04,-0.1402380776770249,1.06825285367268,-2.074147322851881,1.0,1.0
2020-02-05,-0.1228435644099379,1.06825285367268,-1.3344914125365261,1.0,1.0
2020-02-06,-0.116744249637037,1.06825285367268,-1.0655001004511582,1.0,1.0
2020-02-07,-0.1013568455493407,1.06825285367268,-0.4689807458192558,0.0,1.0
2020-02-10,-0.1133371619252585,1.06825285367268,-0.8920595166970837,0.0,0.0
2020-02-11,-0.118298475468122,1.06825285367268,-1.0506601946405778,0.0,0.0
2020-02-12,-0.1351374961064566,1.06825285367268,-1.6516319912080013,0.0,0.0
2020-02-13,-0.1254899037520545,1.06825285367268,-1.2284625561192333,0.0,0.0
2020-02-14,-0.1378023993529664,1.06825285367268,-1.6697874859646553,0.0,0.0
2020-02-17,-0.1460391447820175,1.06825285367268,-1.9723434529906032,0.0,0.0
2020-02-18,-0.1491853144470951,1.06825285367268,-2.083613358792435,1.0,0.0
2020-02-19,-0.1441144153772828,1.06825285367268,-1.813942348580751,1.0,1.0
2020-02-20,-0.1428220534212387,1.06825285367268,-1.725697278668264,1.0,1.0
2020-02-24,-0.1438239125062983,1.06825285367268,-1.7299715992082976,1.0,1.0
2020-02-25,-0.1502706767507717,1.06825285367268,-1.954069806351514,1.0,1.0
2020-02-26,-0.1452009935740763,1.06825285367268,-1.6924068289449878,1.0,1.0
2020-02-27,-0.1554004675686791,1.06825285367268,-2.072343872099315,1.0,1.0
2020-02-28,-0.1333763337491174,1.06825285367268,-1.0485616455833677,1.0,1.0
2020-03-02,-0.1175526870997876,1.06825285367268,-0.35803376614915866,0.0,1.0
2020-03-03,-0.1337739728562059,1.06825285367268,-1.0179943293514107,0.0,0.0
2020-03-04,-0.1499292480249332,1.06825285367268,-1.660199007909979,0.0,0.0
2020-03-05,-0.1762066640148045,1.06825285367268,-2.6530819148699347,1.0,0.0
2020-03-06,-0.1773836043025358,1.06825285367268,-2.510437024678226,1.0,1.0
2020-03-09,-0.1667826745111638,1.06825285367268,-1.9672863999044292,1.0,1.0
2020-03-11,-0.1684506280079203,1.06825285367268,-1.9425933761534433,1.0,1.0
2020-03-12,-0.1681915767203516,1.06825285367268,-1.8421588750503397,1.0,1.0
2020-03-13,-0.1254357966508337,1.06825285367268,-0.3435680117384357,0.0,1.0
2020-03-16,-0.1287403318290501,1.06825285367268,-0.4482495495800321,0.0,0.0
2020-03-17,-0.1052924083247264,1.06825285367268,0.3434236824053728,0.0,0.0
2020-03-18,-0.0821742796486066,1.06825285367268,1.106416371581581,0.0,0.0
2020-03-19,-0.0960114998062726,1.06825285367268,0.6455694613627607,0.0,0.0
2020-03-20,-0.1547896844396117,1.06825285367268,-1.3041896412746081,0.0,0.0
2020-03-23,-0.1407815700718915,1.06825285367268,-0.7985012019731064,0.0,0.0
2020-03-24,-0.1976611486103783,1.06825285367268,-2.6400405388077144,1.0,0.0
2020-03-25,-0.2080690586962292,1.06825285367268,-2.78071789458582,1.0,1.0
2020-03-26,-0.2240477246848859,1.06825285367268,-3.0457719844171534,1.0,1.0
2020-03-27,-0.2404920727048374,1.06825285367268,-3.24065706460323,1.0,1.0
2020-03-30,-0.2407387524523425,1.06825285367268,-2.9551664280566867,1.0,1.0
2020-03-31,-0.2069497475709987,1.06825285367268,-1.9103241419116412,1.0,1.0
2020-04-01,-0.1463686400729136,1.06825285367268,-0.3850372568894788,0.0,1.0
2020-04-03,-0.128060169479129,1.06825285367268,0.06785999561944704,0.0,0.0
2020-04-07,-0.0840449439435273,1.06825285367268,1.1346710834898492,0.0,0.0
2020-04-08,-0.0827984170562219,1.06825285367268,1.158808202637927,0.0,0.0
2020-04-09,-0.1169880789880402,1.06825285367268,0.3402651553326448,0.0,0.0
2020-04-13,-0.1309965042584888,1.06825285367268,0.017085113762518978,0.0,0.0
2020-04-15,-0.0994445478173782,1.06825285367268,0.79819192730646,0.0,0.0
2020-04-16,-0.0407934023105749,1.06825285367268,2.2476912979649044,-1.0,0.0
2020-04-17,-0.057749082896044,1.06825285367268,1.7640526509387475,-1.0,-1.0
2020-04-20,-0.0128149970862114,1.06825285367268,2.7610075172047854,-1.0,-1.0
2020-04-21,0.0063958403261503,1.06825285367268,2.9993412623496507,-1.0,-1.0
2020-04-22,-0.0066869103643645,1.06825285367268,2.5356336352670734,-1.0,-1.0
2020-04-23,-0.0654842439350025,1.06825285367268,1.2319398559867962,-1.0,-1.0
2020-04-24,-0.0746709902436046,1.06825285367268,1.055236649517609,-1.0,-1.0
2020-04-27,-0.1374320224783796,1.06825285367268,-0.19600406792842795,0.0,-1.0
2020-04-28,-0.1543288221504211,1.06825285367268,-0.5213123027709695,0.0,0.0
2020-04-29,-0.10739476502168,1.06825285367268,0.4390593503998139,0.0,0.0
2020-04-30,-0.105784722123162,1.06825285367268,0.47485693627413655,0.0,0.0
2020-05-04,-0.1233107819992431,1.06825285367268,0.124873064716146,0.0,0.0
2020-05-05,-0.1024027469247164,1.06825285367268,0.5564025462653189,0.0,0.0
2020-05-06,-0.0713102565706007,1.06825285367268,1.1700274311622088,0.0,0.0
2020-05-07,-0.0538624282880011,1.06825285367268,1.4805835703061578,0.0,0.0
2020-05-08,-0.0650939668875576,1.06825285367268,1.2060663901021074,0.0,0.0
2020-05-11,-0.0537044397550898,1.06825285367268,1.3942543156961165,0.0,0.0
2020-05-12,-0.0409215053719229,1.06825285367268,1.5967554537034696,0.0,0.0
2020-05-13,-0.0392737410475882,1.06825285367268,1.5781075182129807,0.0,0.0
2020-05-14,-0.0642450280316371,1.06825285367268,1.0650514788843932,0.0,0.0
2020-05-15,-0.0751990646424669,1.06825285367268,0.8392969471110583,0.0,0.0
2020-05-18,-0.0746526787758377,1.06825285367268,0.8267166823304181,0.0,0.0
2020-05-19,-0.0978447799266266,1.06825285367268,0.38912862649500196,0.0,0.0
2020-05-20,-0.0941562295595241,1.06825285367268,0.44344586895098215,0.0,0.0
2020-05-21,-0.0821930690035896,1.06825285367268,0.6436159079708872,0.0,0.0
2020-05-22,-0.1157709789810796,1.06825285367268,0.01855142099671041,0.0,0.0
2020-05-26,-0.093282178828856,1.06825285367268,0.4158209635617645,0.0,0.0
2020-05-27,-0.0929021145020492,1.06825285367268,0.40801951684928206,0.0,0.0
2020-05-28,-0.058284852552223,1.06825285367268,1.0185858107255632,0.0,0.0
2020-05-29,-0.0467911259968438,1.06825285367268,1.19275067555874,0.0,0.0
2020-06-01,-0.0307456971335753,1.06825285367268,1.4391845727499537,0.0,0.0
2020-06-02,-0.0952682535846838,1.06825285367268,0.2490897471641997,0.0,0.0
2020-06-03,-0.1084322155716543,1.06825285367268,0.0059340003438582084,0.0,0.0
2020-06-04,-0.0877862186785778,1.06825285367268,0.3675264929369203,0.0,0.0
2020-06-05,-0.0593973490434134,1.06825285367268,0.8554187105163229,0.0,0.0
2020-06-08,-0.0755896732525833,1.06825285367268,0.5422793058138389,0.0,0.0
2020-06-09,-0.0777706888750247,1.06825285367268,0.47946138477040107,0.0,0.0
2020-06-10,-0.0959456553975304,1.06825285367268,0.1274731488394937,0.0,0.0
2020-06-11,-0.0924194329158636,1.06825285367268,0.17179265760627,0.0,0.0
2020-06-12,-0.062255980239974,1.06825285367268,0.7086367927828369,0.0,0.0
2020-06-15,-0.0701978093083797,1.06825285367268,0.5341591665904247,0.0,0.0
2020-06-16,-0.0519946731478579,1.06825285367268,0.8568789970288759,0.0,0.0
2020-06-17,-0.0353436692621782,1.06825285367268,1.1404551197402177,0.0,0.0
2020-06-18,-0.0445803863391995,1.06825285367268,0.9369125536124677,0.0,0.0
2020-06-19,-0.0308311749157796,1.06825285367268,1.170711769152924,0.0,0.0
2020-06-22,-0.0777814435413946,1.06825285367268,0.2882901359225971,0.0,0.0
2020-06-23,-0.0915864357738245,1.06825285367268,0.015397222933128948,0.0,0.0
2020-06-24,-0.0650799726402038,1.06825285367268,0.4882106250606438,0.0,0.0
2020-06-25,-0.0983505582866053,1.06825285367268,-0.17010715773952767,0.0,0.0
2020-06-26,-0.039123848152891,1.06825285367268,0.9634887479860065,0.0,0.0
2020-06-29,-0.033065572892541,1.06825285367268,1.0858376811445973,0.0,0.0
2020-06-30,-0.0463656610636915,1.06825285367268,0.8031586316447845,0.0,0.0
2020-07-01,-0.0260177351154418,1.06825285367268,1.364216598999701,0.0,0.0
2020-07-02,-0.0178550820511986,1.06825285367268,1.647461790469159,0.0,0.0
2020-07-03,-0.0335601295366512,1.06825285367268,1.1486772953566247,0.0,0.0
2020-07-06,-0.0179383202262473,1.06825285367268,1.5813581233184113,0.0,0.0
2020-07-07,-0.0162641374071546,1.06825285367268,1.5682950492513512,0.0,0.0
2020-07-08,0.0006005649536184,1.06825285367268,1.9907918587312163,0.0,0.0
2020-07-09,0.0015710605805256,1.06825285367268,1.9320586797609538,0.0,0.0
2020-07-10,-0.0014507054663113,1.06825285367268,1.7810126961948087,0.0,0.0
2020-07-13,-0.0132126027027368,1.06825285367268,1.379525500479131,0.0,0.0
2020-07-14,-0.003003496863541,1.06825285367268,1.6286525592643017,0.0,0.0
2020-07-15,-0.0015501755160185,1.06825285367268,1.608410611364735,0.0,0.0
2020-07-16,-0.0193650506058418,1.06825285367268,1.1185287959130503,0.0,0.0
2020-07-17,0.0099935622375166,1.06825285367268,1.9428619700805017,0.0,0.0
2020-07-20,0.0477880399242724,1.06825285367268,2.918531951303984,-1.0,0.0
2020-07-21,0.0207566675017174,1.06825285367268,2.0096312827559726,-1.0,-1.0
2020-07-22,0.0231520889882048,1.06825285367268,1.967274725639848,-1.0,-1.0
2020-07-23,0.001807488761889,1.06825285367268,1.3868076930985522,-1.0,-1.0
2020-07-24,0.0106238967157512,1.06825285367268,1.5927279886685604,-1.0,-1.0
2020-07-27,-0.0034981843553625,1.06825285367268,1.1839858731806767,-1.0,-1.0
2020-07-28,-0.0454108443740182,1.06825285367268,0.09531319854633206,0.0,-1.0
2020-07-29,-0.070071145817633,1.06825285367268,-0.5734507035694689,0.0,0.0
2020-07-30,-0.0798344272991951,1.06825285367268,-0.8521965177048116,0.0,0.0
2020-07-31,-0.0820181287144574,1.06825285367268,-0.9032662914764399,0.0,0.0
2020-08-03,-0.066589651910335,1.06825285367268,-0.48390454383734294,0.0,0.0
2020-08-04,-0.040280266277465,1.06825285367268,0.200915407914042,0.0,0.0
2020-08-05,-0.0621472991595597,1.06825285367268,-0.3733757371721633,0.0,0.0
2020-08-06,-0.0541445775967703,1.06825285367268,-0.15600827278822196,0.0,0.0
2020-08-07,-0.0530338690859348,1.06825285367268,-0.12075430012288929,0.0,0.0
2020-08-10,-0.0605329473455462,1.06825285367268,-0.32086029987904746,0.0,0.0
2020-08-11,-0.0488689621353861,1.06825285367268,-0.023866325836471185,0.0,0.0
2020-08-12,-0.0282915733488113,1.06825285367268,0.5041269327323853,0.0,0.0
2020-08-13,-0.0335925259081317,1.06825285367268,0.33925770414856143,0.0,0.0
2020-08-14,-0.0338192519879516,1.06825285367268,0.31050305375136256,0.0,0.0
2020-08-17,-0.0517618783359932,1.06825285367268,-0.19561990221150627,0.0,0.0
2020-08-18,-0.0621422735664678,1.06825285367268,-0.5229887676792498,0.0,0.0
2020-08-19,-0.0418470002324076,1.06825285367268,0.03177140854388583,0.0,0.0
2020-08-20,-0.0353173151066004,1.06825285367268,0.1967151392066087,0.0,0.0
2020-08-21,-0.0113012923381505,1.06825285367268,0.8822039977298028,0.0,0.0
2020-08-24,-0.0202863109129207,1.06825285367268,0.6008099124165518,0.0,0.0
2020-08-25,-0.0277662978287009,1.06825285367268,0.3794066263959734,0.0,0.0
2020-08-26,-0.0564498248131837,1.06825285367268,-0.48731129348360597,0.0,0.0
2020-08-27,-0.0496535631191141,1.06825285367268,-0.3240949553535968,0.0,0.0
2020-08-28,-0.0823556126736253,1.06825285367268,-1.3602896401105584,0.0,0.0
2020-08-31,-0.0321639434244946,1.06825285367268,0.20022121387026226,0.0,0.0
2020-09-01,-0.0440602205110858,1.06825285367268,-0.1871765660743782,0.0,0.0
2020-09-02,-0.0326499712268679,1.06825285367268,0.1496022553829638,0.0,0.0
2020-09-03,-0.0152159375962721,1.06825285367268,0.6815837770240987,0.0,0.0
2020-09-04,-0.0127151716896598,1.06825285367268,0.7390457243859333,0.0,0.0
2020-09-07,-0.0118253203802014,1.06825285367268,0.7430765751568038,0.0,0.0
2020-09-08,0.0041098927106419,1.06825285367268,1.2483208891997195,0.0,0.0
2020-09-09,0.0092635115809072,1.06825285367268,1.376218938425766,0.0,0.0
2020-09-10,0.0091924760461257,1.06825285367268,1.328641446852349,0.0,0.0
2020-09-11,-0.0105275256922707,1.06825285367268,0.6490252343316788,0.0,0.0
2020-09-14,-0.0091069084764248,1.06825285367268,0.6814230292198634,0.0,0.0
2020-09-15,-0.0129604377315191,1.06825285367268,0.5300351878457833,0.0,0.0
2020-09-16,0.007265309012288,1.06825285367268,1.1864169425201447,0.0,0.0
2020-09-17,0.0145214117630159,1.06825285367268,1.3934712619105227,0.0,0.0
2020-09-18,0.013119288440472,1.06825285367268,1.330267262796839,0.0,0.0
2020-09-21,-0.0034304148616106,1.06825285367268,0.711004926247033,0.0,0.0
2020-09-22,-0.0023185933397611,1.06825285367268,0.7299943554161706,0.0,0.0
2020-09-23,0.0049913025711276,1.06825285367268,0.9579428845809296,0.0,0.0
2020-09-24,0.0135982527319136,1.06825285367268,1.228214586606283,0.0,0.0
2020-09-25,0.0207690124470323,1.06825285367268,1.438332807729265,0.0,0.0
2020-09-28,0.0088451592919636,1.06825285367268,0.9884420157097956,0.0,0.0
2020-09-29,0.0297207616992878,1.06825285367268,1.656388981024227,0.0,0.0
2020-09-30,0.0405352492529438,1.06825285367268,1.9450097748800892,0.0,0.0
2020-10-01,0.0358820276393734,1.06825285367268,1.724931557057613,0.0,0.0
2020-10-05,0.0347559894693967,1.06825285367268,1.6366264762804534,0.0,0.0
2020-10-06,0.0420558773468346,1.06825285367268,1.8068386947802235,0.0,0.0
2020-10-07,0.0686669500683407,1.06825285367268,2.5157864806959225,-1.0,0.0
2020-10-08,0.0974897935209941,1.06825285367268,3.16931830472927,-1.0,-1.0
2020-10-09,0.1321232934084637,1.06825285367268,3.7918010152078105,-1.0,-1.0
2020-10-12,0.121499482286171,1.06825285367268,3.099939042562269,-1.0,-1.0
2020-10-13,0.0831317259863251,1.06825285367268,2.0101976071786174,-1.0,-1.0
2020-10-14,0.0873107343035046,1.06825285367268,2.0454180935302135,-1.0,-1.0
2020-10-15,0.0869588431161121,1.06825285367268,1.9532537221358273,-1.0,-1.0
2020-10-16,0.0905751931589042,1.06825285367268,1.9507620242623152,-1.0,-1.0
2020-10-19,0.0624533893701695,1.06825285367268,1.3170082154868066,-1.0,-1.0
2020-10-20,0.0854084657121623,1.06825285367268,1.7226002440277604,-1.0,-1.0
2020-10-21,0.0848735449972277,1.06825285367268,1.6437884761606276,-1.0,-1.0
2020-10-22,0.0742591038438664,1.06825285367268,1.3817017330140346,-1.0,-1.0
2020-10-23,0.0839801380212295,1.06825285367268,1.5141482708866913,-1.0,-1.0
2020-10-26,0.0377948874818541,1.06825285367268,0.615877283717184,-1.0,-1.0
2020-10-27,-0.0655871966023289,1.06825285367268,-1.3475317165468397,0.0,-1.0
2020-10-28,-0.0601206325603076,1.06825285367268,-1.2459121798765935,0.0,0.0
2020-10-29,-0.0921906472593203,1.06825285367268,-1.8289784227122499,0.0,0.0
2020-10-30,-0.0791685236733776,1.06825285367268,-1.5544446925669277,0.0,0.0
2020-11-02,-0.0754821953695268,1.06825285367268,-1.4641118498535173,0.0,0.0
2020-11-03,-0.0576124684337928,1.06825285367268,-1.1227887280053779,0.0,0.0
2020-11-04,-0.074653094466325,1.06825285367268,-1.4322143778077256,0.0,0.0
2020-11-05,-0.0942324030718726,1.06825285367268,-1.7611278471994034,0.0,0.0
2020-11-06,-0.091209257970152,1.06825285367268,-1.6496049986330956,0.0,0.0
2020-11-09,-0.0726227492767073,1.06825285367268,-1.2834368823284565,0.0,0.0
2020-11-10,-0.0489975567888123,1.06825285367268,-0.8582996685567902,0.0,0.0
2020-11-11,-0.0845989050789066,1.06825285367268,-1.4639399599487721,0.0,0.0
2020-11-12,-0.0659692644471343,1.06825285367268,-1.1321373322870083,0.0,0.0
2020-11-13,-0.0806105563071852,1.06825285367268,-1.3632004192494735,0.0,0.0
2020-11-14,-0.0770041007425188,1.06825285367268,-1.2743326332385874,0.0,0.0
2020-11-17,-0.0647384980182765,1.06825285367268,-1.0398451336258407,0.0,0.0
2020-11-18,-0.0845585904245869,1.06825285367268,-1.339969931709935,0.0,0.0
2020-11-19,-0.1067620821296388,1.06825285367268,-1.6613606934209137,0.0,0.0
2020-11-20,-0.121923358342701,1.06825285367268,-1.8585071673641862,0.0,0.0
2020-11-23,-0.1331585913500248,1.06825285367268,-1.9680102885653692,0.0,0.0
2020-11-24,-0.1174920265170005,1.06825285367268,-1.6805122665442547,0.0,0.0
2020-11-25,-0.1071819349495246,1.06825285367268,-1.471849078962463,0.0,0.0
2020-11-26,-0.1055004302442403,1.06825285367268,-1.4097068227118155,0.0,0.0
2020-11-27,-0.1057269952120645,1.06825285367268,-1.3741389048554722,0.0,0.0
2020-12-01,-0.093331077300057,1.06825285367268,-1.158070558370081,0.0,0.0
2020-12-02,-0.0761882540998293,1.06825285367268,-0.8889537325566504,0.0,0.0
2020-12-03,-0.1015565580363455,1.06825285367268,-1.217911437427735,0.0,0.0
2020-12-04,-0.1101862519731646,1.06825285367268,-1.2973415740297203,0.0,0.0
2020-12-07,-0.1048932167389073,1.06825285367268,-1.1829004309652433,0.0,0.0
2020-12-08,-0.1096926944901666,1.06825285367268,-1.2092569821351467,0.0,0.0
2020-12-09,-0.1160845970652149,1.06825285367268,-1.2572678405824973,0.0,0.0
2020-12-10,-0.1425158820120238,1.06825285367268,-1.5613208755207642,0.0,0.0
2020-12-11,-0.1542735962720414,1.06825285367268,-1.652977667509921,0.0,0.0
2020-12-14,-0.1724948776596244,1.06825285367268,-1.8126476248933718,0.0,0.0
2020-12-15,-0.1651153082055172,1.06825285367268,-1.6415735024669906,0.0,0.0
2020-12-16,-0.152033941643805,1.06825285367268,-1.4183992629070588,0.0,0.0
2020-12-17,-0.1372622051371737,1.06825285367268,-1.1941261994111028,0.0,0.0
2020-12-18,-0.1498212559193046,1.06825285367268,-1.3018056581853916,0.0,0.0
2020-12-21,-0.1618911480789551,1.06825285367268,-1.395837690576776,0.0,0.0
2020-12-22,-0.1515619845461682,1.06825285367268,-1.2279910047272207,0.0,0.0
2020-12-23,-0.1596524233194367,1.06825285367268,-1.277404133376803,0.0,0.0
2020-12-24,-0.1661166458032807,1.06825285367268,-1.3055499952782563,0.0,0.0
2020-12-28,-0.1702155768753011,1.06825285367268,-1.305479876470417,0.0,0.0
2020-12-29,-0.1656813882439003,1.06825285367268,-1.2106677290155403,0.0,0.0
2020-12-30,-0.171893515051031,1.06825285367268,-1.2383521709922238,0.0,0.0
2020-12-31,-0.1573467849216197,1.06825285367268,-1.0372535233853604,0.0,0.0
2021-01-01,-0.1643801476291058,1.06825285367268,-1.0808468858115419,0.0,0.0
2021-01-04,-0.1553727642061115,1.06825285367268,-0.948335366388892,0.0,0.0
2021-01-05,-0.1446877795121448,1.06825285367268,-0.8014562191419898,0.0,0.0
2021-01-06,-0.154797260970021,1.06825285367268,-0.9030189398894388,0.0,0.0
2021-01-07,-0.1480254678133823,1.06825285367268,-0.802835892506321,0.0,0.0
2021-01-08,-0.1471766170473127,1.06825285367268,-0.7694091992253936,0.0,0.0
2021-01-11,-0.1156495391367178,1.06825285367268,-0.32795416564260227,0.0,0.0
2021-01-12,-0.0761961650573681,1.06825285367268,0.25645997389658326,0.0,0.0
2021-01-13,-0.0711594439048877,1.06825285367268,0.3892427285067787,0.0,0.0
2021-01-14,-0.0784233953008106,1.06825285367268,0.3301097164261264,0.0,0.0
2021-01-15,-0.0635027270027217,1.06825285367268,0.6555235017586564,0.0,0.0
2021-01-18,-0.0425901237439649,1.06825285367268,1.150732272170154,0.0,0.0
2021-01-19,-0.0516130025304386,1.06825285367268,1.1159989791351104,0.0,0.0
2021-01-20,-0.0575973216769982,1.06825285367268,1.1891539246900376,0.0,0.0
2021-01-21,-0.0544593029278761,1.06825285367268,1.4286096118874583,0.0,0.0
2021-01-22,-0.0586021301345995,1.06825285367268,1.31013825716012,0.0,0.0
2021-01-25,-0.025502836241988,1.06825285367268,2.146781644168959,-1.0,0.0
2021-01-27,-0.0447543956073843,1.06825285367268,1.5739837951428242,-1.0,-1.0
2021-01-28,-0.0465527236439173,1.06825285367268,1.4918177646597035,-1.0,-1.0
2021-01-29,-0.0266017703304113,1.06825285367268,1.934327681131268,-1.0,-1.0
2021-02-01,-0.0202642567684652,1.06825285367268,2.0332953057797925,-1.0,-1.0
2021-02-02,4.615967830456924e-05,1.06825285367268,2.4142142314165107,-1.0,-1.0
2021-02-03,0.0143714916421417,1.06825285367268,2.5814841303083274,-1.0,-1.0
2021-02-04,-0.0159519973683135,1.06825285367268,1.7922560266966605,-1.0,-1.0
2021-02-05,-0.0439868323538421,1.06825285367268,1.1705012903190755,-1.0,-1.0
2021-02-08,-0.025354142480606,1.06825285367268,1.5393209330225959,-1.0,-1.0
2021-02-09,-0.0168757608773688,1.06825285367268,1.6582465340499033,-1.0,-1.0
2021-02-10,-0.0373144531468021,1.06825285367268,1.217794732997607,-1.0,-1.0
2021-02-11,-0.048161875484002,1.06825285367268,0.9838471931386683,-1.0,-1.0
2021-02-12,-0.0366407089794691,1.06825285367268,1.186515580655584,-1.0,-1.0
2021-02-15,-0.0339137592700895,1.06825285367268,1.2192546236518695,-1.0,-1.0
2021-02-16,-0.0456914368982719,1.06825285367268,0.9707517366920055,-1.0,-1.0
2021-02-17,-0.0545896185321543,1.06825285367268,0.7807881883512388,-1.0,-1.0
2021-02-18,-0.0512030060551298,1.06825285367268,0.8199210074601976,-1.0,-1.0
2021-02-19,-0.0573453356390762,1.06825285367268,0.6810758391270313,-1.0,-1.0
2021-02-22,-0.0575412621914868,1.06825285367268,0.657619793313269,-1.0,-1.0
2021-02-23,-0.0269455165776903,1.06825285367268,1.1987385442332699,-1.0,-1.0
2021-02-24,0.0007727242912736,1.06825285367268,1.661670232619001,-1.0,-1.0
2021-02-25,0.009552934311106,1.06825285367268,1.7494377427009313,-1.0,-1.0
2021-02-26,0.0306472124259729,1.06825285367268,2.0402328198206283,-1.0,-1.0
2021-03-01,0.0081528346591062,1.06825285367268,1.5691212527413267,-1.0,-1.0
2021-03-02,0.0145349481464602,1.06825285367268,1.6132712982962154,-1.0,-1.0
2021-03-03,-0.004943474393233,1.06825285367268,1.2367653652079766,-1.0,-1.0
2021-03-04,-0.0261051056995427,1.06825285367268,0.861334477973067,-1.0,-1.0
2021-03-05,-0.0542838884681753,1.06825285367268,0.3914082799250453,0.0,-1.0
2021-03-08,-0.0574687963576421,1.06825285367268,0.3255044629016828,0.0,0.0
2021-03-09,-0.0641798577999726,1.06825285367268,0.198732515275836,0.0,0.0
2021-03-10,-0.0603811837614616,1.06825285367268,0.23841265828501926,0.0,0.0
2021-03-12,-0.0470456050405019,1.06825285367268,0.4325684879551754,0.0,0.0
2021-03-15,-0.0530251859538557,1.06825285367268,0.30726415453827105,0.0,0.0
2021-03-16,-0.0552406539064502,1.06825285367268,0.2461027587323513,0.0,0.0
2021-03-17,-0.0466706477938556,1.06825285367268,0.37308784835598957,0.0,0.0
2021-03-18,-0.0276619156241375,1.06825285367268,0.6822894263239323,0.0,0.0
2021-03-19,-0.0254983000668564,1.06825285367268,0.695398909971095,0.0,0.0
2021-03-22,-0.0378925504918363,1.06825285367268,0.44366217890790993,0.0,0.0
2021-03-23,-0.0111343127866083,1.06825285367268,0.918082887157127,0.0,0.0
2021-03-24,-0.007520565092979,1.06825285367268,0.9640465875071033,0.0,0.0
2021-03-25,-0.0062419639163877,1.06825285367268,0.9692710278283656,0.0,0.0
2021-03-26,0.0077508722575201,1.06825285367268,1.238700371229126,0.0,0.0
2021-03-30,0.0426069534136397,1.06825285367268,1.9783494359014764,0.0,0.0
2021-03-31,0.0202684332726938,1.06825285367268,1.4479802155522818,0.0,0.0
2021-04-01,-0.0153224990107005,1.06825285367268,0.6288750097093905,0.0,0.0
2021-04-05,-0.0134381645057519,1.06825285367268,0.6550113069751639,0.0,0.0
2021-04-06,-0.0254206997067347,1.06825285367268,0.32983534124402736,0.0,0.0
2021-04-07,-0.0348292545690513,1.06825285367268,0.03750452968859401,0.0,0.0
2021-04-08,-0.039600208193006,1.06825285367268,-0.1609124716744316,0.0,0.0
2021-04-09,-0.0568845593262157,1.06825285367268,-0.8276513612081999,0.0,0.0
2021-04-12,-0.0618813982729964,1.06825285367268,-1.1013821200970728,0.0,0.0
2021-04-13,-0.0580665297305111,1.06825285367268,-0.9835264520100664,0.0,0.0
2021-04-15,-0.0354790842439509,1.06825285367268,-0.16368108169799533,0.0,0.0
2021-04-16,-0.0309672315616005,1.06825285367268,-0.023481073414575386,0.0,0.0
2021-04-19,-0.0033394509750932,1.06825285367268,1.0229762076505735,0.0,0.0
2021-04-20,-0.0164018582434399,1.06825285367268,0.48970401353855675,0.0,0.0
2021-04-22,-0.0181588686593698,1.06825285367268,0.40152309284583604,0.0,0.0
2021-04-23,-0.0229074154569595,1.06825285367268,0.19487129858745061,0.0,0.0
2021-04-26,-0.0451040063304226,1.06825285367268,-0.6964301981268604,0.0,0.0
2021-04-27,-0.0155677113262298,1.06825285367268,0.45961520776804987,0.0,0.0
2021-04-28,-0.0261142790500121,1.06825285367268,0.03482490157592182,0.0,0.0
2021-04-29,-0.0252198091631132,1.06825285367268,0.0581803221419292,0.0,0.0
2021-04-30,-0.0331720723645467,1.06825285367268,-0.273528024136191,0.0,0.0
2021-05-03,-0.0172916624355066,1.06825285367268,0.3652832159892377,0.0,0.0
2021-05-04,-0.0403646646622366,1.06825285367268,-0.5578943842376677,0.0,0.0
2021-05-05,-0.0533888422868811,1.06825285367268,-1.058491409285807,0.0,0.0
2021-05-06,-0.0651071349805896,1.06825285367268,-1.5071034651017277,0.0,0.0
2021-05-07,-0.050539325691723,1.06825285367268,-0.8647236038001055,0.0,0.0
2021-05-10,-0.0642016767261202,1.06825285367268,-1.4045117650114072,0.0,0.0
2021-05-11,-0.0434413516527989,1.06825285367268,-0.5388106757613803,0.0,0.0
2021-05-12,-0.0238233225608865,1.06825285367268,0.25159392092446,0.0,0.0
2021-05-14,-0.0252940803928849,1.06825285367268,0.18482246974073133,0.0,0.0
2021-05-17,-0.0107308295512709,1.06825285367268,0.746775683521172,0.0,0.0
2021-05-18,0.0075766532279573,1.06825285367268,1.4484358958116388,0.0,0.0
2021-05-19,0.0100177126413854,1.06825285367268,1.492086356532142,0.0,0.0
2021-05-20,0.0063317112781176,1.06825285367268,1.294680331006139,0.0,0.0
2021-05-21,0.0198794998736175,1.06825285367268,1.7658016257246978,0.0,0.0
2021-05-24,0.0286875205417285,1.06825285367268,2.019921102907633,-1.0,0.0
2021-05-25,0.0119026127330537,1.06825285367268,1.3116656053041225,-1.0,-1.0
2021-05-26,0.0166451196951724,1.06825285367268,1.4417631816480228,-1.0,-1.0
2021-05-27,-0.0017993984472157,1.06825285367268,0.7280194196358305,-1.0,-1.0
2021-05-28,-0.0019008933742457,1.06825285367268,0.7267941927293265,-1.0,-1.0
2021-05-31,0.0021982194800136,1.06825285367268,0.8871637656295478,-1.0,-1.0
2021-06-01,0.0057985710060437,1.06825285367268,1.061440082863014,-1.0,-1.0
2021-06-02,0.0089871430460091,1.06825285367268,1.1834295299994244,-1.0,-1.0
2021-06-03,0.0014596484982405,1.06825285367268,0.9105772647499967,-1.0,-1.0
2021-06-04,-0.0097462638784566,1.06825285367268,0.48568835909276514,0.0,-1.0
2021-06-07,-0.0126594731833842,1.06825285367268,0.3661848841872049,0.0,0.0
2021-06-08,-0.0112826187603021,1.06825285367268,0.39603172582513524,0.0,0.0
2021-06-09,-0.0067763736839578,1.06825285367268,0.5446166127834993,0.0,0.0
2021-06-10,-0.0161996929694661,1.06825285367268,0.15126038620007853,0.0,0.0
2021-06-11,-0.0095363136999786,1.06825285367268,0.39106416121069926,0.0,0.0
2021-06-14,0.0015840433831719,1.06825285367268,0.8175272748833229,0.0,0.0
2021-06-15,0.0071368157598517,1.06825285367268,1.0159818553575009,0.0,0.0
2021-06-16,0.0095698774078902,1.06825285367268,1.0857230609352868,0.0,0.0
2021-06-17,-0.0062714490916571,1.06825285367268,0.3953610668276652,0.0,0.0
2021-06-18,0.0064225981382302,1.06825285367268,0.9066706727822076,0.0,0.0
2021-06-21,0.0054027376689651,1.06825285367268,0.8380023584139795,0.0,0.0
2021-06-22,0.0111564618972561,1.06825285367268,1.0475119633425805,0.0,0.0
2021-06-23,0.0247766786203866,1.06825285367268,1.580285879170319,0.0,0.0
2021-06-24,0.0379104630623983,1.06825285367268,2.0542896443595153,-1.0,0.0
2021-06-25,0.045552711092502,1.06825285367268,2.254518530121837,-1.0,-1.0
2021-06-28,0.0422891337401383,1.06825285367268,2.028771902301791,-1.0,-1.0
2021-06-29,0.059321390898793,1.06825285367268,2.667267824949566,-1.0,-1.0
2021-06-30,0.0565545128930597,1.06825285367268,2.42631972649638,-1.0,-1.0
2021-07-01,0.0426833109631381,1.06825285367268,1.8015934213157019,-1.0,-1.0
2021-07-02,0.0389945794194153,1.06825285367268,1.6012767731221138,-1.0,-1.0
2021-07-05,0.039221131621093,1.06825285367268,1.5446367468222613,-1.0,-1.0
2021-07-06,0.0502681027067959,1.06825285367268,1.8413692522906604,-1.0,-1.0
2021-07-07,0.0494729487197469,1.06825285367268,1.7362971238202514,-1.0,-1.0
2021-07-08,0.0550600834942862,1.06825285367268,1.8545402911976636,-1.0,-1.0
2021-07-09,0.0504321233826265,1.06825285367268,1.6491727221251893,-1.0,-1.0
2021-07-12,0.0330301866612243,1.06825285367268,1.0466675386617865,-1.0,-1.0
2021-07-13,0.0336328075205587,1.06825285367268,1.0318891146587519,-1.0,-1.0
2021-07-14,0.0312222235679646,1.06825285367268,0.9210739141433516,-1.0,-1.0
2021-07-15,0.0443342507276591,1.06825285367268,1.312789337040447,-1.0,-1.0
2021-07-16,0.0457546041292964,1.06825285367268,1.311551377934233,-1.0,-1.0
2021-07-19,0.027870468240323,1.06825285367268,0.7095919676872966,-1.0,-1.0
2021-07-20,0.0213243424194562,1.06825285367268,0.4809542310073749,0.0,-1.0
2021-07-22,0.0223120366677926,1.06825285367268,0.48710074002650733,0.0,0.0
2021-07-23,0.0083862121378297,1.06825285367268,0.02405877133292524,0.0,0.0
2021-07-26,-0.0082010373466756,1.06825285367268,-0.5286294249510124,0.0,0.0
2021-07-27,0.0219187463542436,1.06825285367268,0.43591154920495484,0.0,0.0
2021-07-28,0.0349608180771436,1.06825285367268,0.8416414883423113,0.0,0.0
2021-07-29,0.0428941227487742,1.06825285367268,1.0753092816148724,0.0,0.0
2021-07-30,0.0401363449010032,1.06825285367268,0.9529329264834442,0.0,0.0
2021-08-02,0.0308404137346132,1.06825285367268,0.6106470678516495,0.0,0.0
2021-08-03,0.0261715254565695,1.06825285367268,0.4197423843203619,0.0,0.0
2021-08-04,0.0072845921174931,1.06825285367268,-0.3435874087770321,0.0,0.0
2021-08-05,0.0073127801364512,1.06825285367268,-0.425881368612478,0.0,0.0
2021-08-06,0.0092711563220371,1.06825285367268,-0.40158756578394555,0.0,0.0
2021-08-09,0.0145582337271168,1.06825285367268,-0.19297198886870182,0.0,0.0
2021-08-10,-0.0021820630194069,1.06825285367268,-1.0434918810476208,0.0,0.0
2021-08-11,0.0082389709542995,1.06825285367268,-0.5503930714753517,0.0,0.0
2021-08-12,0.0082929289759876,1.06825285367268,-0.5484658229015307,0.0,0.0
2021-08-13,0.0244966365414178,1.06825285367268,0.24503360118370832,0.0,0.0
2021-08-16,0.0307565493943879,1.06825285367268,0.537765447210578,0.0,0.0
2021-08-17,0.0166909689163965,1.06825285367268,-0.16010684992862165,0.0,0.0
2021-08-18,0.0389413339399258,1.06825285367268,0.9388593247287611,0.0,0.0
2021-08-20,0.0686519715224527,1.06825285367268,2.3574300054373887,-1.0,0.0
2021-08-23,0.0668258238429801,1.06825285367268,2.1306383184976627,-1.0,-1.0
2021-08-24,0.0965033555303085,1.06825285367268,3.3686311924556906,-1.0,-1.0
2021-08-25,0.1004085152992155,1.06825285367268,3.214203978595505,-1.0,-1.0
2021-08-26,0.0985489110890123,1.06825285367268,2.85258480859831,-1.0,-1.0
2021-08-27,0.0844033778782797,1.06825285367268,2.1124774666971593,-1.0,-1.0
2021-08-30,0.0832967925071894,1.06825285367268,1.961761964160097,-1.0,-1.0
2021-08-31,0.0807181905375182,1.06825285367268,1.7795354736505864,-1.0,-1.0
2021-09-01,0.0835657900821589,1.06825285367268,1.8092590183743436,-1.0,-1.0
2021-09-02,0.0717737772599411,1.06825285367268,1.3376158605328938,-1.0,-1.0
2021-09-03,0.0543395522358016,1.06825285367268,0.6957783348510058,-1.0,-1.0
2021-09-06,0.0581148440977283,1.06825285367268,0.8016915338907354,-1.0,-1.0
2021-09-07,0.0662349618852626,1.06825285367268,1.0669621762039843,-1.0,-1.0
2021-09-08,0.0406427745594131,1.06825285367268,0.1073637482579965,0.0,-1.0
2021-09-09,0.0342123122101423,1.06825285367268,-0.15205178978994358,0.0,0.0
2021-09-13,0.0128913043844978,1.06825285367268,-0.9654485260984869,0.0,0.0
2021-09-14,-0.0075803805693208,1.06825285367268,-1.7344457146650771,0.0,0.0
2021-09-15,-0.0109680459760879,1.06825285367268,-1.8575662346293909,0.0,0.0
2021-09-16,-0.0223499426695168,1.06825285367268,-2.2341635485346787,1.0,0.0
2021-09-17,-0.0634346337684066,1.06825285367268,-3.619168083409462,1.0,1.0
2021-09-20,-0.0741661535970745,1.06825285367268,-3.6060598324790667,1.0,1.0
2021-09-21,-0.0843019958281781,1.06825285367268,-3.521797965629185,1.0,1.0
2021-09-22,-0.0825521893901157,1.06825285367268,-3.104728076225791,1.0,1.0
2021-09-23,-0.0796485202559145,1.06825285367268,-2.7593090961410627,1.0,1.0
2021-09-24,-0.0619140487022766,1.06825285367268,-2.1366912516214582,1.0,1.0
2021-09-27,-0.050078447188036,1.06825285367268,-1.7536088391876317,1.0,1.0
2021-09-28,-0.07443579233537,1.06825285367268,-2.2206646846307065,1.0,1.0
2021-09-29,-0.0679705669763217,1.06825285367268,-1.95711033190489,1.0,1.0
2021-09-30,-0.0540728614471248,1.06825285367268,-1.5729535936632753,1.0,1.0
2021-10-01,-0.0553986780584567,1.06825285367268,-1.5388066398924427,1.0,1.0
2021-10-04,-0.0520791792954096,1.06825285367268,-1.4123451346869471,1.0,1.0
2021-10-05,-0.0413566392392876,1.06825285367268,-1.1478184467952546,1.0,1.0
2021-10-06,-0.0148079187323704,1.06825285367268,-0.5852786658391911,1.0,1.0
2021-10-07,-0.0157322403909612,1.06825285367268,-0.5829475155901358,1.0,1.0
2021-10-08,-0.0117730063067122,1.06825285367268,-0.48781542970264036,0.0,1.0
2021-10-11,-0.0138518727314647,1.06825285367268,-0.5136792089533714,0.0,0.0
2021-10-12,-0.0270264321120166,1.06825285367268,-0.758233962392792,0.0,0.0
2021-10-13,-0.0286335610825227,1.06825285367268,-0.7656932283017831,0.0,0.0
2021-10-14,-0.0042579951369052,1.06825285367268,-0.26085377482096156,0.0,0.0
2021-10-18,-0.0111561971553877,1.06825285367268,-0.38640782866110573,0.0,0.0
2021-10-19,-0.0127389962178643,1.06825285367268,-0.40666155641297225,0.0,0.0
2021-10-20,-0.0110757059826562,1.06825285367268,-0.36216587435326003,0.0,0.0
2021-10-21,-0.0755392545816349,1.06825285367268,-1.6226695201716697,0.0,0.0
2021-10-22,-0.086578236544434,1.06825285367268,-1.780082261835171,0.0,0.0
2021-10-25,-0.0924629684709765,1.06825285367268,-1.8130333244882935,0.0,0.0
2021-10-26,-0.1226599968906478,1.06825285367268,-2.285631982270092,1.0,0.0
2021-10-27,-0.117673940026667,1.06825285367268,-2.066111846270545,1.0,1.0
2021-10-28,-0.1033427622143809,1.06825285367268,-1.714495215382918,1.0,1.0
2021-10-29,-0.0752642970009249,1.06825285367268,-1.1696643663439223,1.0,1.0
2021-11-01,-0.0847693381405045,1.06825285367268,-1.289772438204678,1.0,1.0
2021-11-02,-0.0839436786365084,1.06825285367268,-1.2341901763518446,1.0,1.0
2021-11-03,-0.079509879557758,1.06825285367268,-1.1228726462033505,1.0,1.0
2021-11-04,-0.0817856293683636,1.06825285367268,-1.1251473054314474,1.0,1.0
2021-11-08,-0.1094878288718845,1.06825285367268,-1.5318166367951684,1.0,1.0
2021-11-09,-0.1161686992408332,1.06825285367268,-1.5798610974161853,1.0,1.0
2021-11-10,-0.1162122711020208,1.06825285367268,-1.51878867009632,1.0,1.0
2021-11-11,-0.1093362144502387,1.06825285367268,-1.3574110447130725,1.0,1.0
2021-11-12,-0.1169650913493889,1.06825285367268,-1.422931114612301,1.0,1.0
2021-11-15,-0.1258060035704948,1.06825285367268,-1.5013507330445706,1.0,1.0
2021-11-16,-0.1243782563464366,1.06825285367268,-1.4234462643037176,1.0,1.0
2021-11-17,-0.120183081469853,1.06825285367268,-1.311484441017603,1.0,1.0
2021-11-18,-0.0995690081332938,1.06825285367268,-0.9721102240487673,1.0,1.0
2021-11-22,-0.0782708381487253,1.06825285367268,-0.630333217663953,1.0,1.0
2021-11-23,-0.0930301629625933,1.06825285367268,-0.8278514287114308,1.0,1.0
2021-11-24,-0.1066265606085865,1.06825285367268,-1.0174552291416281,1.0,1.0
2021-11-25,-0.1139494768766651,1.06825285367268,-1.1155228080455337,1.0,1.0
2021-11-26,-0.1000318392482935,1.06825285367268,-0.8621307156372026,1.0,1.0
2021-11-29,-0.122101482164493,1.06825285367268,-1.2209947090381634,1.0,1.0
2021-11-30,-0.0962791802465385,1.06825285367268,-0.7436269519263526,1.0,1.0
2021-12-01,-0.0842090677502023,1.06825285367268,-0.5002420396331273,1.0,1.0
2021-12-02,-0.0762275975065316,1.06825285367268,-0.31826845557456884,0.0,1.0
2021-12-03,-0.0566834709147778,1.06825285367268,0.11408556864251836,0.0,0.0
2021-12-06,-0.0468381997014999,1.06825285367268,0.37644368678950324,0.0,0.0
2021-12-07,-0.0614194972050912,1.06825285367268,0.10777991835139865,0.0,0.0
2021-12-08,-0.0339198653441599,1.06825285367268,0.8372189099881756,0.0,0.0
2021-12-09,-0.0491336460590208,1.06825285367268,0.5141234917846963,0.0,0.0
2021-12-10,-0.0409719066722074,1.06825285367268,0.7829625988762823,0.0,0.0
2021-12-13,-0.0350841001076416,1.06825285367268,0.9761738320588488,0.0,0.0
2021-12-14,-0.0220438728313903,1.06825285367268,1.367621263895995,0.0,0.0
2021-12-15,-0.0392341245177227,1.06825285367268,0.8856434076487865,0.0,0.0
2021-12-16,-0.0353563634250955,1.06825285367268,0.9769206174980234,0.0,0.0
2021-12-17,-0.0144088030559315,1.06825285367268,1.5301802395728106,0.0,0.0
2021-12-20,-0.0161202669585671,1.06825285367268,1.4253514730425456,0.0,0.0
2021-12-21,-0.0012018181824338,1.06825285367268,1.7728710174540765,0.0,0.0
2021-12-22,-0.0146311745593559,1.06825285367268,1.3455597933708994,0.0,0.0
2021-12-23,-0.0233637708855027,1.06825285367268,1.08111362939176,0.0,0.0
2021-12-24,-0.0104801771495202,1.06825285367268,1.388992279567154,0.0,0.0
2021-12-27,-0.0174403876161379,1.06825285367268,1.166533916124672,0.0,0.0
2021-12-28,-0.0114444964119009,1.06825285367268,1.2815850431939184,0.0,0.0
2021-12-29,-0.0097541813524113,1.06825285367268,1.2888288558276726,0.0,0.0
2021-12-30,0.0009272630305074,1.06825285367268,1.5113544307530253,0.0,0.0
2021-12-31,-0.0114761509160965,1.06825285367268,1.1686036573014267,0.0,0.0
2022-01-03,-0.0013625452392274,1.06825285367268,1.3834057899548946,0.0,0.0
2022-01-04,-0.011879410429799,1.06825285367268,1.123633042905912,0.0,0.0
2022-01-05,-0.0277788642908038,1.06825285367268,0.749651045873436,0.0,0.0
2022-01-06,-0.0270033371832356,1.06825285367268,0.7785875308887629,0.0,0.0
2022-01-07,-0.0269645012823769,1.06825285367268,0.7885035620240329,0.0,0.0
2022-01-10,-0.0456712053244121,1.06825285367268,0.3476132116313418,0.0,0.0
2022-01-11,-0.0352190253749604,1.06825285367268,0.6028938823695018,0.0,0.0
2022-01-12,-0.0520091630010872,1.06825285367268,0.22060940602770265,0.0,0.0
2022-01-13,-0.0539407679343533,1.06825285367268,0.1929692024797155,0.0,0.0
2022-01-14,-0.049330838652061,1.06825285367268,0.3252252320216795,0.0,0.0
2022-01-17,-0.0643416122309163,1.06825285367268,-0.027704871037345015,0.0,0.0
2022-01-18,-0.0618490942844323,1.06825285367268,0.02961811285772123,0.0,0.0
2022-01-19,-0.0486690728410206,1.06825285367268,0.34817037450680766,0.0,0.0
2022-01-20,-0.0475715028388359,1.06825285367268,0.358719163047073,0.0,0.0
2022-01-21,-0.0399051096898386,1.06825285367268,0.5295128428229374,0.0,0.0
2022-01-24,-0.0270872257659107,1.06825285367268,0.8372810355046657,0.0,0.0
2022-01-25,-0.0399138885970709,1.06825285367268,0.47411610913145547,0.0,0.0
2022-01-27,-0.068502139506382,1.06825285367268,-0.2873830652518043,0.0,0.0
2022-01-28,-0.0815711066178961,1.06825285367268,-0.6378411965563096,0.0,0.0
2022-01-31,-0.0429911539638414,1.06825285367268,0.3718956792187754,0.0,0.0
2022-02-01,-0.0497259153011366,1.06825285367268,0.17975154599564877,0.0,0.0
2022-02-02,-0.0608224701533872,1.06825285367268,-0.12612314580736514,0.0,0.0
2022-02-03,-0.0526171041242706,1.06825285367268,0.06993506958543008,0.0,0.0
2022-02-04,-0.0329284238438081,1.06825285367268,0.582970289415115,0.0,0.0
2022-02-07,-0.038178913369701,1.06825285367268,0.41005263677756043,0.0,0.0
2022-02-08,-0.036238993463642,1.06825285367268,0.44036213490663856,0.0,0.0
2022-02-09,-0.0221382581664357,1.06825285367268,0.8305745813526932,0.0,0.0
2022-02-10,-0.022524905516355,1.06825285367268,0.7988206918760751,0.0,0.0
2022-02-11,-0.0041115883835054,1.06825285367268,1.3714153685967954,0.0,0.0
2022-02-14,0.0143646356758857,1.06825285367268,1.9687453413569171,0.0,0.0
2022-02-15,0.0040857884131222,1.06825285367268,1.5596834456047903,0.0,0.0
2022-02-16,-0.007206184950709,1.06825285367268,1.1310793247201083,0.0,0.0
2022-02-17,-0.0058586249163674,1.06825285367268,1.1450683884293258,0.0,0.0
2022-02-18,-0.0074067182316266,1.06825285367268,1.0724135358835474,0.0,0.0
2022-02-21,-0.001302174955426,1.06825285367268,1.2870847580834868,0.0,0.0
2022-02-22,-0.0173512669283857,1.06825285367268,0.6663314431275822,0.0,0.0
2022-02-23,-0.049278533574852,1.06825285367268,-0.6606435486026402,0.0,0.0
2022-02-24,-0.0521347720599569,1.06825285367268,-0.8597000101292913,0.0,0.0
2022-02-25,-0.0627989153527925,1.06825285367268,-1.405300923992845,0.0,0.0
2022-02-28,-0.0754555642990517,1.06825285367268,-2.0299593945053362,1.0,0.0
2022-03-02,-0.0910766746899396,1.06825285367268,-2.67957337443703,1.0,1.0
2022-03-03,-0.0852802164583872,1.06825285367268,-2.2585142512334695,1.0,1.0
2022-03-04,-0.0643951270975309,1.06825285367268,-1.302951006080517,1.0,1.0
2022-03-07,-0.0705604308185572,1.06825285367268,-1.518252084328849,1.0,1.0
2022-03-08,-0.075264610137526,1.06825285367268,-1.6710131213097754,1.0,1.0
2022-03-09,-0.0530118493545934,1.06825285367268,-0.7279128992979313,1.0,1.0
2022-03-10,-0.0467439565219525,1.06825285367268,-0.4650971853823002,0.0,1.0
2022-03-11,-0.0490585446069786,1.06825285367268,-0.5406117078326446,0.0,0.0
2022-03-14,-0.0323198353783151,1.06825285367268,0.12770547913268213,0.0,0.0
2022-03-15,-0.0119005176880095,1.06825285367268,0.9314838804539123,0.0,0.0
2022-03-16,-0.0114398317704269,1.06825285367268,0.9466155278010693,0.0,0.0
2022-03-17,-0.0251579648238946,1.06825285367268,0.40192132296011884,0.0,0.0
2022-03-21,0.0046721270482894,1.06825285367268,1.6127389411369328,0.0,0.0
2022-03-22,-0.0085209449948981,1.06825285367268,1.0572789926332642,0.0,0.0
2022-03-23,0.0042105007293189,1.06825285367268,1.5356960926413425,0.0,0.0
2022-03-24,0.0132565812135769,1.06825285367268,1.8562410772347633,0.0,0.0
2022-03-25,4.255257568086535e-05,1.06825285367268,1.2957634954755386,0.0,0.0
2022-03-28,-0.0004586424529628,1.06825285367268,1.259871850776476,0.0,0.0
2022-03-29,0.0097470736673477,1.06825285367268,1.624109861571838,0.0,0.0
2022-03-30,0.0066760958785661,1.06825285367268,1.492947083690493,0.0,0.0
2022-03-31,0.0078167226845096,1.06825285367268,1.5042414999027487,0.0,0.0
2022-04-01,0.0179756733096363,1.06825285367268,1.8531968523333278,0.0,0.0
2022-04-04,0.0782750685059134,1.06825285367268,3.9136528613329893,-1.0,0.0
2022-04-05,0.0684120179895826,1.06825285367268,3.12826688604482,-1.0,-1.0
2022-04-06,0.0456691198304559,1.06825285367268,2.192464559362466,-1.0,-1.0
2022-04-07,0.0312389365203875,1.06825285367268,1.6715443653167505,-1.0,-1.0
2022-04-08,0.0189933105349648,1.06825285367268,1.266298302038116,-1.0,-1.0
2022-04-11,0.0073327097906901,1.06825285367268,0.9099644508614247,-1.0,-1.0
2022-04-12,-0.0054048355771465,1.06825285367268,0.5367656298550495,-1.0,-1.0
2022-04-13,-0.0114327511322587,1.06825285367268,0.3530477501547675,0.0,-1.0
2022-04-18,-0.0423634327782362,1.06825285367268,-0.503757231805362,0.0,0.0
2022-04-19,-0.0547625232319735,1.06825285367268,-0.8577552481673218,0.0,0.0
2022-04-20,-0.0543867853978889,1.06825285367268,-0.8533860605749854,0.0,0.0
2022-04-21,-0.0639580824697922,1.06825285367268,-1.111603898777564,0.0,0.0
2022-04-22,-0.0574226973148164,1.06825285367268,-0.9186543425266639,0.0,0.0
2022-04-25,-0.0506430256737493,1.06825285367268,-0.7220005612406936,0.0,0.0
2022-04-26,-0.0545648101139724,1.06825285367268,-0.8141617359851201,0.0,0.0
2022-04-27,-0.0534644798125887,1.06825285367268,-0.7746987777764291,0.0,0.0
2022-04-28,-0.0690513556905401,1.06825285367268,-1.208521672508127,0.0,0.0
2022-04-29,-0.0745146792543032,1.06825285367268,-1.3729362547407267,0.0,0.0
2022-05-02,-0.0509861012060577,1.06825285367268,-0.7072239979517184,0.0,0.0
2022-05-04,-0.0863107560874185,1.06825285367268,-1.656689566225881,0.0,0.0
2022-05-05,-0.101717157260424,1.06825285367268,-2.0291100456711066,1.0,0.0
2022-05-06,-0.1148575855138194,1.06825285367268,-2.28767969445145,1.0,1.0
2022-05-09,-0.1084475755209473,1.06825285367268,-2.0023650259882197,1.0,1.0
2022-05-10,-0.1102842284748479,1.06825285367268,-1.9553987005676678,1.0,1.0
2022-05-11,-0.1122514734551334,1.06825285367268,-1.9132652348499575,1.0,1.0
2022-05-12,-0.1057016086824864,1.06825285367268,-1.6767555765598028,1.0,1.0
2022-05-13,-0.1259757316229688,1.06825285367268,-2.055355737840479,1.0,1.0
2022-05-16,-0.1351892054173236,1.06825285367268,-2.1470272154528556,1.0,1.0
2022-05-17,-0.1444471133027542,1.06825285367268,-2.2292288119640635,1.0,1.0
2022-05-18,-0.1482896133854874,1.06825285367268,-2.1834582080017197,1.0,1.0
2022-05-19,-0.1316196619759608,1.06825285367268,-1.7402298743874318,1.0,1.0
2022-05-20,-0.1326800666564329,1.06825285367268,-1.685660164583818,1.0,1.0
2022-05-23,-0.1601826069970551,1.06825285367268,-2.128783066201591,1.0,1.0
2022-05-24,-0.1649632516100236,1.06825285367268,-2.1039200503282554,1.0,1.0
2022-05-25,-0.1715876809053549,1.06825285367268,-2.1093222890062906,1.0,1.0
2022-05-26,-0.1440806419636491,1.06825285367268,-1.5354702553935111,1.0,1.0
2022-05-27,-0.1465144008177432,1.06825285367268,-1.5211371921276386,1.0,1.0
2022-05-30,-0.1158463102638425,1.06825285367268,-0.9706398717886793,1.0,1.0
2022-05-31,-0.0927703950129883,1.06825285367268,-0.5798089684995736,1.0,1.0
2022-06-01,-0.0990358918888878,1.06825285367268,-0.6804856478164572,1.0,1.0
2022-06-02,-0.101774766350613,1.06825285367268,-0.7195177656313573,1.0,1.0
2022-06-03,-0.1058211871119825,1.06825285367268,-0.7714918595356517,1.0,1.0
2022-06-06,-0.1132658674082502,1.06825285367268,-0.8775742918227595,1.0,1.0
2022-06-07,-0.1184399146340471,1.06825285367268,-0.9446605469492775,1.0,1.0
2022-06-08,-0.1076259649370676,1.06825285367268,-0.7499423790014642,1.0,1.0
2022-06-09,-0.1114647508788237,1.06825285367268,-0.7911475822888825,1.0,1.0
2022-06-10,-0.0880732488845854,1.06825285367268,-0.40525158765444036,0.0,1.0
2022-06-13,-0.0734069776660897,1.06825285367268,-0.1614507963856713,0.0,0.0
2022-06-14,-0.0859176192971382,1.06825285367268,-0.34300800403325843,0.0,0.0
2022-06-15,-0.0875171701494386,1.06825285367268,-0.35040603820359245,0.0,0.0
2022-06-16,-0.0696188120061496,1.06825285367268,-0.05110736712039954,0.0,0.0
2022-06-17,-0.0616422071619062,1.06825285367268,0.09601314932312963,0.0,0.0
2022-06-20,-0.0403999433959834,1.06825285367268,0.4541383263890665,0.0,0.0
2022-06-21,-0.0310296271730523,1.06825285367268,0.6237680045062249,0.0,0.0
2022-06-22,-0.0282315892216216,1.06825285367268,0.6898859027477162,0.0,0.0
2022-06-23,-0.0337283264714978,1.06825285367268,0.6113835610814469,0.0,0.0
2022-06-24,-0.0288887899980014,1.06825285367268,0.7070864204847824,0.0,0.0
2022-06-27,-0.0227635842052054,1.06825285367268,0.830189470379396,0.0,0.0
2022-06-28,-0.015959515494643,1.06825285367268,0.9629034223837367,0.0,0.0
2022-06-29,-0.0004075013265412,1.06825285367268,1.2462592467929492,0.0,0.0
2022-06-30,-0.009460072963205,1.06825285367268,1.1035752990981242,0.0,0.0
2022-07-01,-0.0094717034049827,1.06825285367268,1.1881131140795549,0.0,0.0
2022-07-04,-0.0100849291756492,1.06825285367268,1.2603977810929592,0.0,0.0
2022-07-05,-0.0073065499446069,1.06825285367268,1.3776709752743515,0.0,0.0
2022-07-06,-0.0199116362186115,1.06825285367268,1.1667900135988278,0.0,0.0
2022-07-07,-0.0232652961735952,1.06825285367268,1.13589216786984,0.0,0.0
2022-07-08,-0.0261681721881688,1.06825285367268,1.1036159448252978,0.0,0.0
2022-07-11,-0.0175661741543446,1.06825285367268,1.3058099874046083,0.0,0.0
2022-07-12,-0.0140543785168807,1.06825285367268,1.3872400237398272,0.0,0.0
2022-07-13,-0.0530097527428869,1.06825285367268,0.5365720313399952,0.0,0.0
2022-07-14,-0.0750637361284418,1.06825285367268,0.06856729003086687,0.0,0.0
2022-07-15,-0.0775540884519658,1.06825285367268,0.02316024458849519,0.0,0.0
2022-07-18,-0.1223359750232644,1.06825285367268,-0.9235538897907459,0.0,0.0
2022-07-19,-0.1157537924783786,1.06825285367268,-0.7567791946410929,0.0,0.0
2022-07-20,-0.0990219797365323,1.06825285367268,-0.37964228245434256,0.0,0.0
2022-07-21,-0.0861600609007684,1.06825285367268,-0.0926188642282629,0.0,0.0
2022-07-22,-0.0787325656642847,1.06825285367268,0.07617791698356244,0.0,0.0
2022-07-25,-0.0571849908867454,1.06825285367268,0.536917758256176,0.0,0.0
2022-07-26,-0.038836054635067,1.06825285367268,0.9181761606283498,0.0,0.0
2022-07-27,-0.0266660137024148,1.06825285367268,1.167588727001462,0.0,0.0
2022-07-28,-0.0622152404221871,1.06825285367268,0.39203203922141405,0.0,0.0
2022-07-29,-0.0393877031889999,1.06825285367268,0.8550073231675718,0.0,0.0
2022-08-01,-0.0575490288523603,1.06825285367268,0.4489444508398042,0.0,0.0
2022-08-02,-0.0850843221278685,1.06825285367268,-0.14300056854610008,0.0,0.0
2022-08-03,-0.0635850939638693,1.06825285367268,0.29824796564457684,0.0,0.0
2022-08-04,-0.055759875106105,1.06825285367268,0.44695336536415614,0.0,0.0
2022-08-05,-0.0581922258247598,1.06825285367268,0.3788584607958802,0.0,0.0
2022-08-08,-0.0401187127835127,1.06825285367268,0.7421411531108058,0.0,0.0
2022-08-10,-0.0278216029928541,1.06825285367268,0.9793844037206644,0.0,0.0
2022-08-11,-0.0299150465275799,1.06825285367268,0.9040473675918993,0.0,0.0
2022-08-12,-0.0231724636187982,1.06825285367268,1.0259213802213318,0.0,0.0
2022-08-16,-0.0147747082824425,1.06825285367268,1.1810768661914979,0.0,0.0
2022-08-17,-0.0057741852519166,1.06825285367268,1.3473522241133162,0.0,0.0
2022-08-18,-0.0415624727340739,1.06825285367268,0.4981453826330338,0.0,0.0
2022-08-19,-0.0384387718909442,1.06825285367268,0.5483021104039162,0.0,0.0
2022-08-22,-0.0278657507548629,1.06825285367268,0.7988903852243835,0.0,0.0
2022-08-23,-0.044695768500385,1.06825285367268,0.32831576653252476,0.0,0.0
2022-08-24,-0.0466972551490485,1.06825285367268,0.24153850883382036,0.0,0.0
2022-08-25,-0.0528013808996759,1.06825285367268,0.03841744173971424,0.0,0.0
2022-08-26,-0.0714988274033094,1.06825285367268,-0.5257286313462243,0.0,0.0
2022-08-29,-0.059555459766126,1.06825285367268,-0.1933627276480625,0.0,0.0
2022-08-30,-0.0647663974197296,1.06825285367268,-0.3746501480631283,0.0,0.0
2022-09-01,-0.0671475572185649,1.06825285367268,-0.4769128558516817,0.0,0.0
2022-09-02,-0.0670647278057012,1.06825285367268,-0.5129359531532045,0.0,0.0
2022-09-05,-0.071209595555489,1.06825285367268,-0.6973788373489003,0.0,0.0
2022-09-06,-0.0627214390461494,1.06825285367268,-0.45039378617586384,0.0,0.0
2022-09-07,-0.063303717107761,1.06825285367268,-0.5164063053464828,0.0,0.0
2022-09-08,-0.0651695270072663,1.06825285367268,-0.6048947245707547,0.0,0.0
2022-09-09,-0.0624521702357716,1.06825285367268,-0.5150560285856629,0.0,0.0
2022-09-12,-0.064523522431231,1.06825285367268,-0.6111939701045505,0.0,0.0
2022-09-13,-0.0511856457242165,1.06825285367268,-0.14449151933497584,0.0,0.0
2022-09-14,-0.0582053297479667,1.06825285367268,-0.41594375932925864,0.0,0.0
2022-09-15,-0.0521293440161727,1.06825285367268,-0.1938302946722875,0.0,0.0
2022-09-16,-0.0685515730838934,1.06825285367268,-0.7939763040745105,0.0,0.0
2022-09-19,-0.0615318972418439,1.06825285367268,-0.5101804814977049,0.0,0.0
2022-09-20,-0.055217933569005,1.06825285367268,-0.25728996443867175,0.0,0.0
2022-09-21,-0.0449972770275479,1.06825285367268,0.1343312545352903,0.0,0.0
2022-09-22,-0.0520982157259464,1.06825285367268,-0.11946261515879067,0.0,0.0
2022-09-23,-0.0621853175785798,1.06825285367268,-0.480725655936094,0.0,0.0
2022-09-26,-0.0562572294521519,1.06825285367268,-0.23203827265572421,0.0,0.0
2022-09-27,-0.0477806824007185,1.06825285367268,0.1293281257062833,0.0,0.0
2022-09-28,-0.0611319120881157,1.06825285367268,-0.37769019882531685,0.0,0.0
2022-09-29,-0.0499332668590035,1.06825285367268,0.10879115215578608,0.0,0.0
2022-09-30,-0.0542400069809954,1.06825285367268,-0.0420742196338746,0.0,0.0
2022-10-03,-0.0390584069331412,1.06825285367268,0.6536278214871991,0.0,0.0
2022-10-04,-0.0340060995878461,1.06825285367268,0.9020935592637426,0.0,0.0
2022-10-06,-0.0431134099973373,1.06825285367268,0.5108380285588624,0.0,0.0
2022-10-07,-0.05124798476246,1.06825285367268,0.16117668721887246,0.0,0.0
2022-10-10,-0.0522681697143161,1.06825285367268,0.1439240367069227,0.0,0.0
2022-10-11,-0.0503710288807477,1.06825285367268,0.2702227419483168,0.0,0.0
2022-10-12,-0.0571011952341944,1.06825285367268,-0.054678226164020585,0.0,0.0
2022-10-13,-0.0635123487579907,1.06825285367268,-0.3791451422165536,0.0,0.0
2022-10-14,-0.050554176529717,1.06825285367268,0.23732080689295434,0.0,0.0
2022-10-17,-0.0592962037152107,1.06825285367268,-0.27281452581605686,0.0,0.0
2022-10-18,-0.0620551889222156,1.06825285367268,-0.523727367999847,0.0,0.0
2022-10-19,-0.0573858736233789,1.06825285367268,-0.30068922211733995,0.0,0.0
2022-10-20,-0.0608417958723661,1.06825285367268,-0.5743271865096181,0.0,0.0
2022-10-21,-0.090088705132092,1.06825285367268,-2.5990115674598018,1.0,0.0
2022-10-24,-0.0707508086932113,1.06825285367268,-1.18194184664315,1.0,1.0
2022-10-25,-0.049632821920432,1.06825285367268,0.2148747571254496,0.0,1.0
2022-10-27,-0.0578149761968198,1.06825285367268,-0.2935166618690027,0.0,0.0
2022-10-28,-0.0658324156950005,1.06825285367268,-0.8282835549390084,0.0,0.0
2022-10-31,-0.0501033253163374,1.06825285367268,0.23962083883402552,0.0,0.0
2022-11-01,-0.0431707820731732,1.06825285367268,0.6899448644261499,0.0,0.0
2022-11-02,-0.0429627803012238,1.06825285367268,0.6809119470128664,0.0,0.0
2022-11-03,-0.0418687301801856,1.06825285367268,0.7329574296131828,0.0,0.0
2022-11-04,-0.0486787809527813,1.06825285367268,0.2492250231192464,0.0,0.0
2022-11-07,-0.0311273925660486,1.06825285367268,1.4381085916694638,0.0,0.0
2022-11-09,-0.0375367558063093,1.06825285367268,0.9784330996351974,0.0,0.0
2022-11-10,-0.0372491240342913,1.06825285367268,1.023856153616736,0.0,0.0
2022-11-11,0.0251840906858129,1.06825285367268,5.371721816516351,-1.0,0.0
2022-11-14,0.0143529232744636,1.06825285367268,3.8352263274316134,-1.0,-1.0
2022-11-15,0.0225892692692593,1.06825285367268,3.961382374861146,-1.0,-1.0
2022-11-16,0.0016639588947198,1.06825285367268,2.603329065152638,-1.0,-1.0
2022-11-17,0.0009637522548411,1.06825285367268,2.403554499917688,-1.0,-1.0
2022-11-18,-0.0065839873099635,1.06825285367268,1.9284710240591714,-1.0,-1.0
2022-11-21,-0.0084355575889052,1.06825285367268,1.7870320213190736,-1.0,-1.0
2022-11-22,-0.0075148961231983,1.06825285367268,1.7552586846543365,-1.0,-1.0
2022-11-23,-0.0123799557376065,1.06825285367268,1.4797093406118684,-1.0,-1.0
2022-11-24,0.0084064386961975,1.06825285367268,2.2857029598558465,-1.0,-1.0
2022-11-25,0.0128549026505142,1.06825285367268,2.336536542690092,-1.0,-1.0
2022-11-28,0.0021786920455557,1.06825285367268,1.786857894548412,-1.0,-1.0
2022-11-29,0.0021192851088116,1.06825285367268,1.7064078120379482,-1.0,-1.0
2022-11-30,-0.0031304671770877,1.06825285367268,1.4413131374908787,-1.0,-1.0
2022-12-01,0.0107344064367644,1.06825285367268,1.8970362228085438,-1.0,-1.0
2022-12-02,0.0049829465096351,1.06825285367268,1.6061144709464386,-1.0,-1.0
2022-12-05,0.0043923298719628,1.06825285367268,1.5213300872050188,-1.0,-1.0
2022-12-06,0.0050406799957896,1.06825285367268,1.486217935262276,-1.0,-1.0
2022-12-07,0.0178250342131649,1.06825285367268,1.874773959017325,-1.0,-1.0
2022-12-08,0.0315351589449504,1.06825285367268,2.2556762229176957,-1.0,-1.0
2022-12-09,0.0436937410153719,1.06825285367268,2.532018143507781,-1.0,-1.0
2022-12-12,0.0641423486627257,1.06825285367268,3.005965074719976,-1.0,-1.0
2022-12-13,0.0653332017388734,1.06825285367268,2.7937768126808082,-1.0,-1.0
2022-12-14,0.071077134984649,1.06825285367268,2.743250970474672,-1.0,-1.0
2022-12-15,0.0583068470278229,1.06825285367268,2.2143014098640403,-1.0,-1.0
2022-12-16,0.076171839761697,1.06825285367268,2.5528812952698106,-1.0,-1.0
2022-12-19,0.069110796117668,1.06825285367268,2.211945328507289,-1.0,-1.0
2022-12-20,0.068557761215489,1.06825285367268,2.075435469531,-1.0,-1.0
2022-12-21,0.0778010705567897,1.06825285367268,2.1812937101912238,-1.0,-1.0
2022-12-22,0.0676447393499106,1.06825285367268,1.8405595336844995,-1.0,-1.0
2022-12-23,0.0610730458710575,1.06825285367268,1.6153667242296443,-1.0,-1.0
2022-12-26,0.0857182669608604,1.06825285367268,2.0803350465149575,-1.0,-1.0
2022-12-27,0.0824096942226333,1.06825285367268,1.9086289224156445,-1.0,-1.0
2022-12-28,0.0820817873648582,1.06825285367268,1.813513544151642,-1.0,-1.0
2022-12-29,0.0899058120318772,1.06825285367268,1.8923884409512644,-1.0,-1.0
2022-12-30,0.0768805905156542,1.06825285367268,1.5484523903361742,-1.0,-1.0
2023-01-02,0.0785053631032441,1.06825285367268,1.519499971125395,-1.0,-1.0
2023-01-03,0.0804671780195684,1.06825285367268,1.4989666987329677,-1.0,-1.0
2023-01-04,0.0695083380568304,1.06825285367268,1.2364010182460603,-1.0,-1.0
2023-01-05,0.0633232843272058,1.06825285367268,1.0783518312769598,-1.0,-1.0
2023-01-06,0.079847470299982,1.06825285367268,1.3546835399705865,-1.0,-1.0
2023-01-09,0.0668881474392231,1.06825285367268,1.065290165712306,-1.0,-1.0
2023-01-10,0.0581237654220805,1.06825285367268,0.8659935231489214,-1.0,-1.0
2023-01-11,0.0686897476013266,1.06825285367268,1.0386881926209075,-1.0,-1.0
2023-01-12,0.0873518051814397,1.06825285367268,1.3657943660333918,-1.0,-1.0
2023-01-13,0.0876528746241582,1.06825285367268,1.3299194418076918,-1.0,-1.0
2023-01-16,0.0753199635290586,1.06825285367268,1.0493945656289052,-1.0,-1.0
2023-01-17,0.0824335843846402,1.06825285367268,1.1590178742118444,-1.0,-1.0
2023-01-18,0.0990699464301956,1.06825285367268,1.479326310033721,-1.0,-1.0
2023-01-19,0.1222652449944226,1.06825285367268,1.9261295826540574,-1.0,-1.0
2023-01-20,0.1351249862056232,1.06825285367268,2.118458250765693,-1.0,-1.0
2023-01-23,0.1298530915445495,1.06825285367268,1.9308140508362577,-1.0,-1.0
2023-01-24,0.1573199187331129,1.06825285367268,2.4424857627258074,-1.0,-1.0
2023-01-25,0.1356597028494945,1.06825285367268,1.8886852454582381,-1.0,-1.0
2023-01-27,0.1381768707045427,1.06825285367268,1.8731951141987504,-1.0,-1.0
2023-01-30,0.1289863210376785,1.06825285367268,1.625474703740113,-1.0,-1.0
2023-01-31,0.1194311384009996,1.06825285367268,1.3859371712885902,-1.0,-1.0
2023-02-01,0.1258968887197209,1.06825285367268,1.4898805961584836,-1.0,-1.0
2023-02-02,0.1005274639210203,1.06825285367268,0.9200145917200632,-1.0,-1.0
2023-02-03,0.1233375206488114,1.06825285367268,1.3843240917024218,-1.0,-1.0
2023-02-06,0.1392490283089209,1.06825285367268,1.7040461278747012,-1.0,-1.0
2023-02-07,0.1235048198601722,1.06825285367268,1.2944602298526575,-1.0,-1.0
2023-02-08,0.1293573156290657,1.06825285367268,1.3754984110041177,-1.0,-1.0
2023-02-09,0.1240069907070777,1.06825285367268,1.2129429465775454,-1.0,-1.0
2023-02-10,0.1272740394285891,1.06825285367268,1.2448511458598372,-1.0,-1.0
2023-02-13,0.1269735351921301,1.06825285367268,1.2003755100603766,-1.0,-1.0
2023-02-14,0.1382669121242292,1.06825285367268,1.4123795042826774,-1.0,-1.0
2023-02-15,0.1271307981747549,1.06825285367268,1.1302082118108716,-1.0,-1.0
2023-02-16,0.1220371344490445,1.06825285367268,0.9877131350929976,-1.0,-1.0
2023-02-17,0.1342940265367094,1.06825285367268,1.246766573243423,-1.0,-1.0
2023-02-20,0.1382712227286751,1.06825285367268,1.3046265103141614,-1.0,-1.0
2023-02-21,0.1463881521167467,1.06825285367268,1.4579756818569718,-1.0,-1.0
2023-02-22,0.1450408550797401,1.06825285367268,1.3911272781817658,-1.0,-1.0
2023-02-23,0.1340962800350604,1.06825285367268,1.0950571681980792,-1.0,-1.0
2023-02-24,0.1313181275215926,1.06825285367268,1.0067349245768074,-1.0,-1.0
2023-02-27,0.1159197753947358,1.06825285367268,0.5841586391510046,-1.0,-1.0
2023-02-28,0.1180764928225377,1.06825285367268,0.6193179077704395,-1.0,-1.0
2023-03-01,0.1074826354861633,1.06825285367268,0.29538538976094747,0.0,-1.0
2023-03-02,0.1132345082373653,1.06825285367268,0.4378384494300467,0.0,0.0
2023-03-03,0.1148626123695857,1.06825285367268,0.4633669729441104,0.0,0.0
2023-03-06,0.1218928047888505,1.06825285367268,0.6728073648443939,0.0,0.0
2023-03-08,0.1304971760461351,1.06825285367268,0.9460108376604539,0.0,0.0
2023-03-09,0.1451134650195467,1.06825285367268,1.4255547704897473,0.0,0.0
2023-03-10,0.1298715033180775,1.06825285367268,0.8470083613140436,0.0,0.0
2023-03-13,0.1332266128934787,1.06825285367268,0.9361958245632301,0.0,0.0
2023-03-14,0.1470414278301355,1.06825285367268,1.4026480246042723,0.0,0.0
2023-03-15,0.1211758992406411,1.06825285367268,0.43355306404456545,0.0,0.0
2023-03-16,0.129180588431093,1.06825285367268,0.6986978686091869,0.0,0.0
2023-03-17,0.1236536543664987,1.06825285367268,0.4696274568776427,0.0,0.0
2023-03-20,0.1125738231949533,1.06825285367268,0.03498548552687453,0.0,0.0
2023-03-21,0.1193275633988779,1.06825285367268,0.26416807668013403,0.0,0.0
2023-03-22,0.1180786701726654,1.06825285367268,0.1858715132172885,0.0,0.0
2023-03-23,0.1260829789408122,1.06825285367268,0.4842376184555342,0.0,0.0
2023-03-24,0.1165935622283704,1.06825285367268,0.07936425680074305,0.0,0.0
2023-03-27,0.1127343964751643,1.06825285367268,-0.10033988330477718,0.0,0.0
2023-03-28,0.1247898148909545,1.06825285367268,0.3793860808284195,0.0,0.0
2023-03-29,0.1157501599107435,1.06825285367268,-0.026193204217471688,0.0,0.0
2023-03-31,0.1220560564181045,1.06825285367268,0.2176999569797252,0.0,0.0
2023-04-03,0.1147845716110307,1.06825285367268,-0.12751281898593067,0.0,0.0
2023-04-05,0.1374670704784426,1.06825285367268,0.8699501042109441,0.0,0.0
2023-04-06,0.1418910437792933,1.06825285367268,1.0695361262686434,0.0,0.0
2023-04-10,0.1358024206961614,1.06825285367268,0.7437004106440948,0.0,0.0
2023-04-11,0.0870447451145084,1.06825285367268,-1.821853463371409,0.0,0.0
2023-04-12,0.1013656291394013,1.06825285367268,-1.1788188468381007,0.0,0.0
2023-04-13,0.0911942222442308,1.06825285367268,-1.911101303302588,0.0,0.0
2023-04-17,0.0612756957824736,1.06825285367268,-3.7490978208807664,1.0,0.0
2023-04-18,0.0609049117667099,1.06825285367268,-3.47785380447732,1.0,1.0
2023-04-19,0.0664988171721576,1.06825285367268,-3.023312436579429,1.0,1.0
2023-04-20,0.0707243174659382,1.06825285367268,-2.6802980778637804,1.0,1.0
2023-04-21,0.0668802518072118,1.06825285367268,-2.7275757459538092,1.0,1.0
2023-04-24,0.0729102530642871,1.06825285367268,-2.245499446824733,1.0,1.0
2023-04-25,0.0630772488904938,1.06825285367268,-2.5649833501532653,1.0,1.0
2023-04-26,0.0737308168662833,1.06825285367268,-1.9316788397864297,1.0,1.0
2023-04-27,0.0622942307005054,1.06825285367268,-2.3515546141002,1.0,1.0
2023-04-28,0.0498555434353615,1.06825285367268,-2.725988557777205,1.0,1.0
2023-05-02,0.0590040983007211,1.06825285367268,-2.1731533546296693,1.0,1.0
2023-05-03,0.0570593645484205,1.06825285367268,-2.1280791881590253,1.0,1.0
2023-05-04,0.0681459104562733,1.06825285367268,-1.609787677413882,1.0,1.0
2023-05-05,0.0176219452294823,1.06825285367268,-3.3583697638120906,1.0,1.0
2023-05-08,0.0125501929319478,1.06825285367268,-3.2051600524250032,1.0,1.0
2023-05-09,0.0150646316264433,1.06825285367268,-2.8339697437937654,1.0,1.0
2023-05-10,0.0172732064588609,1.06825285367268,-2.5583711608387945,1.0,1.0
2023-05-11,0.0183479362419047,1.06825285367268,-2.356823618703734,1.0,1.0
2023-05-12,0.0256956733250355,1.06825285367268,-2.0215388545673516,1.0,1.0
2023-05-15,0.023745872051843,1.06825285367268,-1.9698089593543682,1.0,1.0
2023-05-16,0.0321389559327665,1.06825285367268,-1.6647300702359933,1.0,1.0
2023-05-17,0.0477510483419552,1.06825285367268,-1.2138384479328657,1.0,1.0
2023-05-18,0.0415774648540079,1.06825285367268,-1.3236825463882322,1.0,1.0
2023-05-19,0.0348629201227232,1.06825285367268,-1.4394018320799251,1.0,1.0
2023-05-22,0.0321024769340558,1.06825285367268,-1.4520405084991865,1.0,1.0
2023-05-23,0.0400995705124342,1.06825285367268,-1.2099890780833822,1.0,1.0
2023-05-24,0.0331592061727903,1.06825285367268,-1.33391615771094,1.0,1.0
2023-05-25,0.0184104984996968,1.06825285367268,-1.6397534927392783,1.0,1.0
2023-05-26,0.0139293322337294,1.06825285367268,-1.685850485511286,1.0,1.0
2023-05-29,0.0215809412876977,1.06825285367268,-1.4416932605441983,1.0,1.0
2023-05-30,0.0106503336036425,1.06825285367268,-1.6429436944166431,1.0,1.0
2023-05-31,-0.0265372494615698,1.06825285367268,-2.4210549876871816,1.0,1.0
2023-06-01,0.0148698293156739,1.06825285367268,-1.3694661468622593,1.0,1.0
2023-06-02,0.0116227377946636,1.06825285367268,-1.3904477732787808,1.0,1.0
2023-06-05,0.0179734954209491,1.06825285367268,-1.2046116691432045,1.0,1.0
2023-06-06,-0.0039338094533052,1.06825285367268,-1.629250147763145,1.0,1.0
2023-06-07,0.0120113245500217,1.06825285367268,-1.2310064025925107,1.0,1.0
2023-06-08,0.0421761187320921,1.06825285367268,-0.5573062135298804,1.0,1.0
2023-06-09,0.0515990325614028,1.06825285367268,-0.3298549037990537,0.0,1.0
2023-06-12,0.0412528655396133,1.06825285367268,-0.531738856875646,0.0,0.0
2023-06-13,0.0563793410432698,1.06825285367268,-0.17188243794982452,0.0,0.0
2023-06-14,0.05029148604374,1.06825285367268,-0.28146401573190016,0.0,0.0
2023-06-15,0.0559127110153276,1.06825285367268,-0.12821428309809596,0.0,0.0
2023-06-16,0.055077294278413,1.06825285367268,-0.12188395203342932,0.0,0.0
2023-06-19,0.0750124923374988,1.06825285367268,0.38431738501669244,0.0,0.0
2023-06-20,0.0657713251796643,1.06825285367268,0.1787648826821762,0.0,0.0
2023-06-21,0.0822033075724499,1.06825285367268,0.6139686988482632,0.0,0.0
2023-06-22,0.0925663846410111,1.06825285367268,0.9018565566424099,0.0,0.0
2023-06-23,0.0969071841907966,1.06825285367268,1.046260611829614,0.0,0.0
2023-06-26,0.0953348840214696,1.06825285367268,1.0257188912285429,0.0,0.0
2023-06-27,0.0966595590742747,1.06825285367268,1.0784087608372126,0.0,0.0
2023-06-28,0.1095911843304495,1.06825285367268,1.45899616586015,0.0,0.0
2023-06-30,0.121066309130585,1.06825285367268,1.7779857102574512,0.0,0.0
2023-07-03,0.1333279784931962,1.06825285367268,2.1112414190452284,-1.0,0.0
2023-07-04,0.1279664196828029,1.06825285367268,1.9278329095483944,-1.0,-1.0
2023-07-05,0.0938780002045991,1.06825285367268,1.0341680501427069,-1.0,-1.0
2023-07-06,0.0877852727208177,1.06825285367268,0.9269536414445425,-1.0,-1.0
2023-07-07,0.0926602763965176,1.06825285367268,1.1271897971847484,-1.0,-1.0
2023-07-10,0.0825832197442526,1.06825285367268,0.8301321713926345,-1.0,-1.0
2023-07-11,0.0778831794872454,1.06825285367268,0.7106594284384904,-1.0,-1.0
2023-07-12,0.0619050999977437,1.06825285367268,0.2522812859585683,0.0,-1.0
2023-07-13,0.071672245921512,1.06825285367268,0.5387351863179248,0.0,0.0
2023-07-14,0.0741419405659717,1.06825285367268,0.6047569764160587,0.0,0.0
2023-07-17,0.078931124765293,1.06825285367268,0.7399817491731797,0.0,0.0
2023-07-18,0.0815939083297223,1.06825285367268,0.8118240069889148,0.0,0.0
2023-07-19,0.0772529386485993,1.06825285367268,0.6751130673091899,0.0,0.0
2023-07-20,0.0515992390398709,1.06825285367268,-0.07212534608042588,0.0,0.0
2023-07-21,0.0366356881438036,1.06825285367268,-0.5009687398919526,0.0,0.0
2023-07-24,0.0785206286484685,1.06825285367268,0.7334206215123497,0.0,0.0
2023-07-25,0.1016229969057711,1.06825285367268,1.3912616368161355,0.0,0.0
2023-07-26,0.0869208374213617,1.06825285367268,0.9261457713497329,0.0,0.0
2023-07-27,0.08870223020633,1.06825285367268,0.9569291201180015,0.0,0.0
2023-07-28,0.0690562218074752,1.06825285367268,0.38335389136302633,0.0,0.0
2023-07-31,0.0853475552382416,1.06825285367268,0.8401745636413677,0.0,0.0
2023-08-01,0.095792971397298,1.06825285367268,1.1062071395642146,0.0,0.0
2023-08-02,0.0979174650129364,1.06825285367268,1.130878195766409,0.0,0.0
2023-08-03,0.090931448365362,1.06825285367268,0.8963876746592262,0.0,0.0
2023-08-04,0.09551046455078,1.06825285367268,0.99724888735915,0.0,0.0
2023-08-07,0.0989811997026963,1.06825285367268,1.0643806440914376,0.0,0.0
2023-08-08,0.1002358915551813,1.06825285367268,1.0654420651145264,0.0,0.0
2023-08-09,0.0985562365167762,1.06825285367268,0.9825676064850974,0.0,0.0
2023-08-10,0.1076687725285951,1.06825285367268,1.2118218065117152,0.0,0.0
2023-08-11,0.1027821395958916,1.06825285367268,1.0328507785256396,0.0,0.0
2023-08-14,0.0963110396690547,1.06825285367268,0.8164373507695976,0.0,0.0
2023-08-16,0.0981032525325975,1.06825285367268,0.8398283878905278,0.0,0.0
2023-08-17,0.1048778679707469,1.06825285367268,1.0042150087789379,0.0,0.0
2023-08-18,0.1098216224585808,1.06825285367268,1.1117846721109703,0.0,0.0
2023-08-21,0.1032243630086542,1.06825285367268,0.8880714143997515,0.0,0.0
2023-08-22,0.0972696082243382,1.06825285367268,0.6884535700384619,0.0,0.0
2023-08-23,0.0895097710338559,1.06825285367268,0.4346703081959395,0.0,0.0
2023-08-24,0.0843583116493693,1.06825285367268,0.25489374167010403,0.0,0.0
2023-08-25,0.0742838477447982,1.06825285367268,-0.08723855666358103,0.0,0.0
2023-08-28,0.0777527913887183,1.06825285367268,-0.03498256115190995,0.0,0.0
2023-08-29,0.0900104670344887,1.06825285367268,0.3641709725482432,0.0,0.0
2023-08-30,0.0876132775384883,1.06825285367268,0.24441547280169898,0.0,0.0
2023-08-31,0.0927750206030655,1.06825285367268,0.4159129541348925,0.0,0.0
2023-09-01,0.0873659371103237,1.06825285367268,0.1535930250926143,0.0,0.0
2023-09-04,0.0989833574008844,1.06825285367268,0.6748113884126163,0.0,0.0
2023-09-05,0.0875232072883207,1.06825285367268,0.07178255727431003,0.0,0.0
2023-09-06,0.1009709730760208,1.06825285367268,0.7414694979864052,0.0,0.0
2023-09-07,0.0993208239126799,1.06825285367268,0.6324466459655934,0.0,0.0
2023-09-08,0.1045765322425218,1.06825285367268,0.8994988996397296,0.0,0.0
2023-09-11,0.1010163233015237,1.06825285367268,0.673316070147184,0.0,0.0
2023-09-12,0.1021885633086236,1.06825285367268,0.7182490276314093,0.0,0.0
2023-09-13,0.0985814701347109,1.06825285367268,0.4739137596942784,0.0,0.0
2023-09-14,0.0997602174777636,1.06825285367268,0.525495081031267,0.0,0.0
2023-09-15,0.1156642997813239,1.06825285367268,1.5015757166045887,0.0,0.0
2023-09-18,0.1049872581938666,1.06825285367268,0.782292002692974,0.0,0.0
2023-09-20,0.0693449510274124,1.06825285367268,-1.4335804423139997,0.0,0.0
2023-09-21,0.0830443114994068,1.06825285367268,-0.5510173566679732,0.0,0.0
2023-09-22,0.0672131134315785,1.06825285367268,-1.496484162451994,0.0,0.0
2023-09-25,0.0512301811363693,1.06825285367268,-2.3927275944394255,1.0,0.0
2023-09-26,0.0677870287540676,1.06825285367268,-1.3020214126436946,1.0,1.0
2023-09-27,0.0601027628285146,1.06825285367268,-1.715182615170502,1.0,1.0
2023-09-28,0.0775505064494828,1.06825285367268,-0.6499286953624744,1.0,1.0
2023-09-29,0.0777157948667692,1.06825285367268,-0.6184927516745884,1.0,1.0
2023-10-03,0.0710236585557488,1.06825285367268,-1.0226080692581054,1.0,1.0
2023-10-04,0.0882770781318047,1.06825285367268,0.08271954538186334,0.0,1.0
2023-10-05,0.0847809175786213,1.06825285367268,-0.13150737809548046,0.0,0.0
2023-10-06,0.0777457052478123,1.06825285367268,-0.5745280745383896,0.0,0.0
2023-10-09,0.0812509798214256,1.06825285367268,-0.35479515771805786,0.0,0.0
2023-10-10,0.0642831218539692,1.06825285367268,-1.4672651146098397,0.0,0.0
2023-10-11,0.0646428107416596,1.06825285367268,-1.4224961050324645,0.0,0.0
2023-10-12,0.0758412217062387,1.06825285367268,-0.695738512803077,0.0,0.0
2023-10-13,0.0678229624511885,1.06825285367268,-1.1920599119947501,0.0,0.0
2023-10-16,0.0712631411178126,1.06825285367268,-0.9523917915852114,0.0,0.0
2023-10-17,0.0655910657427414,1.06825285367268,-1.290546139245697,0.0,0.0
2023-10-18,0.0625766183333516,1.06825285367268,-1.5293123129387582,0.0,0.0
2023-10-19,0.0685604521531031,1.06825285367268,-1.2647424569768126,0.0,0.0
2023-10-20,0.0547569861930501,1.06825285367268,-2.1653307833287743,1.0,0.0
2023-10-23,0.0612560522171694,1.06825285367268,-1.6289440163083329,1.0,1.0
2023-10-25,0.0627170439231745,1.06825285367268,-1.4738758421596745,1.0,1.0
2023-10-26,0.061073867154934,1.06825285367268,-1.5241075726829285,1.0,1.0
2023-10-27,0.0600590438738448,1.06825285367268,-1.5625661269180682,1.0,1.0
2023-10-30,0.0616118267206884,1.06825285367268,-1.4119104218133642,1.0,1.0
2023-10-31,0.0422688704969163,1.06825285367268,-2.5196478174231434,1.0,1.0
2023-11-01,0.0501655958083588,1.06825285367268,-1.904038455206915,1.0,1.0
2023-11-02,0.0434827287993666,1.06825285367268,-2.186992534731213,1.0,1.0
2023-11-03,0.0509509143379469,1.06825285367268,-1.6648732412764113,1.0,1.0
2023-11-06,0.0538950237922621,1.06825285367268,-1.441125742238524,1.0,1.0
2023-11-07,0.0422701788908579,1.06825285367268,-2.001575351849263,1.0,1.0
2023-11-08,0.0482115679678676,1.06825285367268,-1.599881597913071,1.0,1.0
2023-11-09,0.0450440009765777,1.06825285367268,-1.7077684170222371,1.0,1.0
2023-11-10,0.0486675576429993,1.06825285367268,-1.4577951192128986,1.0,1.0
2023-11-13,0.0451739295273041,1.06825285367268,-1.5802081705209614,1.0,1.0
2023-11-15,0.0426609300897,1.06825285367268,-1.645546637927449,1.0,1.0
2023-11-16,0.0432624509156491,1.06825285367268,-1.5582019382884957,1.0,1.0
2023-11-17,0.0460881552935763,1.06825285367268,-1.3722324380504463,1.0,1.0
2023-11-20,0.0425587362289832,1.06825285367268,-1.5067982727944995,1.0,1.0
2023-11-21,0.0530168315028625,1.06825285367268,-0.931611493071714,1.0,1.0
2023-11-22,0.0625598970497351,1.06825285367268,-0.42493271539681415,0.0,1.0
2023-11-23,0.0722212227352274,1.06825285367268,0.0754370296089757,0.0,0.0
2023-11-24,0.0764124895417843,1.06825285367268,0.2868440957299835,0.0,0.0
2023-11-28,0.0752304418456679,1.06825285367268,0.22891249157706967,0.0,0.0
2023-11-29,0.0881411653522032,1.06825285367268,0.8941482938780465,0.0,0.0
2023-11-30,0.0866989916135905,1.06825285367268,0.8206531456186217,0.0,0.0
2023-12-01,0.087531728681645,1.06825285367268,0.8721658203274949,0.0,0.0
2023-12-04,0.0809195170943342,1.06825285367268,0.5369511158692766,0.0,0.0
2023-12-05,0.0839658886756407,1.06825285367268,0.7177727342180825,0.0,0.0
2023-12-06,0.0906146478208427,1.06825285367268,1.065687625517351,0.0,0.0
2023-12-07,0.0890496415092556,1.06825285367268,1.006106649094123,0.0,0.0
2023-12-08,0.0961446604680311,1.06825285367268,1.402030556335532,0.0,0.0
2023-12-11,0.0915640948203062,1.06825285367268,1.1820057208101569,0.0,0.0
2023-12-12,0.093054569335063,1.06825285367268,1.2861614232931953,0.0,0.0
2023-12-13,0.0897057435158235,1.06825285367268,1.1275954225834564,0.0,0.0
2023-12-14,0.0853869234106206,1.06825285367268,0.9090077665904707,0.0,0.0
2023-12-15,0.0911323661850387,1.06825285367268,1.2640520192505569,0.0,0.0
2023-12-18,0.0927279533509466,1.06825285367268,1.4459714065208247,0.0,0.0
2023-12-19,0.0912670094368852,1.06825285367268,1.4031644802956058,0.0,0.0
2023-12-20,0.1054070016632051,1.06825285367268,2.2039711348767868,-1.0,0.0
2023-12-21,0.1079576155245201,1.06825285367268,2.257473221949775,-1.0,-1.0
2023-12-22,0.0940282090679609,1.06825285367268,1.3567984085098785,-1.0,-1.0
2023-12-26,0.0859234109192073,1.06825285367268,0.8622099516903461,-1.0,-1.0
2023-12-27,0.0895003670108653,1.06825285367268,1.0366802484649957,-1.0,-1.0
2023-12-28,0.0800281274412562,1.06825285367268,0.4874371776472367,0.0,-1.0
2023-12-29,0.0897634178808903,1.06825285367268,1.01498854890402,0.0,0.0
2024-01-01,0.0826309436793524,1.06825285367268,0.610943154030255,0.0,0.0
2024-01-02,0.1081849947435049,1.06825285367268,1.9758208882450436,0.0,0.0
2024-01-03,0.0921581992676703,1.06825285367268,1.0668044271205448,0.0,0.0
2024-01-04,0.1041485567030235,1.06825285367268,1.680786159354473,0.0,0.0
2024-01-05,0.1082307327240643,1.06825285367268,1.8296387753900627,0.0,0.0
2024-01-08,0.1095258219189254,1.06825285367268,1.8253067832283045,0.0,0.0
2024-01-09,0.1013887786519216,1.06825285367268,1.3480300087669972,0.0,0.0
2024-01-10,0.10811194907492,1.06825285367268,1.6231828139543072,0.0,0.0
2024-01-11,0.1027041978186522,1.06825285367268,1.3098810518156683,0.0,0.0
2024-01-12,0.0918852799874825,1.06825285367268,0.7651819529034347,0.0,0.0
2024-01-15,0.1003747144057412,1.06825285367268,1.1370706886495858,0.0,0.0
2024-01-16,0.1061847404908826,1.06825285367268,1.366156382514629,0.0,0.0
2024-01-17,0.0583142662350368,1.06825285367268,-0.8436960281927731,0.0,0.0
2024-01-18,0.0257870506342419,1.06825285367268,-2.293449300059585,1.0,0.0
2024-01-19,0.0231150451235819,1.06825285367268,-2.310091082224528,1.0,1.0
2024-01-23,-0.0189311233301792,1.06825285367268,-3.947635148471942,1.0,1.0
2024-01-24,-0.0015781084628079,1.06825285367268,-2.8260951651704973,1.0,1.0
2024-01-25,-0.003973803094242,1.06825285367268,-2.7062534532117977,1.0,1.0
2024-01-29,-0.0227288223493831,1.06825285367268,-3.1437438626483827,1.0,1.0
2024-01-30,-0.0302795146047767,1.06825285367268,-3.1034662201703256,1.0,1.0
2024-01-31,-0.0186888406281422,1.06825285367268,-2.5289624139871125,1.0,1.0
2024-02-01,-0.0146300096685987,1.06825285367268,-2.2670222195414604,1.0,1.0
2024-02-02,-0.0286185936927108,1.06825285367268,-2.5249222162163925,1.0,1.0
2024-02-05,-0.0209279811011571,1.06825285367268,-2.1780329507428102,1.0,1.0
2024-02-06,-0.008759919363694,1.06825285367268,-1.7748614556821862,1.0,1.0
2024-02-07,-0.0219491203914277,1.06825285367268,-2.0240893247317144,1.0,1.0
2024-02-08,-0.0027831378085849,1.06825285367268,-1.4968538430196674,1.0,1.0
2024-02-09,-0.010236608537725,1.06825285367268,-1.620523961922671,1.0,1.0
2024-02-12,0.0003897692660954,1.06825285367268,-1.3325396388976587,1.0,1.0
2024-02-13,-0.0135226858308437,1.06825285367268,-1.5993024143131218,1.0,1.0
2024-02-14,-0.0282405349768195,1.06825285367268,-1.8602489417414323,1.0,1.0
2024-02-15,-0.0008554485307454,1.06825285367268,-1.2203648407933434,1.0,1.0
2024-02-16,0.0057326516198807,1.06825285367268,-1.0556784113202007,1.0,1.0
2024-02-19,0.0061315726139383,1.06825285367268,-1.026252695361037,1.0,1.0
2024-02-20,0.0130257044250949,1.06825285367268,-0.863480102190707,1.0,1.0
2024-02-21,0.012540246827144,1.06825285367268,-0.851535201342791,1.0,1.0
2024-02-22,0.0119698612968184,1.06825285367268,-0.8389132760588683,1.0,1.0
2024-02-23,0.0131737501826005,1.06825285367268,-0.7904998855743872,1.0,1.0
2024-02-26,0.0253940303501032,1.06825285367268,-0.5268530984751363,1.0,1.0
2024-02-27,0.0235994985284433,1.06825285367268,-0.5427409637125483,1.0,1.0
2024-02-28,0.0305899069884416,1.06825285367268,-0.38483078885212885,0.0,1.0
2024-02-29,0.0226182838723669,1.06825285367268,-0.5255057795572293,0.0,0.0
2024-03-01,0.0180030210255237,1.06825285367268,-0.5985077529927905,0.0,0.0
2024-03-04,0.0196742633543705,1.06825285367268,-0.5443002806780578,0.0,0.0
2024-03-05,0.0324830329894014,1.06825285367268,-0.2671373130268289,0.0,0.0
2024-03-06,0.0066160773152548,1.06825285367268,-0.769457304370074,0.0,0.0
2024-03-07,0.0161656395094134,1.06825285367268,-0.550060399287252,0.0,0.0
2024-03-11,0.0147341954279891,1.06825285367268,-0.556804627403797,0.0,0.0
2024-03-12,0.0424867184315376,1.06825285367268,0.033205475866802545,0.0,0.0
2024-03-13,0.0373713257735515,1.06825285367268,-0.0557281024079566,0.0,0.0
2024-03-14,0.0260686558888716,1.06825285367268,-0.27428112549783734,0.0,0.0
2024-03-15,0.0266596546453392,1.06825285367268,-0.24178006190432674,0.0,0.0
2024-03-18,0.022351872913795,1.06825285367268,-0.3124302053605066,0.0,0.0
2024-03-19,0.0174331032754349,1.06825285367268,-0.39660681981957535,0.0,0.0
2024-03-20,-0.0048467311554798,1.06825285367268,-0.85817961734629,0.0,0.0
2024-03-21,0.0012962778167766,1.06825285367268,-0.6945705475263344,0.0,0.0
2024-03-22,-0.0032704345610969,1.06825285367268,-0.7711315353194421,0.0,0.0
2024-03-26,-0.001699459782535,1.06825285367268,-0.7084146525280326,0.0,0.0
2024-03-27,-0.0042805680085242,1.06825285367268,-0.7413997149060056,0.0,0.0
2024-03-28,-0.0052350037530324,1.06825285367268,-0.7369211712739819,0.0,0.0
2024-04-01,0.0071465561129304,1.06825285367268,-0.42001371203797216,0.0,0.0
2024-04-02,0.033740063717456,1.06825285367268,0.236684214492151,0.0,0.0
2024-04-03,0.0512681089767985,1.06825285367268,0.7080012546193304,0.0,0.0
2024-04-04,0.0703211267714332,1.06825285367268,1.220331661991942,0.0,0.0
2024-04-05,0.0628248798845847,1.06825285367268,1.071615043446761,0.0,0.0
2024-04-08,0.0589762680823726,1.06825285367268,1.026386257074735,0.0,0.0
2024-04-09,0.064905583799077,1.06825285367268,1.257580747512216,0.0,0.0
2024-04-10,0.0301293677793417,1.06825285367268,0.31665123844688325,0.0,0.0
2024-04-12,0.0263131791541617,1.06825285367268,0.2591167470346431,0.0,0.0
2024-04-15,0.0190345591956049,1.06825285367268,0.08101706919448273,0.0,0.0
2024-04-16,0.0320241669906584,1.06825285367268,0.5702516966371426,0.0,0.0
2024-04-18,0.0258286534269185,1.06825285367268,0.42855254825157435,0.0,0.0
2024-04-19,0.0464986690629523,1.06825285367268,1.3784634815593866,0.0,0.0
2024-04-22,0.0236872677774737,1.06825285367268,0.458546864014284,0.0,0.0
2024-04-23,0.0188128366088244,1.06825285367268,0.25786885469684484,0.0,0.0
2024-04-24,0.0041420174543791,1.06825285367268,-0.3489135948497256,0.0,0.0
2024-04-25,0.1264663175270612,1.06825285367268,4.787117336412509,-1.0,0.0
2024-04-26,0.1481498248385344,1.06825285367268,4.787333988593916,0.0,-1.0
2024-04-29,0.1401351475164434,1.06825285367268,3.763070206637866,-1.0,0.0
2024-04-30,0.1447367545095108,1.06825285367268,3.478011415580043,-1.0,-1.0
2024-05-02,0.1849523975848424,1.06825285367268,4.189280830964915,0.0,-1.0
2024-05-03,0.1964722894221395,1.06825285367268,3.904727088050025,-1.0,0.0
2024-05-06,0.146182864085711,1.06825285367268,2.399107040350337,-1.0,-1.0
2024-05-07,0.1224740111636153,1.06825285367268,1.788206972157268,-1.0,-1.0
2024-05-08,0.1038606460430333,1.06825285367268,1.346762602655853,-1.0,-1.0
2024-05-09,0.0832753553321552,1.06825285367268,0.8972760532439208,-1.0,-1.0
2024-05-10,0.1000795573047845,1.06825285367268,1.1972180276888285,-1.0,-1.0
2024-05-13,0.103414182779157,1.06825285367268,1.2218741015986867,-1.0,-1.0
2024-05-14,0.1040088828942051,1.06825285367268,1.1922817425795087,-1.0,-1.0
2024-05-15,0.0856069180802601,1.06825285367268,0.7964352305277351,-1.0,-1.0
2024-05-16,0.0869501870843869,1.06825285367268,0.7950615775545912,-1.0,-1.0
2024-05-17,0.074044109800357,1.06825285367268,0.5135762022132648,-1.0,-1.0
2024-05-21,0.0693477391053916,1.06825285367268,0.3988386469822814,0.0,-1.0
2024-05-22,0.0688043855581428,1.06825285367268,0.3689738583259482,0.0,0.0
2024-05-23,0.0854810242179535,1.06825285367268,0.6842130051933625,0.0,0.0
2024-05-24,0.105334029198703,1.06825285367268,1.0591223066178752,0.0,0.0
2024-05-27,0.1075065680060918,1.06825285367268,1.0678803706982969,0.0,0.0
2024-05-28,0.1139366829767656,1.06825285367268,1.160931798817364,0.0,0.0
2024-05-29,0.1092787317839771,1.06825285367268,1.0297533068188969,0.0,0.0
2024-05-30,0.1121890513806658,1.06825285367268,1.0542824378426188,0.0,0.0
2024-05-31,0.1293015255922309,1.06825285367268,1.3561109903162243,0.0,0.0
2024-06-03,0.1318267636417713,1.06825285367268,1.3569522836406824,0.0,0.0
2024-06-04,0.1245221986014568,1.06825285367268,1.168265746408735,0.0,0.0
2024-06-05,0.1187353089212717,1.06825285367268,1.0185093952267654,0.0,0.0
2024-06-06,0.1135413258345483,1.06825285367268,0.8860486495388882,0.0,0.0
2024-06-07,0.1106181267767105,1.06825285367268,0.8023781134426001,0.0,0.0
2024-06-10,0.1078449046749279,1.06825285367268,0.7215457536088897,0.0,0.0
2024-06-11,0.1258969844883077,1.06825285367268,1.0436355363239964,0.0,0.0
2024-06-12,0.1344972227535743,1.06825285367268,1.1755663538343841,0.0,0.0
2024-06-13,0.1321017791119674,1.06825285367268,1.0908192756257424,0.0,0.0
2024-06-14,0.1479436827553613,1.06825285367268,1.35681235367615,0.0,0.0
2024-06-18,0.1533784936435474,1.06825285367268,1.4118304183334824,0.0,0.0
2024-06-19,0.16720515791196,1.06825285367268,1.620684861823018,0.0,0.0
2024-06-20,0.1622278511399795,1.06825285367268,1.4659325880701433,0.0,0.0
2024-06-21,0.1543989002942005,1.06825285367268,1.2700625665632745,0.0,0.0
2024-06-24,0.1602496713281134,1.06825285367268,1.3443531799307442,0.0,0.0
2024-06-25,0.1776523676446304,1.06825285367268,1.6337901484904254,0.0,0.0
2024-06-26,0.1621824253355299,1.06825285367268,1.2928480959869357,0.0,0.0
2024-06-27,0.1399562265169001,1.06825285367268,0.8323703328326315,0.0,0.0
2024-06-28,0.1491442143565544,1.06825285367268,0.9903257339445,0.0,0.0
2024-07-01,0.158459647131604,1.06825285367268,1.1581023430498114,0.0,0.0
2024-07-02,0.1962374899139227,1.06825285367268,1.9190910182883956,0.0,0.0
2024-07-03,0.1934588538492834,1.06825285367268,1.7846392096534018,0.0,0.0
2024-07-04,0.1561439329287663,1.06825285367268,0.9523997111309526,0.0,0.0
2024-07-05,0.0983697339816727,1.06825285367268,-0.25063784447497117,0.0,0.0
2024-07-08,0.0903151868894589,1.06825285367268,-0.4293267115876884,0.0,0.0
2024-07-09,0.094106629827193,1.06825285367268,-0.36550253197793975,0.0,0.0
2024-07-10,0.0981883143103781,1.06825285367268,-0.2934142109874511,0.0,0.0
2024-07-11,0.0870835976942236,1.06825285367268,-0.5612095191054515,0.0,0.0
2024-07-12,0.0943452866338541,1.06825285367268,-0.44016354296853355,0.0,0.0
2024-07-15,0.0877572279913767,1.06825285367268,-0.6347481444589959,0.0,0.0
2024-07-16,0.1087046434136622,1.06825285367268,-0.18560003528213836,0.0,0.0
2024-07-18,0.093026245223359,1.06825285367268,-0.6075676060986207,0.0,0.0
2024-07-19,0.0902165053311652,1.06825285367268,-0.710946324306253,0.0,0.0
2024-07-22,0.1501482010579495,1.06825285367268,0.786483836048383,0.0,0.0
2024-07-23,0.1284598559861205,1.06825285367268,0.17513640734500183,0.0,0.0
2024-07-24,0.133351037966082,1.06825285367268,0.2796620741036158,0.0,0.0
2024-07-25,0.1235792710268128,1.06825285367268,-0.021877759831939996,0.0,0.0
2024-07-26,0.1014989574277391,1.06825285367268,-0.685593364078873,0.0,0.0
2024-07-29,0.1051847038872733,1.06825285367268,-0.5520764458430005,0.0,0.0
2024-07-30,0.1163602749677812,1.06825285367268,-0.1905201644324294,0.0,0.0
2024-07-31,0.1035245661852108,1.06825285367268,-0.5663881794291318,0.0,0.0
2024-08-01,0.1267387848187589,1.06825285367268,0.2271896727447585,0.0,0.0
2024-08-02,0.1326633454618484,1.06825285367268,0.4371937629729905,0.0,0.0
2024-08-05,0.123956257881324,1.06825285367268,0.14062164798129,0.0,0.0
2024-08-06,0.1167791691559747,1.06825285367268,-0.1100377748688119,0.0,0.0
2024-08-07,0.1269962307554974,1.06825285367268,0.2154562817292619,0.0,0.0
2024-08-08,0.1410405062828941,1.06825285367268,0.6782602805545536,0.0,0.0
2024-08-09,0.1474654546413507,1.06825285367268,0.8747315400238768,0.0,0.0
2024-08-12,0.15169766183475,1.06825285367268,0.9907742438334219,0.0,0.0
2024-08-13,0.1292480920734702,1.06825285367268,0.1945739372094967,0.0,0.0
2024-08-14,0.1346466742618179,1.06825285367268,0.359100779909156,0.0,0.0
2024-08-16,0.1318285623790211,1.06825285367268,0.23291667945054126,0.0,0.0
2024-08-19,0.1290600643022479,1.06825285367268,0.10152668045157914,0.0,0.0
2024-08-20,0.1183484207196858,1.06825285367268,-0.34099493026383365,0.0,0.0
2024-08-21,0.1067455805884254,1.06825285367268,-0.8214446688553836,0.0,0.0
2024-08-22,0.1050967777420472,1.06825285367268,-0.8872666706600496,0.0,0.0
2024-08-23,0.1033126588598527,1.06825285367268,-0.9539553222024919,0.0,0.0
2024-08-26,0.1156763782640393,1.06825285367268,-0.46347878858614067,0.0,0.0
2024-08-27,0.1197404871453686,1.06825285367268,-0.311027201966145,0.0,0.0
2024-08-28,0.1265055040504954,1.06825285367268,-0.05346216907118755,0.0,0.0
2024-08-29,0.1358027114044464,1.06825285367268,0.31003402386252576,0.0,0.0
2024-08-30,0.1326636298720487,1.06825285367268,0.18522604422159883,0.0,0.0
2024-09-02,0.1268964673071,1.06825285367268,-0.04426404010363759,0.0,0.0
2024-09-03,0.1311403321429747,1.06825285367268,0.11555101657466178,0.0,0.0
2024-09-04,0.133854528231434,1.06825285367268,0.21033251034179365,0.0,0.0
2024-09-05,0.1395843926050215,1.06825285367268,0.42043487516201117,0.0,0.0
2024-09-06,0.1427290290504448,1.06825285367268,0.5252460615775905,0.0,0.0
2024-09-09,0.1329171728665859,1.06825285367268,0.12784734616769317,0.0,0.0
2024-09-10,0.1343876982822394,1.06825285367268,0.18665470781945515,0.0,0.0
2024-09-11,0.1318739172557634,1.06825285367268,0.08641660191486102,0.0,0.0
2024-09-12,0.1230212292142578,1.06825285367268,-0.25176151490948945,0.0,0.0
2024-09-13,0.126789541622073,1.06825285367268,-0.08380833176524988,0.0,0.0
2024-09-16,0.1233796943069833,1.06825285367268,-0.19646143098273944,0.0,0.0
2024-09-17,0.1131754631221655,1.06825285367268,-0.5935557921955473,0.0,0.0
2024-09-18,0.1326634112041755,1.06825285367268,0.23975538855614525,0.0,0.0
2024-09-19,0.1221501361714727,1.06825285367268,-0.18073225396804518,0.0,0.0
2024-09-20,0.1226934917712618,1.06825285367268,-0.12381540853031345,0.0,0.0
2024-09-23,0.1165125341737276,1.06825285367268,-0.3754191224394526,0.0,0.0
2024-09-24,0.1322902610050054,1.06825285367268,0.35379633079870026,0.0,0.0
2024-09-25,0.1479068257943403,1.06825285367268,1.0822541641016277,0.0,0.0
2024-09-26,0.1479033578481692,1.06825285367268,1.1021116511773257,0.0,0.0
2024-09-27,0.1473779887334245,1.06825285367268,1.223054142465395,0.0,0.0
2024-09-30,0.1461616937652508,1.06825285367268,1.333936008906843,0.0,0.0
2024-10-01,0.1282138178666612,1.06825285367268,0.33985082245842474,0.0,0.0
2024-10-03,0.1349408162878402,1.06825285367268,0.7063009895865978,0.0,0.0
2024-10-04,0.1284764711605079,1.06825285367268,0.296429014778222,0.0,0.0
2024-10-07,0.115272805044861,1.06825285367268,-0.5385984629750399,0.0,0.0
2024-10-08,0.1277991293736811,1.06825285367268,0.21458654189581483,0.0,0.0
2024-10-09,0.1184394468736638,1.06825285367268,-0.4321739928452935,0.0,0.0
2024-10-10,0.0924309901123461,1.06825285367268,-2.237012210409353,1.0,0.0
2024-10-11,0.0819686929631569,1.06825285367268,-2.990071866101281,1.0,1.0
2024-10-14,0.0881946716683224,1.06825285367268,-2.3840194365133724,1.0,1.0
2024-10-15,0.0945795177368316,1.06825285367268,-1.9432897396469078,1.0,1.0
2024-10-16,0.1145370065344417,1.06825285367268,-0.679397892489679,1.0,1.0
2024-10-17,0.1057602316464256,1.06825285367268,-1.2312046785738544,1.0,1.0
2024-10-18,0.106942449703995,1.06825285367268,-1.1152697559254416,1.0,1.0
2024-10-21,0.1822019832545631,1.06825285367268,3.780992859526762,0.0,1.0
2024-10-22,0.1896505441865441,1.06825285367268,3.773385200397445,-1.0,0.0
2024-10-23,0.1991547719032071,1.06825285367268,3.864815191070839,-1.0,-1.0
2024-10-24,0.210491534174757,1.06825285367268,3.958189597344849,-1.0,-1.0
2024-10-25,0.202889365706647,1.06825285367268,3.142178361870931,-1.0,-1.0
2024-10-28,0.2091348788756262,1.06825285367268,3.123714339112118,-1.0,-1.0
2024-10-29,0.2129611737979893,1.06825285367268,2.988824942139823,-1.0,-1.0
2024-10-30,0.2187160841257522,1.06825285367268,2.9410302329952307,-1.0,-1.0
2024-10-31,0.2215077371101568,1.06825285367268,2.791688112840419,-1.0,-1.0
2024-11-01,0.2142531649120957,1.06825285367268,2.3598813246323864,-1.0,-1.0
2024-11-04,0.2100655874555119,1.06825285367268,2.094640855268373,-1.0,-1.0
2024-11-05,0.2182329216316185,1.06825285367268,2.219951830501739,-1.0,-1.0
2024-11-06,0.2134445815428591,1.06825285367268,1.9727522976774976,-1.0,-1.0
2024-11-07,0.2180334604907967,1.06825285367268,2.006419155235849,-1.0,-1.0
2024-11-08,0.2232193896912768,1.06825285367268,2.038802403076717,-1.0,-1.0
2024-11-11,0.2310529914497054,1.06825285367268,2.1293998625551804,-1.0,-1.0
2024-11-12,0.2173768319093971,1.06825285367268,1.6904121076228271,-1.0,-1.0
2024-11-13,0.2167224776682079,1.06825285367268,1.6046387157288604,-1.0,-1.0
2024-11-14,0.2108648725051951,1.06825285367268,1.4062123501511843,-1.0,-1.0
2024-11-18,0.2088859472073982,1.06825285367268,1.3109081666591476,-1.0,-1.0
2024-11-19,0.2273436238360577,1.06825285367268,1.683495301251245,-1.0,-1.0
2024-11-21,0.2209752606285988,1.06825285367268,1.4747366932211448,-1.0,-1.0
2024-11-22,0.2086287669218869,1.06825285367268,1.1468973106911489,-1.0,-1.0
2024-11-25,0.2136616788410732,1.06825285367268,1.2194092479518588,-1.0,-1.0
2024-11-26,0.2179074850225033,1.06825285367268,1.2707850895025472,-1.0,-1.0
2024-11-27,0.2330174105894187,1.06825285367268,1.55380364294827,-1.0,-1.0
2024-11-28,0.2368697063465168,1.06825285367268,1.5749132299516406,-1.0,-1.0
2024-11-29,0.2348183355791882,1.06825285367268,1.4700273485954092,-1.0,-1.0
2024-12-02,0.2464830306605732,1.06825285367268,1.6557076886380973,-1.0,-1.0
2024-12-03,0.2608502186566639,1.06825285367268,1.8788073984124702,-1.0,-1.0
2024-12-04,0.2745588629879325,1.06825285367268,2.0623336592591532,-1.0,-1.0
2024-12-05,0.2669172376862683,1.06825285367268,1.8098768232674143,-1.0,-1.0
2024-12-06,0.2605141217067306,1.06825285367268,1.6095193442399425,-1.0,-1.0
2024-12-09,0.2625334462882565,1.06825285367268,1.5823037777640507,-1.0,-1.0
2024-12-10,0.2564753827209305,1.06825285367268,1.4100107132110087,-1.0,-1.0
2024-12-11,0.2537952905372398,1.06825285367268,1.3113665073868666,-1.0,-1.0
2024-12-12,0.2673158614003643,1.06825285367268,1.5085703195486844,-1.0,-1.0
2024-12-13,0.2519294982501483,1.06825285367268,1.1794091577909478,-1.0,-1.0
2024-12-16,0.2491340202204499,1.06825285367268,1.091986854336858,-1.0,-1.0
2024-12-17,0.2440019938795945,1.06825285367268,0.9645564323410792,-1.0,-1.0
2024-12-18,0.2340528818429073,1.06825285367268,0.7549139158498408,-1.0,-1.0
2024-12-19,0.2353052277988387,1.06825285367268,0.7507098480781543,-1.0,-1.0
2024-12-20,0.2342683429398251,1.06825285367268,0.7049795217735335,-1.0,-1.0
2024-12-23,0.2496815196403226,1.06825285367268,0.9634483472521708,-1.0,-1.0
2024-12-24,0.2458077312166224,1.06825285367268,0.8604515172403289,-1.0,-1.0
2024-12-26,0.2394238140297169,1.06825285367268,0.713887354654465,-1.0,-1.0
2024-12-27,0.2392847521326251,1.06825285367268,0.6859597869030153,-1.0,-1.0
2024-12-30,0.2396221633249888,1.06825285367268,0.667192068407239,-1.0,-1.0
